2025-06-28 08:47:20 [Thread-1] INFO  mpp2025.service.AppService - Login attempt for username: mihai
2025-06-28 08:47:20 [Thread-1] INFO  org.hibernate.Version - HHH000412: Hibernate ORM core version 6.4.4.Final
2025-06-28 08:47:21 [Thread-1] INFO  o.h.c.i.RegionFactoryInitiator - HHH000026: Second-level cache disabled
2025-06-28 08:47:21 [Thread-1] WARN  o.hibernate.orm.connections.pooling - HHH10001002: Using built-in connection pool (not intended for production use)
2025-06-28 08:47:21 [Thread-1] INFO  o.hibernate.orm.connections.pooling - HHH10001010: No JDBC driver class specified by hibernate.connection.driver_class
2025-06-28 08:47:21 [Thread-1] INFO  o.hibernate.orm.connections.pooling - HHH10001011: Loaded JDBC drivers: org.h2.Driver, org.sqlite.JDBC
2025-06-28 08:47:21 [Thread-1] INFO  o.hibernate.orm.connections.pooling - HHH10001012: Connecting with JDBC URL [jdbc:sqlite:C:\Users\razva\Desktop\Trivia\backend\JocTriviaMPP]
2025-06-28 08:47:21 [Thread-1] INFO  o.hibernate.orm.connections.pooling - HHH10001001: Connection properties: {}
2025-06-28 08:47:21 [Thread-1] INFO  o.hibernate.orm.connections.pooling - HHH10001003: Autocommit mode: false
2025-06-28 08:47:21 [Thread-1] INFO  o.hibernate.orm.connections.pooling - HHH10001115: Connection pool size: 20 (min=1)
2025-06-28 08:47:21 [Thread-1] INFO  o.h.validator.internal.util.Version - HV000001: Hibernate Validator 8.0.0.Final
2025-06-28 08:47:22 [Thread-1] INFO  o.h.e.t.j.p.i.JtaPlatformInitiator - HHH000489: No JTA platform available (set 'hibernate.transaction.jta.platform' to enable JTA platform integration)
2025-06-28 08:47:22 [Thread-1] INFO  o.hibernate.orm.connections.access - HHH10001501: Connection obtained from JdbcConnectionAccess [org.hibernate.engine.jdbc.env.internal.JdbcEnvironmentInitiator$ConnectionProviderJdbcConnectionAccess@2c1f3188] for (non-JTA) DDL execution was not in auto-commit mode; the Connection 'local transaction' will be committed and the Connection will be set into auto-commit mode.
2025-06-28 08:47:22 [Thread-1] INFO  mpp2025.service.AppService - Login successful for username: mihai
2025-06-28 08:47:22 [Thread-1] INFO  mpp2025.service.AppService - Get all games requestmpp2025.utils.GetAllGamesRequest@6c7ac87b
2025-06-28 09:03:23 [Thread-1] INFO  mpp2025.service.AppService - Login attempt for username: mihai
2025-06-28 09:03:23 [Thread-1] INFO  org.hibernate.Version - HHH000412: Hibernate ORM core version 6.4.4.Final
2025-06-28 09:03:23 [Thread-1] INFO  o.h.c.i.RegionFactoryInitiator - HHH000026: Second-level cache disabled
2025-06-28 09:03:23 [Thread-1] WARN  o.hibernate.orm.connections.pooling - HHH10001002: Using built-in connection pool (not intended for production use)
2025-06-28 09:03:23 [Thread-1] INFO  o.hibernate.orm.connections.pooling - HHH10001010: No JDBC driver class specified by hibernate.connection.driver_class
2025-06-28 09:03:23 [Thread-1] INFO  o.hibernate.orm.connections.pooling - HHH10001011: Loaded JDBC drivers: org.h2.Driver, org.sqlite.JDBC
2025-06-28 09:03:23 [Thread-1] INFO  o.hibernate.orm.connections.pooling - HHH10001012: Connecting with JDBC URL [jdbc:sqlite:C:\Users\razva\Desktop\Trivia\backend\JocTriviaMPP]
2025-06-28 09:03:23 [Thread-1] INFO  o.hibernate.orm.connections.pooling - HHH10001001: Connection properties: {}
2025-06-28 09:03:23 [Thread-1] INFO  o.hibernate.orm.connections.pooling - HHH10001003: Autocommit mode: false
2025-06-28 09:03:23 [Thread-1] INFO  o.hibernate.orm.connections.pooling - HHH10001115: Connection pool size: 20 (min=1)
2025-06-28 09:03:23 [Thread-1] INFO  o.h.validator.internal.util.Version - HV000001: Hibernate Validator 8.0.0.Final
2025-06-28 09:03:24 [Thread-1] INFO  o.h.e.t.j.p.i.JtaPlatformInitiator - HHH000489: No JTA platform available (set 'hibernate.transaction.jta.platform' to enable JTA platform integration)
2025-06-28 09:03:24 [Thread-1] INFO  o.hibernate.orm.connections.access - HHH10001501: Connection obtained from JdbcConnectionAccess [org.hibernate.engine.jdbc.env.internal.JdbcEnvironmentInitiator$ConnectionProviderJdbcConnectionAccess@2e912f54] for (non-JTA) DDL execution was not in auto-commit mode; the Connection 'local transaction' will be committed and the Connection will be set into auto-commit mode.
2025-06-28 09:03:24 [Thread-1] INFO  mpp2025.service.AppService - Login successful for username: mihai
2025-06-28 09:03:24 [Thread-1] INFO  mpp2025.service.AppService - Get all games requestmpp2025.utils.GetAllGamesRequest@3651faea
2025-06-28 09:11:33 [Thread-1] INFO  mpp2025.service.AppService - Login attempt for username: mihai
2025-06-28 09:11:33 [Thread-1] INFO  org.hibernate.Version - HHH000412: Hibernate ORM core version 6.4.4.Final
2025-06-28 09:11:33 [Thread-1] INFO  o.h.c.i.RegionFactoryInitiator - HHH000026: Second-level cache disabled
2025-06-28 09:11:33 [Thread-1] WARN  o.hibernate.orm.connections.pooling - HHH10001002: Using built-in connection pool (not intended for production use)
2025-06-28 09:11:33 [Thread-1] INFO  o.hibernate.orm.connections.pooling - HHH10001010: No JDBC driver class specified by hibernate.connection.driver_class
2025-06-28 09:11:33 [Thread-1] INFO  o.hibernate.orm.connections.pooling - HHH10001011: Loaded JDBC drivers: org.h2.Driver, org.sqlite.JDBC
2025-06-28 09:11:33 [Thread-1] INFO  o.hibernate.orm.connections.pooling - HHH10001012: Connecting with JDBC URL [jdbc:sqlite:C:\Users\razva\Desktop\Trivia\backend\JocTriviaMPP]
2025-06-28 09:11:33 [Thread-1] INFO  o.hibernate.orm.connections.pooling - HHH10001001: Connection properties: {}
2025-06-28 09:11:33 [Thread-1] INFO  o.hibernate.orm.connections.pooling - HHH10001003: Autocommit mode: false
2025-06-28 09:11:33 [Thread-1] INFO  o.hibernate.orm.connections.pooling - HHH10001115: Connection pool size: 20 (min=1)
2025-06-28 09:11:34 [Thread-1] INFO  o.h.validator.internal.util.Version - HV000001: Hibernate Validator 8.0.0.Final
2025-06-28 09:11:34 [Thread-1] INFO  o.h.e.t.j.p.i.JtaPlatformInitiator - HHH000489: No JTA platform available (set 'hibernate.transaction.jta.platform' to enable JTA platform integration)
2025-06-28 09:11:34 [Thread-1] INFO  o.hibernate.orm.connections.access - HHH10001501: Connection obtained from JdbcConnectionAccess [org.hibernate.engine.jdbc.env.internal.JdbcEnvironmentInitiator$ConnectionProviderJdbcConnectionAccess@2e912f54] for (non-JTA) DDL execution was not in auto-commit mode; the Connection 'local transaction' will be committed and the Connection will be set into auto-commit mode.
2025-06-28 09:11:34 [Thread-1] INFO  mpp2025.service.AppService - Login successful for username: mihai
2025-06-28 09:11:35 [Thread-1] INFO  mpp2025.service.AppService - Get all questions requestmpp2025.utils.GetAllQuestionsRequest@3651faea
2025-06-28 09:11:35 [Thread-1] INFO  mpp2025.service.AppService - Get all games requestmpp2025.utils.GetAllGamesRequest@1f062e4c
2025-06-28 09:14:01 [Thread-1] INFO  mpp2025.service.AppService - Login attempt for username: mihai
2025-06-28 09:14:01 [Thread-1] INFO  org.hibernate.Version - HHH000412: Hibernate ORM core version 6.4.4.Final
2025-06-28 09:14:01 [Thread-1] INFO  o.h.c.i.RegionFactoryInitiator - HHH000026: Second-level cache disabled
2025-06-28 09:14:01 [Thread-1] WARN  o.hibernate.orm.connections.pooling - HHH10001002: Using built-in connection pool (not intended for production use)
2025-06-28 09:14:01 [Thread-1] INFO  o.hibernate.orm.connections.pooling - HHH10001010: No JDBC driver class specified by hibernate.connection.driver_class
2025-06-28 09:14:01 [Thread-1] INFO  o.hibernate.orm.connections.pooling - HHH10001011: Loaded JDBC drivers: org.h2.Driver, org.sqlite.JDBC
2025-06-28 09:14:01 [Thread-1] INFO  o.hibernate.orm.connections.pooling - HHH10001012: Connecting with JDBC URL [jdbc:sqlite:C:\Users\razva\Desktop\Trivia\backend\JocTriviaMPP]
2025-06-28 09:14:01 [Thread-1] INFO  o.hibernate.orm.connections.pooling - HHH10001001: Connection properties: {}
2025-06-28 09:14:01 [Thread-1] INFO  o.hibernate.orm.connections.pooling - HHH10001003: Autocommit mode: false
2025-06-28 09:14:01 [Thread-1] INFO  o.hibernate.orm.connections.pooling - HHH10001115: Connection pool size: 20 (min=1)
2025-06-28 09:14:02 [Thread-1] INFO  o.h.validator.internal.util.Version - HV000001: Hibernate Validator 8.0.0.Final
2025-06-28 09:14:02 [Thread-1] INFO  o.h.e.t.j.p.i.JtaPlatformInitiator - HHH000489: No JTA platform available (set 'hibernate.transaction.jta.platform' to enable JTA platform integration)
2025-06-28 09:14:02 [Thread-1] INFO  o.hibernate.orm.connections.access - HHH10001501: Connection obtained from JdbcConnectionAccess [org.hibernate.engine.jdbc.env.internal.JdbcEnvironmentInitiator$ConnectionProviderJdbcConnectionAccess@2e912f54] for (non-JTA) DDL execution was not in auto-commit mode; the Connection 'local transaction' will be committed and the Connection will be set into auto-commit mode.
2025-06-28 09:14:02 [Thread-1] INFO  mpp2025.service.AppService - Login successful for username: mihai
2025-06-28 09:14:02 [Thread-1] INFO  mpp2025.service.AppService - Get all questions requestmpp2025.utils.GetAllQuestionsRequest@3651faea
2025-06-28 09:14:02 [Thread-1] INFO  mpp2025.service.AppService - Get all games requestmpp2025.utils.GetAllGamesRequest@1f062e4c
2025-06-28 09:14:04 [Thread-1] INFO  mpp2025.service.AppService - Get all questions requestmpp2025.utils.GetAllQuestionsRequest@63b9c9
2025-06-28 09:14:08 [Thread-1] INFO  mpp2025.service.AppService - Get all questions requestmpp2025.utils.GetAllQuestionsRequest@110fa2e4
2025-06-28 09:14:09 [Thread-1] INFO  mpp2025.service.AppService - Get all questions requestmpp2025.utils.GetAllQuestionsRequest@5c88d222
2025-06-28 09:14:10 [Thread-1] INFO  mpp2025.service.AppService - Get all questions requestmpp2025.utils.GetAllQuestionsRequest@9d8c8df
2025-06-28 09:14:11 [Thread-1] INFO  mpp2025.service.AppService - Get all questions requestmpp2025.utils.GetAllQuestionsRequest@266ca512
2025-06-28 09:14:11 [Thread-1] INFO  mpp2025.service.AppService - Get all questions requestmpp2025.utils.GetAllQuestionsRequest@57c60e8c
2025-06-28 09:14:12 [Thread-1] INFO  mpp2025.service.AppService - Get all questions requestmpp2025.utils.GetAllQuestionsRequest@3ae3789b
2025-06-28 09:14:13 [Thread-1] INFO  mpp2025.service.AppService - Get all questions requestmpp2025.utils.GetAllQuestionsRequest@407a6a86
2025-06-28 09:14:13 [Thread-1] INFO  mpp2025.service.AppService - Get all questions requestmpp2025.utils.GetAllQuestionsRequest@260e252f
2025-06-28 09:17:21 [background-preinit] INFO  o.h.validator.internal.util.Version - HV000001: Hibernate Validator 8.0.0.Final
2025-06-28 09:17:21 [main] INFO  mpp2025.practic.PracticApp - Starting PracticApp using Java 21.0.7 with PID 14180 (C:\Users\razva\Desktop\Trivia\build\classes\java\main started by razva in C:\Users\razva\Desktop\Trivia)
2025-06-28 09:17:21 [main] INFO  mpp2025.practic.PracticApp - No active profile set, falling back to 1 default profile: "default"
2025-06-28 09:17:22 [main] INFO  o.s.b.w.e.tomcat.TomcatWebServer - Tomcat initialized with port 8080 (http)
2025-06-28 09:17:22 [main] INFO  o.a.coyote.http11.Http11NioProtocol - Initializing ProtocolHandler ["http-nio-8080"]
2025-06-28 09:17:22 [main] INFO  o.a.catalina.core.StandardService - Starting service [Tomcat]
2025-06-28 09:17:22 [main] INFO  o.a.catalina.core.StandardEngine - Starting Servlet engine: [Apache Tomcat/10.1.20]
2025-06-28 09:17:22 [main] INFO  o.a.c.c.C.[Tomcat].[localhost].[/] - Initializing Spring embedded WebApplicationContext
2025-06-28 09:17:22 [main] INFO  o.s.b.w.s.c.ServletWebServerApplicationContext - Root WebApplicationContext: initialization completed in 694 ms
2025-06-28 09:17:22 [main] INFO  o.a.coyote.http11.Http11NioProtocol - Starting ProtocolHandler ["http-nio-8080"]
2025-06-28 09:17:22 [main] INFO  o.s.b.w.e.tomcat.TomcatWebServer - Tomcat started on port 8080 (http) with context path ''
2025-06-28 09:17:22 [main] INFO  mpp2025.practic.PracticApp - Started PracticApp in 1.252 seconds (process running for 1.792)
2025-06-28 09:17:27 [http-nio-8080-exec-1] INFO  o.a.c.c.C.[Tomcat].[localhost].[/] - Initializing Spring DispatcherServlet 'dispatcherServlet'
2025-06-28 09:17:27 [http-nio-8080-exec-1] INFO  o.s.web.servlet.DispatcherServlet - Initializing Servlet 'dispatcherServlet'
2025-06-28 09:17:27 [http-nio-8080-exec-1] INFO  o.s.web.servlet.DispatcherServlet - Completed initialization in 1 ms
2025-06-28 09:17:27 [Thread-1] INFO  mpp2025.service.AppService - Get all games requestmpp2025.utils.GetAllGamesRequest@1eba3fcb
2025-06-28 09:17:27 [Thread-1] INFO  org.hibernate.Version - HHH000412: Hibernate ORM core version 6.4.4.Final
2025-06-28 09:17:28 [Thread-1] INFO  o.h.c.i.RegionFactoryInitiator - HHH000026: Second-level cache disabled
2025-06-28 09:17:28 [Thread-1] WARN  o.hibernate.orm.connections.pooling - HHH10001002: Using built-in connection pool (not intended for production use)
2025-06-28 09:17:28 [Thread-1] INFO  o.hibernate.orm.connections.pooling - HHH10001010: No JDBC driver class specified by hibernate.connection.driver_class
2025-06-28 09:17:28 [Thread-1] INFO  o.hibernate.orm.connections.pooling - HHH10001011: Loaded JDBC drivers: org.h2.Driver, org.sqlite.JDBC
2025-06-28 09:17:28 [Thread-1] INFO  o.hibernate.orm.connections.pooling - HHH10001012: Connecting with JDBC URL [jdbc:sqlite:C:\Users\razva\Desktop\Trivia\backend\JocTriviaMPP]
2025-06-28 09:17:28 [Thread-1] INFO  o.hibernate.orm.connections.pooling - HHH10001001: Connection properties: {}
2025-06-28 09:17:28 [Thread-1] INFO  o.hibernate.orm.connections.pooling - HHH10001003: Autocommit mode: false
2025-06-28 09:17:28 [Thread-1] INFO  o.hibernate.orm.connections.pooling - HHH10001115: Connection pool size: 20 (min=1)
2025-06-28 09:17:28 [Thread-1] INFO  o.h.validator.internal.util.Version - HV000001: Hibernate Validator 8.0.0.Final
2025-06-28 09:17:29 [Thread-1] INFO  o.h.e.t.j.p.i.JtaPlatformInitiator - HHH000489: No JTA platform available (set 'hibernate.transaction.jta.platform' to enable JTA platform integration)
2025-06-28 09:17:29 [Thread-1] INFO  o.hibernate.orm.connections.access - HHH10001501: Connection obtained from JdbcConnectionAccess [org.hibernate.engine.jdbc.env.internal.JdbcEnvironmentInitiator$ConnectionProviderJdbcConnectionAccess@666145e2] for (non-JTA) DDL execution was not in auto-commit mode; the Connection 'local transaction' will be committed and the Connection will be set into auto-commit mode.
2025-06-28 09:19:03 [Thread-1] INFO  mpp2025.service.AppService - Login attempt for username: mihai
2025-06-28 09:19:03 [Thread-1] INFO  org.hibernate.Version - HHH000412: Hibernate ORM core version 6.4.4.Final
2025-06-28 09:19:04 [Thread-1] INFO  o.h.c.i.RegionFactoryInitiator - HHH000026: Second-level cache disabled
2025-06-28 09:19:04 [Thread-1] WARN  o.hibernate.orm.connections.pooling - HHH10001002: Using built-in connection pool (not intended for production use)
2025-06-28 09:19:04 [Thread-1] INFO  o.hibernate.orm.connections.pooling - HHH10001010: No JDBC driver class specified by hibernate.connection.driver_class
2025-06-28 09:19:04 [Thread-1] INFO  o.hibernate.orm.connections.pooling - HHH10001011: Loaded JDBC drivers: org.h2.Driver, org.sqlite.JDBC
2025-06-28 09:19:04 [Thread-1] INFO  o.hibernate.orm.connections.pooling - HHH10001012: Connecting with JDBC URL [jdbc:sqlite:C:\Users\razva\Desktop\Trivia\backend\JocTriviaMPP]
2025-06-28 09:19:04 [Thread-1] INFO  o.hibernate.orm.connections.pooling - HHH10001001: Connection properties: {}
2025-06-28 09:19:04 [Thread-1] INFO  o.hibernate.orm.connections.pooling - HHH10001003: Autocommit mode: false
2025-06-28 09:19:04 [Thread-1] INFO  o.hibernate.orm.connections.pooling - HHH10001115: Connection pool size: 20 (min=1)
2025-06-28 09:19:04 [Thread-1] INFO  o.h.validator.internal.util.Version - HV000001: Hibernate Validator 8.0.0.Final
2025-06-28 09:19:05 [Thread-1] INFO  o.h.e.t.j.p.i.JtaPlatformInitiator - HHH000489: No JTA platform available (set 'hibernate.transaction.jta.platform' to enable JTA platform integration)
2025-06-28 09:19:05 [Thread-1] INFO  o.hibernate.orm.connections.access - HHH10001501: Connection obtained from JdbcConnectionAccess [org.hibernate.engine.jdbc.env.internal.JdbcEnvironmentInitiator$ConnectionProviderJdbcConnectionAccess@2e912f54] for (non-JTA) DDL execution was not in auto-commit mode; the Connection 'local transaction' will be committed and the Connection will be set into auto-commit mode.
2025-06-28 09:19:05 [Thread-1] INFO  mpp2025.service.AppService - Login successful for username: mihai
2025-06-28 09:19:05 [Thread-1] INFO  mpp2025.service.AppService - Get all questions requestmpp2025.utils.GetAllQuestionsRequest@3651faea
2025-06-28 09:19:05 [Thread-1] INFO  mpp2025.service.AppService - Get all games requestmpp2025.utils.GetAllGamesRequest@1f062e4c
2025-06-28 09:19:10 [Thread-1] INFO  mpp2025.service.AppService - Get all questions requestmpp2025.utils.GetAllQuestionsRequest@c0dc7a5
2025-06-28 09:19:11 [Thread-1] INFO  mpp2025.service.AppService - Get all questions requestmpp2025.utils.GetAllQuestionsRequest@77f257c2
2025-06-28 09:19:13 [Thread-1] INFO  mpp2025.service.AppService - Get all questions requestmpp2025.utils.GetAllQuestionsRequest@3a64c1ed
2025-06-28 09:19:15 [Thread-1] INFO  mpp2025.service.AppService - Get all questions requestmpp2025.utils.GetAllQuestionsRequest@6501ea4d
2025-06-28 09:19:16 [Thread-1] INFO  mpp2025.service.AppService - Get all questions requestmpp2025.utils.GetAllQuestionsRequest@7818b6a9
2025-06-28 09:19:18 [Thread-1] INFO  mpp2025.service.AppService - Get all questions requestmpp2025.utils.GetAllQuestionsRequest@ab39587
2025-06-28 09:19:19 [Thread-1] INFO  mpp2025.service.AppService - Get all questions requestmpp2025.utils.GetAllQuestionsRequest@650d3141
2025-06-28 09:19:22 [Thread-1] INFO  mpp2025.service.AppService - Get all questions requestmpp2025.utils.GetAllQuestionsRequest@4a7d4ec4
2025-06-28 09:19:24 [Thread-1] INFO  mpp2025.service.AppService - Get all questions requestmpp2025.utils.GetAllQuestionsRequest@758be29e
2025-06-28 09:35:34 [Thread-1] INFO  mpp2025.service.AppService - Login attempt for username: mirel
2025-06-28 09:35:34 [Thread-1] INFO  org.hibernate.Version - HHH000412: Hibernate ORM core version 6.4.4.Final
2025-06-28 09:35:34 [Thread-1] INFO  o.h.c.i.RegionFactoryInitiator - HHH000026: Second-level cache disabled
2025-06-28 09:35:34 [Thread-1] WARN  o.hibernate.orm.connections.pooling - HHH10001002: Using built-in connection pool (not intended for production use)
2025-06-28 09:35:34 [Thread-1] INFO  o.hibernate.orm.connections.pooling - HHH10001010: No JDBC driver class specified by hibernate.connection.driver_class
2025-06-28 09:35:34 [Thread-1] INFO  o.hibernate.orm.connections.pooling - HHH10001011: Loaded JDBC drivers: org.h2.Driver, org.sqlite.JDBC
2025-06-28 09:35:34 [Thread-1] INFO  o.hibernate.orm.connections.pooling - HHH10001012: Connecting with JDBC URL [jdbc:sqlite:C:\Users\razva\Desktop\Trivia\backend\JocTriviaMPP]
2025-06-28 09:35:34 [Thread-1] INFO  o.hibernate.orm.connections.pooling - HHH10001001: Connection properties: {}
2025-06-28 09:35:34 [Thread-1] INFO  o.hibernate.orm.connections.pooling - HHH10001003: Autocommit mode: false
2025-06-28 09:35:35 [Thread-1] INFO  o.hibernate.orm.connections.pooling - HHH10001115: Connection pool size: 20 (min=1)
2025-06-28 09:35:35 [Thread-1] INFO  o.h.validator.internal.util.Version - HV000001: Hibernate Validator 8.0.0.Final
2025-06-28 09:35:35 [Thread-1] INFO  o.h.e.t.j.p.i.JtaPlatformInitiator - HHH000489: No JTA platform available (set 'hibernate.transaction.jta.platform' to enable JTA platform integration)
2025-06-28 09:35:35 [Thread-1] INFO  o.hibernate.orm.connections.access - HHH10001501: Connection obtained from JdbcConnectionAccess [org.hibernate.engine.jdbc.env.internal.JdbcEnvironmentInitiator$ConnectionProviderJdbcConnectionAccess@2e912f54] for (non-JTA) DDL execution was not in auto-commit mode; the Connection 'local transaction' will be committed and the Connection will be set into auto-commit mode.
2025-06-28 09:35:36 [Thread-1] INFO  mpp2025.service.AppService - Login successful for username: mirel
2025-06-28 09:35:36 [Thread-1] INFO  mpp2025.service.AppService - Get all questions requestmpp2025.utils.GetAllQuestionsRequest@3651faea
2025-06-28 09:35:36 [Thread-1] INFO  mpp2025.service.AppService - Get all games requestmpp2025.utils.GetAllGamesRequest@1f062e4c
2025-06-28 09:36:04 [Thread-1] INFO  mpp2025.service.AppService - Login attempt for username: mirel
2025-06-28 09:36:04 [Thread-1] INFO  org.hibernate.Version - HHH000412: Hibernate ORM core version 6.4.4.Final
2025-06-28 09:36:05 [Thread-1] INFO  o.h.c.i.RegionFactoryInitiator - HHH000026: Second-level cache disabled
2025-06-28 09:36:05 [Thread-1] WARN  o.hibernate.orm.connections.pooling - HHH10001002: Using built-in connection pool (not intended for production use)
2025-06-28 09:36:05 [Thread-1] INFO  o.hibernate.orm.connections.pooling - HHH10001010: No JDBC driver class specified by hibernate.connection.driver_class
2025-06-28 09:36:05 [Thread-1] INFO  o.hibernate.orm.connections.pooling - HHH10001011: Loaded JDBC drivers: org.h2.Driver, org.sqlite.JDBC
2025-06-28 09:36:05 [Thread-1] INFO  o.hibernate.orm.connections.pooling - HHH10001012: Connecting with JDBC URL [jdbc:sqlite:C:\Users\razva\Desktop\Trivia\backend\JocTriviaMPP]
2025-06-28 09:36:05 [Thread-1] INFO  o.hibernate.orm.connections.pooling - HHH10001001: Connection properties: {}
2025-06-28 09:36:05 [Thread-1] INFO  o.hibernate.orm.connections.pooling - HHH10001003: Autocommit mode: false
2025-06-28 09:36:05 [Thread-1] INFO  o.hibernate.orm.connections.pooling - HHH10001115: Connection pool size: 20 (min=1)
2025-06-28 09:36:05 [Thread-1] INFO  o.h.validator.internal.util.Version - HV000001: Hibernate Validator 8.0.0.Final
2025-06-28 09:36:06 [Thread-1] INFO  o.h.e.t.j.p.i.JtaPlatformInitiator - HHH000489: No JTA platform available (set 'hibernate.transaction.jta.platform' to enable JTA platform integration)
2025-06-28 09:36:06 [Thread-1] INFO  o.hibernate.orm.connections.access - HHH10001501: Connection obtained from JdbcConnectionAccess [org.hibernate.engine.jdbc.env.internal.JdbcEnvironmentInitiator$ConnectionProviderJdbcConnectionAccess@2e912f54] for (non-JTA) DDL execution was not in auto-commit mode; the Connection 'local transaction' will be committed and the Connection will be set into auto-commit mode.
2025-06-28 09:36:06 [Thread-1] INFO  mpp2025.service.AppService - Login successful for username: mirel
2025-06-28 09:36:06 [Thread-1] INFO  mpp2025.service.AppService - Get all questions requestmpp2025.utils.GetAllQuestionsRequest@3651faea
2025-06-28 09:36:06 [Thread-1] INFO  mpp2025.service.AppService - Get all games requestmpp2025.utils.GetAllGamesRequest@1f062e4c
2025-06-28 09:38:06 [Thread-1] INFO  mpp2025.service.AppService - Login attempt for username: mirel
2025-06-28 09:38:06 [Thread-1] INFO  org.hibernate.Version - HHH000412: Hibernate ORM core version 6.4.4.Final
2025-06-28 09:38:06 [Thread-1] INFO  o.h.c.i.RegionFactoryInitiator - HHH000026: Second-level cache disabled
2025-06-28 09:38:06 [Thread-1] WARN  o.hibernate.orm.connections.pooling - HHH10001002: Using built-in connection pool (not intended for production use)
2025-06-28 09:38:06 [Thread-1] INFO  o.hibernate.orm.connections.pooling - HHH10001010: No JDBC driver class specified by hibernate.connection.driver_class
2025-06-28 09:38:06 [Thread-1] INFO  o.hibernate.orm.connections.pooling - HHH10001011: Loaded JDBC drivers: org.h2.Driver, org.sqlite.JDBC
2025-06-28 09:38:06 [Thread-1] INFO  o.hibernate.orm.connections.pooling - HHH10001012: Connecting with JDBC URL [jdbc:sqlite:C:\Users\razva\Desktop\Trivia\backend\JocTriviaMPP]
2025-06-28 09:38:06 [Thread-1] INFO  o.hibernate.orm.connections.pooling - HHH10001001: Connection properties: {}
2025-06-28 09:38:06 [Thread-1] INFO  o.hibernate.orm.connections.pooling - HHH10001003: Autocommit mode: false
2025-06-28 09:38:06 [Thread-1] INFO  o.hibernate.orm.connections.pooling - HHH10001115: Connection pool size: 20 (min=1)
2025-06-28 09:38:07 [Thread-1] INFO  o.h.validator.internal.util.Version - HV000001: Hibernate Validator 8.0.0.Final
2025-06-28 09:38:07 [Thread-1] INFO  o.h.e.t.j.p.i.JtaPlatformInitiator - HHH000489: No JTA platform available (set 'hibernate.transaction.jta.platform' to enable JTA platform integration)
2025-06-28 09:38:07 [Thread-1] INFO  o.hibernate.orm.connections.access - HHH10001501: Connection obtained from JdbcConnectionAccess [org.hibernate.engine.jdbc.env.internal.JdbcEnvironmentInitiator$ConnectionProviderJdbcConnectionAccess@2e912f54] for (non-JTA) DDL execution was not in auto-commit mode; the Connection 'local transaction' will be committed and the Connection will be set into auto-commit mode.
2025-06-28 09:38:07 [Thread-1] INFO  mpp2025.service.AppService - Login successful for username: mirel
2025-06-28 09:38:07 [Thread-1] INFO  mpp2025.service.AppService - Get all questions requestmpp2025.utils.GetAllQuestionsRequest@3651faea
2025-06-28 09:38:07 [Thread-1] INFO  mpp2025.service.AppService - Get all games requestmpp2025.utils.GetAllGamesRequest@1f062e4c
2025-06-28 09:38:37 [Thread-1] INFO  mpp2025.service.AppService - Login attempt for username: mirel
2025-06-28 09:38:37 [Thread-1] INFO  org.hibernate.Version - HHH000412: Hibernate ORM core version 6.4.4.Final
2025-06-28 09:38:37 [Thread-1] INFO  o.h.c.i.RegionFactoryInitiator - HHH000026: Second-level cache disabled
2025-06-28 09:38:37 [Thread-1] WARN  o.hibernate.orm.connections.pooling - HHH10001002: Using built-in connection pool (not intended for production use)
2025-06-28 09:38:37 [Thread-1] INFO  o.hibernate.orm.connections.pooling - HHH10001010: No JDBC driver class specified by hibernate.connection.driver_class
2025-06-28 09:38:37 [Thread-1] INFO  o.hibernate.orm.connections.pooling - HHH10001011: Loaded JDBC drivers: org.h2.Driver, org.sqlite.JDBC
2025-06-28 09:38:37 [Thread-1] INFO  o.hibernate.orm.connections.pooling - HHH10001012: Connecting with JDBC URL [jdbc:sqlite:C:\Users\razva\Desktop\Trivia\backend\JocTriviaMPP]
2025-06-28 09:38:37 [Thread-1] INFO  o.hibernate.orm.connections.pooling - HHH10001001: Connection properties: {}
2025-06-28 09:38:37 [Thread-1] INFO  o.hibernate.orm.connections.pooling - HHH10001003: Autocommit mode: false
2025-06-28 09:38:37 [Thread-1] INFO  o.hibernate.orm.connections.pooling - HHH10001115: Connection pool size: 20 (min=1)
2025-06-28 09:38:38 [Thread-1] INFO  o.h.validator.internal.util.Version - HV000001: Hibernate Validator 8.0.0.Final
2025-06-28 09:38:38 [Thread-1] INFO  o.h.e.t.j.p.i.JtaPlatformInitiator - HHH000489: No JTA platform available (set 'hibernate.transaction.jta.platform' to enable JTA platform integration)
2025-06-28 09:38:38 [Thread-1] INFO  o.hibernate.orm.connections.access - HHH10001501: Connection obtained from JdbcConnectionAccess [org.hibernate.engine.jdbc.env.internal.JdbcEnvironmentInitiator$ConnectionProviderJdbcConnectionAccess@2e912f54] for (non-JTA) DDL execution was not in auto-commit mode; the Connection 'local transaction' will be committed and the Connection will be set into auto-commit mode.
2025-06-28 09:38:39 [Thread-1] INFO  mpp2025.service.AppService - Login successful for username: mirel
2025-06-28 09:38:39 [Thread-1] INFO  mpp2025.service.AppService - Get all questions requestmpp2025.utils.GetAllQuestionsRequest@3651faea
2025-06-28 09:38:39 [Thread-1] INFO  mpp2025.service.AppService - Get all games requestmpp2025.utils.GetAllGamesRequest@1f062e4c
2025-06-28 09:38:40 [Thread-1] INFO  mpp2025.service.AppService - Get all questions requestmpp2025.utils.GetAllQuestionsRequest@c0dc7a5
2025-06-28 09:38:42 [Thread-1] INFO  mpp2025.service.AppService - Get all questions requestmpp2025.utils.GetAllQuestionsRequest@77f257c2
2025-06-28 09:38:44 [Thread-1] INFO  mpp2025.service.AppService - Get all questions requestmpp2025.utils.GetAllQuestionsRequest@3a64c1ed
2025-06-28 09:38:45 [Thread-1] INFO  mpp2025.service.AppService - Get all questions requestmpp2025.utils.GetAllQuestionsRequest@6501ea4d
2025-06-28 09:38:47 [Thread-1] INFO  mpp2025.service.AppService - Get all questions requestmpp2025.utils.GetAllQuestionsRequest@7818b6a9
2025-06-28 09:40:44 [Thread-1] INFO  mpp2025.service.AppService - Login attempt for username: mihai
2025-06-28 09:40:44 [Thread-1] INFO  org.hibernate.Version - HHH000412: Hibernate ORM core version 6.4.4.Final
2025-06-28 09:40:44 [Thread-1] INFO  o.h.c.i.RegionFactoryInitiator - HHH000026: Second-level cache disabled
2025-06-28 09:40:44 [Thread-1] WARN  o.hibernate.orm.connections.pooling - HHH10001002: Using built-in connection pool (not intended for production use)
2025-06-28 09:40:44 [Thread-1] INFO  o.hibernate.orm.connections.pooling - HHH10001010: No JDBC driver class specified by hibernate.connection.driver_class
2025-06-28 09:40:44 [Thread-1] INFO  o.hibernate.orm.connections.pooling - HHH10001011: Loaded JDBC drivers: org.h2.Driver, org.sqlite.JDBC
2025-06-28 09:40:44 [Thread-1] INFO  o.hibernate.orm.connections.pooling - HHH10001012: Connecting with JDBC URL [jdbc:sqlite:C:\Users\razva\Desktop\Trivia\backend\JocTriviaMPP]
2025-06-28 09:40:44 [Thread-1] INFO  o.hibernate.orm.connections.pooling - HHH10001001: Connection properties: {}
2025-06-28 09:40:44 [Thread-1] INFO  o.hibernate.orm.connections.pooling - HHH10001003: Autocommit mode: false
2025-06-28 09:40:44 [Thread-1] INFO  o.hibernate.orm.connections.pooling - HHH10001115: Connection pool size: 20 (min=1)
2025-06-28 09:40:45 [Thread-1] INFO  o.h.validator.internal.util.Version - HV000001: Hibernate Validator 8.0.0.Final
2025-06-28 09:40:45 [Thread-1] INFO  o.h.e.t.j.p.i.JtaPlatformInitiator - HHH000489: No JTA platform available (set 'hibernate.transaction.jta.platform' to enable JTA platform integration)
2025-06-28 09:40:45 [Thread-1] INFO  o.hibernate.orm.connections.access - HHH10001501: Connection obtained from JdbcConnectionAccess [org.hibernate.engine.jdbc.env.internal.JdbcEnvironmentInitiator$ConnectionProviderJdbcConnectionAccess@2e912f54] for (non-JTA) DDL execution was not in auto-commit mode; the Connection 'local transaction' will be committed and the Connection will be set into auto-commit mode.
2025-06-28 09:40:45 [Thread-1] INFO  mpp2025.service.AppService - Login successful for username: mihai
2025-06-28 09:40:45 [Thread-1] INFO  mpp2025.service.AppService - Get all questions requestmpp2025.utils.GetAllQuestionsRequest@3651faea
2025-06-28 09:40:45 [Thread-1] INFO  mpp2025.service.AppService - Get all games requestmpp2025.utils.GetAllGamesRequest@1f062e4c
2025-06-28 09:40:47 [Thread-1] INFO  mpp2025.service.AppService - Get all questions requestmpp2025.utils.GetAllQuestionsRequest@c0dc7a5
2025-06-28 09:40:48 [Thread-1] INFO  mpp2025.service.AppService - Get all questions requestmpp2025.utils.GetAllQuestionsRequest@77f257c2
2025-06-28 09:40:50 [Thread-1] INFO  mpp2025.service.AppService - Get all questions requestmpp2025.utils.GetAllQuestionsRequest@3a64c1ed
2025-06-28 09:40:51 [Thread-1] INFO  mpp2025.service.AppService - Get all questions requestmpp2025.utils.GetAllQuestionsRequest@6501ea4d
2025-06-28 09:40:53 [Thread-1] INFO  mpp2025.service.AppService - Get all questions requestmpp2025.utils.GetAllQuestionsRequest@7818b6a9
2025-06-28 09:40:54 [Thread-1] INFO  mpp2025.service.AppService - Get all questions requestmpp2025.utils.GetAllQuestionsRequest@ab39587
2025-06-28 09:40:55 [Thread-1] INFO  mpp2025.service.AppService - Get all questions requestmpp2025.utils.GetAllQuestionsRequest@650d3141
2025-06-28 09:40:58 [Thread-1] INFO  mpp2025.service.AppService - Get all questions requestmpp2025.utils.GetAllQuestionsRequest@4a7d4ec4
2025-06-28 09:40:59 [Thread-1] INFO  mpp2025.service.AppService - Get all questions requestmpp2025.utils.GetAllQuestionsRequest@758be29e
2025-06-28 09:41:09 [Thread-1] INFO  mpp2025.service.AppService - Login attempt for username: mhai
2025-06-28 09:41:09 [Thread-1] INFO  org.hibernate.Version - HHH000412: Hibernate ORM core version 6.4.4.Final
2025-06-28 09:41:09 [Thread-1] INFO  o.h.c.i.RegionFactoryInitiator - HHH000026: Second-level cache disabled
2025-06-28 09:41:09 [Thread-1] WARN  o.hibernate.orm.connections.pooling - HHH10001002: Using built-in connection pool (not intended for production use)
2025-06-28 09:41:09 [Thread-1] INFO  o.hibernate.orm.connections.pooling - HHH10001010: No JDBC driver class specified by hibernate.connection.driver_class
2025-06-28 09:41:09 [Thread-1] INFO  o.hibernate.orm.connections.pooling - HHH10001011: Loaded JDBC drivers: org.h2.Driver, org.sqlite.JDBC
2025-06-28 09:41:09 [Thread-1] INFO  o.hibernate.orm.connections.pooling - HHH10001012: Connecting with JDBC URL [jdbc:sqlite:C:\Users\razva\Desktop\Trivia\backend\JocTriviaMPP]
2025-06-28 09:41:09 [Thread-1] INFO  o.hibernate.orm.connections.pooling - HHH10001001: Connection properties: {}
2025-06-28 09:41:09 [Thread-1] INFO  o.hibernate.orm.connections.pooling - HHH10001003: Autocommit mode: false
2025-06-28 09:41:09 [Thread-1] INFO  o.hibernate.orm.connections.pooling - HHH10001115: Connection pool size: 20 (min=1)
2025-06-28 09:41:10 [Thread-1] INFO  o.h.validator.internal.util.Version - HV000001: Hibernate Validator 8.0.0.Final
2025-06-28 09:41:10 [Thread-1] INFO  o.h.e.t.j.p.i.JtaPlatformInitiator - HHH000489: No JTA platform available (set 'hibernate.transaction.jta.platform' to enable JTA platform integration)
2025-06-28 09:41:10 [Thread-1] INFO  o.hibernate.orm.connections.access - HHH10001501: Connection obtained from JdbcConnectionAccess [org.hibernate.engine.jdbc.env.internal.JdbcEnvironmentInitiator$ConnectionProviderJdbcConnectionAccess@2e912f54] for (non-JTA) DDL execution was not in auto-commit mode; the Connection 'local transaction' will be committed and the Connection will be set into auto-commit mode.
2025-06-28 09:41:10 [Thread-1] WARN  mpp2025.service.AppService - Login failed: no user found for username mhai
2025-06-28 09:41:14 [Thread-1] INFO  mpp2025.service.AppService - Login attempt for username: mihai
2025-06-28 09:41:14 [Thread-1] INFO  mpp2025.service.AppService - Login successful for username: mihai
2025-06-28 09:41:14 [Thread-1] INFO  mpp2025.service.AppService - Get all questions requestmpp2025.utils.GetAllQuestionsRequest@416fbbe6
2025-06-28 09:41:14 [Thread-1] INFO  mpp2025.service.AppService - Get all games requestmpp2025.utils.GetAllGamesRequest@c14021a
2025-06-28 09:41:16 [Thread-1] INFO  mpp2025.service.AppService - Get all questions requestmpp2025.utils.GetAllQuestionsRequest@1d115e1c
2025-06-28 09:41:17 [Thread-1] INFO  mpp2025.service.AppService - Get all questions requestmpp2025.utils.GetAllQuestionsRequest@2e115123
2025-06-28 09:41:18 [Thread-1] INFO  mpp2025.service.AppService - Get all questions requestmpp2025.utils.GetAllQuestionsRequest@396e142f
2025-06-28 09:41:20 [Thread-1] INFO  mpp2025.service.AppService - Get all questions requestmpp2025.utils.GetAllQuestionsRequest@68e2ced9
2025-06-28 09:41:21 [Thread-1] INFO  mpp2025.service.AppService - Get all questions requestmpp2025.utils.GetAllQuestionsRequest@57c66a93
2025-06-28 09:41:23 [Thread-1] INFO  mpp2025.service.AppService - Get all questions requestmpp2025.utils.GetAllQuestionsRequest@2e857002
2025-06-28 09:41:24 [Thread-1] INFO  mpp2025.service.AppService - Get all questions requestmpp2025.utils.GetAllQuestionsRequest@5f6e5831
2025-06-28 09:41:25 [Thread-1] INFO  mpp2025.service.AppService - Get all questions requestmpp2025.utils.GetAllQuestionsRequest@5ac44bd3
2025-06-28 09:45:10 [background-preinit] INFO  o.h.validator.internal.util.Version - HV000001: Hibernate Validator 8.0.0.Final
2025-06-28 09:45:10 [main] INFO  mpp2025.practic.PracticApp - Starting PracticApp using Java 21.0.7 with PID 55104 (C:\Users\razva\Desktop\Trivia\build\classes\java\main started by razva in C:\Users\razva\Desktop\Trivia)
2025-06-28 09:45:10 [main] INFO  mpp2025.practic.PracticApp - No active profile set, falling back to 1 default profile: "default"
2025-06-28 09:45:11 [main] INFO  o.s.b.w.e.tomcat.TomcatWebServer - Tomcat initialized with port 8080 (http)
2025-06-28 09:45:11 [main] INFO  o.a.coyote.http11.Http11NioProtocol - Initializing ProtocolHandler ["http-nio-8080"]
2025-06-28 09:45:11 [main] INFO  o.a.catalina.core.StandardService - Starting service [Tomcat]
2025-06-28 09:45:11 [main] INFO  o.a.catalina.core.StandardEngine - Starting Servlet engine: [Apache Tomcat/10.1.20]
2025-06-28 09:45:11 [main] INFO  o.a.c.c.C.[Tomcat].[localhost].[/] - Initializing Spring embedded WebApplicationContext
2025-06-28 09:45:11 [main] INFO  o.s.b.w.s.c.ServletWebServerApplicationContext - Root WebApplicationContext: initialization completed in 702 ms
2025-06-28 09:45:11 [main] INFO  o.a.coyote.http11.Http11NioProtocol - Starting ProtocolHandler ["http-nio-8080"]
2025-06-28 09:45:11 [main] INFO  o.s.b.w.e.tomcat.TomcatWebServer - Tomcat started on port 8080 (http) with context path ''
2025-06-28 09:45:11 [main] INFO  mpp2025.practic.PracticApp - Started PracticApp in 1.269 seconds (process running for 1.764)
2025-06-28 09:51:26 [background-preinit] INFO  o.h.validator.internal.util.Version - HV000001: Hibernate Validator 8.0.0.Final
2025-06-28 09:51:26 [main] INFO  mpp2025.practic.PracticApp - Starting PracticApp using Java 21.0.7 with PID 58116 (C:\Users\razva\Desktop\Trivia\build\classes\java\main started by razva in C:\Users\razva\Desktop\Trivia)
2025-06-28 09:51:26 [main] INFO  mpp2025.practic.PracticApp - No active profile set, falling back to 1 default profile: "default"
2025-06-28 09:51:26 [main] INFO  o.s.b.w.e.tomcat.TomcatWebServer - Tomcat initialized with port 8080 (http)
2025-06-28 09:51:26 [main] INFO  o.a.coyote.http11.Http11NioProtocol - Initializing ProtocolHandler ["http-nio-8080"]
2025-06-28 09:51:26 [main] INFO  o.a.catalina.core.StandardService - Starting service [Tomcat]
2025-06-28 09:51:26 [main] INFO  o.a.catalina.core.StandardEngine - Starting Servlet engine: [Apache Tomcat/10.1.20]
2025-06-28 09:51:27 [main] INFO  o.a.c.c.C.[Tomcat].[localhost].[/] - Initializing Spring embedded WebApplicationContext
2025-06-28 09:51:27 [main] INFO  o.s.b.w.s.c.ServletWebServerApplicationContext - Root WebApplicationContext: initialization completed in 547 ms
2025-06-28 09:51:27 [main] INFO  o.a.coyote.http11.Http11NioProtocol - Starting ProtocolHandler ["http-nio-8080"]
2025-06-28 09:51:27 [main] INFO  o.s.b.w.e.tomcat.TomcatWebServer - Tomcat started on port 8080 (http) with context path ''
2025-06-28 09:51:27 [main] INFO  mpp2025.practic.PracticApp - Started PracticApp in 0.994 seconds (process running for 1.377)
2025-06-28 09:52:42 [http-nio-8080-exec-2] INFO  o.a.c.c.C.[Tomcat].[localhost].[/] - Initializing Spring DispatcherServlet 'dispatcherServlet'
2025-06-28 09:52:42 [http-nio-8080-exec-2] INFO  o.s.web.servlet.DispatcherServlet - Initializing Servlet 'dispatcherServlet'
2025-06-28 09:52:42 [http-nio-8080-exec-2] INFO  o.s.web.servlet.DispatcherServlet - Completed initialization in 0 ms
2025-06-28 09:53:17 [background-preinit] INFO  o.h.validator.internal.util.Version - HV000001: Hibernate Validator 8.0.0.Final
2025-06-28 09:53:17 [main] INFO  mpp2025.practic.PracticApp - Starting PracticApp using Java 21.0.7 with PID 31784 (C:\Users\razva\Desktop\Trivia\build\classes\java\main started by razva in C:\Users\razva\Desktop\Trivia)
2025-06-28 09:53:17 [main] INFO  mpp2025.practic.PracticApp - No active profile set, falling back to 1 default profile: "default"
2025-06-28 09:53:17 [main] INFO  o.s.b.w.e.tomcat.TomcatWebServer - Tomcat initialized with port 8080 (http)
2025-06-28 09:53:17 [main] INFO  o.a.coyote.http11.Http11NioProtocol - Initializing ProtocolHandler ["http-nio-8080"]
2025-06-28 09:53:17 [main] INFO  o.a.catalina.core.StandardService - Starting service [Tomcat]
2025-06-28 09:53:17 [main] INFO  o.a.catalina.core.StandardEngine - Starting Servlet engine: [Apache Tomcat/10.1.20]
2025-06-28 09:53:17 [main] INFO  o.a.c.c.C.[Tomcat].[localhost].[/] - Initializing Spring embedded WebApplicationContext
2025-06-28 09:53:17 [main] INFO  o.s.b.w.s.c.ServletWebServerApplicationContext - Root WebApplicationContext: initialization completed in 521 ms
2025-06-28 09:53:18 [main] INFO  o.a.coyote.http11.Http11NioProtocol - Starting ProtocolHandler ["http-nio-8080"]
2025-06-28 09:53:18 [main] INFO  o.s.b.w.e.tomcat.TomcatWebServer - Tomcat started on port 8080 (http) with context path ''
2025-06-28 09:53:18 [main] INFO  mpp2025.practic.PracticApp - Started PracticApp in 0.958 seconds (process running for 1.339)
2025-06-28 09:53:30 [http-nio-8080-exec-1] INFO  o.a.c.c.C.[Tomcat].[localhost].[/] - Initializing Spring DispatcherServlet 'dispatcherServlet'
2025-06-28 09:53:30 [http-nio-8080-exec-1] INFO  o.s.web.servlet.DispatcherServlet - Initializing Servlet 'dispatcherServlet'
2025-06-28 09:53:30 [http-nio-8080-exec-1] INFO  o.s.web.servlet.DispatcherServlet - Completed initialization in 2 ms
2025-06-28 09:53:31 [Thread-1] INFO  org.hibernate.Version - HHH000412: Hibernate ORM core version 6.4.4.Final
2025-06-28 09:53:32 [Thread-1] INFO  o.h.c.i.RegionFactoryInitiator - HHH000026: Second-level cache disabled
2025-06-28 09:53:33 [Thread-1] WARN  o.hibernate.orm.connections.pooling - HHH10001002: Using built-in connection pool (not intended for production use)
2025-06-28 09:53:33 [Thread-1] INFO  o.hibernate.orm.connections.pooling - HHH10001010: No JDBC driver class specified by hibernate.connection.driver_class
2025-06-28 09:53:33 [Thread-1] INFO  o.hibernate.orm.connections.pooling - HHH10001011: Loaded JDBC drivers: org.h2.Driver, org.sqlite.JDBC
2025-06-28 09:53:33 [Thread-1] INFO  o.hibernate.orm.connections.pooling - HHH10001012: Connecting with JDBC URL [jdbc:sqlite:C:\Users\razva\Desktop\Trivia\backend\JocTriviaMPP]
2025-06-28 09:53:33 [Thread-1] INFO  o.hibernate.orm.connections.pooling - HHH10001001: Connection properties: {}
2025-06-28 09:53:33 [Thread-1] INFO  o.hibernate.orm.connections.pooling - HHH10001003: Autocommit mode: false
2025-06-28 09:53:33 [Thread-1] INFO  o.hibernate.orm.connections.pooling - HHH10001115: Connection pool size: 20 (min=1)
2025-06-28 09:53:35 [Thread-1] INFO  o.h.validator.internal.util.Version - HV000001: Hibernate Validator 8.0.0.Final
2025-06-28 09:53:38 [Thread-1] INFO  o.h.e.t.j.p.i.JtaPlatformInitiator - HHH000489: No JTA platform available (set 'hibernate.transaction.jta.platform' to enable JTA platform integration)
2025-06-28 09:53:38 [Thread-1] INFO  o.hibernate.orm.connections.access - HHH10001501: Connection obtained from JdbcConnectionAccess [org.hibernate.engine.jdbc.env.internal.JdbcEnvironmentInitiator$ConnectionProviderJdbcConnectionAccess@22fcfa15] for (non-JTA) DDL execution was not in auto-commit mode; the Connection 'local transaction' will be committed and the Connection will be set into auto-commit mode.
2025-06-28 09:53:38 [Thread-1] WARN  o.h.e.jdbc.spi.SqlExceptionHelper - SQL Error: 19, SQLState: null
2025-06-28 09:53:38 [Thread-1] ERROR o.h.e.jdbc.spi.SqlExceptionHelper - [SQLITE_CONSTRAINT_NOTNULL] A NOT NULL constraint failed (NOT NULL constraint failed: questions.question_text)
2025-06-28 09:54:26 [background-preinit] INFO  o.h.validator.internal.util.Version - HV000001: Hibernate Validator 8.0.0.Final
2025-06-28 09:54:26 [main] INFO  mpp2025.practic.PracticApp - Starting PracticApp using Java 21.0.7 with PID 33288 (C:\Users\razva\Desktop\Trivia\build\classes\java\main started by razva in C:\Users\razva\Desktop\Trivia)
2025-06-28 09:54:26 [main] INFO  mpp2025.practic.PracticApp - No active profile set, falling back to 1 default profile: "default"
2025-06-28 09:54:26 [main] INFO  o.s.b.w.e.tomcat.TomcatWebServer - Tomcat initialized with port 8080 (http)
2025-06-28 09:54:26 [main] INFO  o.a.coyote.http11.Http11NioProtocol - Initializing ProtocolHandler ["http-nio-8080"]
2025-06-28 09:54:26 [main] INFO  o.a.catalina.core.StandardService - Starting service [Tomcat]
2025-06-28 09:54:26 [main] INFO  o.a.catalina.core.StandardEngine - Starting Servlet engine: [Apache Tomcat/10.1.20]
2025-06-28 09:54:26 [main] INFO  o.a.c.c.C.[Tomcat].[localhost].[/] - Initializing Spring embedded WebApplicationContext
2025-06-28 09:54:26 [main] INFO  o.s.b.w.s.c.ServletWebServerApplicationContext - Root WebApplicationContext: initialization completed in 562 ms
2025-06-28 09:54:26 [main] INFO  o.a.coyote.http11.Http11NioProtocol - Starting ProtocolHandler ["http-nio-8080"]
2025-06-28 09:54:26 [main] INFO  o.s.b.w.e.tomcat.TomcatWebServer - Tomcat started on port 8080 (http) with context path ''
2025-06-28 09:54:26 [main] INFO  mpp2025.practic.PracticApp - Started PracticApp in 1.015 seconds (process running for 1.409)
2025-06-28 09:54:32 [http-nio-8080-exec-1] INFO  o.a.c.c.C.[Tomcat].[localhost].[/] - Initializing Spring DispatcherServlet 'dispatcherServlet'
2025-06-28 09:54:32 [http-nio-8080-exec-1] INFO  o.s.web.servlet.DispatcherServlet - Initializing Servlet 'dispatcherServlet'
2025-06-28 09:54:32 [http-nio-8080-exec-1] INFO  o.s.web.servlet.DispatcherServlet - Completed initialization in 0 ms
2025-06-28 09:54:32 [Thread-1] INFO  org.hibernate.Version - HHH000412: Hibernate ORM core version 6.4.4.Final
2025-06-28 09:54:32 [Thread-1] INFO  o.h.c.i.RegionFactoryInitiator - HHH000026: Second-level cache disabled
2025-06-28 09:54:32 [Thread-1] WARN  o.hibernate.orm.connections.pooling - HHH10001002: Using built-in connection pool (not intended for production use)
2025-06-28 09:54:32 [Thread-1] INFO  o.hibernate.orm.connections.pooling - HHH10001010: No JDBC driver class specified by hibernate.connection.driver_class
2025-06-28 09:54:32 [Thread-1] INFO  o.hibernate.orm.connections.pooling - HHH10001011: Loaded JDBC drivers: org.h2.Driver, org.sqlite.JDBC
2025-06-28 09:54:32 [Thread-1] INFO  o.hibernate.orm.connections.pooling - HHH10001012: Connecting with JDBC URL [jdbc:sqlite:C:\Users\razva\Desktop\Trivia\backend\JocTriviaMPP]
2025-06-28 09:54:32 [Thread-1] INFO  o.hibernate.orm.connections.pooling - HHH10001001: Connection properties: {}
2025-06-28 09:54:32 [Thread-1] INFO  o.hibernate.orm.connections.pooling - HHH10001003: Autocommit mode: false
2025-06-28 09:54:32 [Thread-1] INFO  o.hibernate.orm.connections.pooling - HHH10001115: Connection pool size: 20 (min=1)
2025-06-28 09:54:33 [Thread-1] INFO  o.h.validator.internal.util.Version - HV000001: Hibernate Validator 8.0.0.Final
2025-06-28 09:54:33 [Thread-1] INFO  o.h.e.t.j.p.i.JtaPlatformInitiator - HHH000489: No JTA platform available (set 'hibernate.transaction.jta.platform' to enable JTA platform integration)
2025-06-28 09:54:34 [Thread-1] INFO  o.hibernate.orm.connections.access - HHH10001501: Connection obtained from JdbcConnectionAccess [org.hibernate.engine.jdbc.env.internal.JdbcEnvironmentInitiator$ConnectionProviderJdbcConnectionAccess@e2dbb2b] for (non-JTA) DDL execution was not in auto-commit mode; the Connection 'local transaction' will be committed and the Connection will be set into auto-commit mode.
2025-06-28 09:54:34 [Thread-1] WARN  o.h.e.jdbc.spi.SqlExceptionHelper - SQL Error: 19, SQLState: null
2025-06-28 09:54:34 [Thread-1] ERROR o.h.e.jdbc.spi.SqlExceptionHelper - [SQLITE_CONSTRAINT_NOTNULL] A NOT NULL constraint failed (NOT NULL constraint failed: questions.question_text)
2025-06-28 09:55:05 [http-nio-8080-exec-3] WARN  o.s.w.s.m.s.DefaultHandlerExceptionResolver - Resolved [org.springframework.http.converter.HttpMessageNotReadableException: JSON parse error: Unexpected character ('}' (code 125)): was expecting double-quote to start field name]
2025-06-28 09:55:21 [background-preinit] INFO  o.h.validator.internal.util.Version - HV000001: Hibernate Validator 8.0.0.Final
2025-06-28 09:55:21 [main] INFO  mpp2025.practic.PracticApp - Starting PracticApp using Java 21.0.7 with PID 24360 (C:\Users\razva\Desktop\Trivia\build\classes\java\main started by razva in C:\Users\razva\Desktop\Trivia)
2025-06-28 09:55:21 [main] INFO  mpp2025.practic.PracticApp - No active profile set, falling back to 1 default profile: "default"
2025-06-28 09:55:21 [main] INFO  o.s.b.w.e.tomcat.TomcatWebServer - Tomcat initialized with port 8080 (http)
2025-06-28 09:55:21 [main] INFO  o.a.coyote.http11.Http11NioProtocol - Initializing ProtocolHandler ["http-nio-8080"]
2025-06-28 09:55:21 [main] INFO  o.a.catalina.core.StandardService - Starting service [Tomcat]
2025-06-28 09:55:21 [main] INFO  o.a.catalina.core.StandardEngine - Starting Servlet engine: [Apache Tomcat/10.1.20]
2025-06-28 09:55:22 [main] INFO  o.a.c.c.C.[Tomcat].[localhost].[/] - Initializing Spring embedded WebApplicationContext
2025-06-28 09:55:22 [main] INFO  o.s.b.w.s.c.ServletWebServerApplicationContext - Root WebApplicationContext: initialization completed in 591 ms
2025-06-28 09:55:22 [main] INFO  o.a.coyote.http11.Http11NioProtocol - Starting ProtocolHandler ["http-nio-8080"]
2025-06-28 09:55:22 [main] INFO  o.s.b.w.e.tomcat.TomcatWebServer - Tomcat started on port 8080 (http) with context path ''
2025-06-28 09:55:22 [main] INFO  mpp2025.practic.PracticApp - Started PracticApp in 1.145 seconds (process running for 1.6)
2025-06-28 09:55:26 [http-nio-8080-exec-1] INFO  o.a.c.c.C.[Tomcat].[localhost].[/] - Initializing Spring DispatcherServlet 'dispatcherServlet'
2025-06-28 09:55:26 [http-nio-8080-exec-1] INFO  o.s.web.servlet.DispatcherServlet - Initializing Servlet 'dispatcherServlet'
2025-06-28 09:55:26 [http-nio-8080-exec-1] INFO  o.s.web.servlet.DispatcherServlet - Completed initialization in 1 ms
2025-06-28 09:55:27 [Thread-1] INFO  org.hibernate.Version - HHH000412: Hibernate ORM core version 6.4.4.Final
2025-06-28 09:55:27 [Thread-1] INFO  o.h.c.i.RegionFactoryInitiator - HHH000026: Second-level cache disabled
2025-06-28 09:55:27 [Thread-1] WARN  o.hibernate.orm.connections.pooling - HHH10001002: Using built-in connection pool (not intended for production use)
2025-06-28 09:55:27 [Thread-1] INFO  o.hibernate.orm.connections.pooling - HHH10001010: No JDBC driver class specified by hibernate.connection.driver_class
2025-06-28 09:55:27 [Thread-1] INFO  o.hibernate.orm.connections.pooling - HHH10001011: Loaded JDBC drivers: org.h2.Driver, org.sqlite.JDBC
2025-06-28 09:55:27 [Thread-1] INFO  o.hibernate.orm.connections.pooling - HHH10001012: Connecting with JDBC URL [jdbc:sqlite:C:\Users\razva\Desktop\Trivia\backend\JocTriviaMPP]
2025-06-28 09:55:27 [Thread-1] INFO  o.hibernate.orm.connections.pooling - HHH10001001: Connection properties: {}
2025-06-28 09:55:27 [Thread-1] INFO  o.hibernate.orm.connections.pooling - HHH10001003: Autocommit mode: false
2025-06-28 09:55:27 [Thread-1] INFO  o.hibernate.orm.connections.pooling - HHH10001115: Connection pool size: 20 (min=1)
2025-06-28 09:55:27 [Thread-1] INFO  o.h.validator.internal.util.Version - HV000001: Hibernate Validator 8.0.0.Final
2025-06-28 09:55:28 [Thread-1] INFO  o.h.e.t.j.p.i.JtaPlatformInitiator - HHH000489: No JTA platform available (set 'hibernate.transaction.jta.platform' to enable JTA platform integration)
2025-06-28 09:55:28 [Thread-1] INFO  o.hibernate.orm.connections.access - HHH10001501: Connection obtained from JdbcConnectionAccess [org.hibernate.engine.jdbc.env.internal.JdbcEnvironmentInitiator$ConnectionProviderJdbcConnectionAccess@22fcfa15] for (non-JTA) DDL execution was not in auto-commit mode; the Connection 'local transaction' will be committed and the Connection will be set into auto-commit mode.
2025-06-28 09:55:28 [Thread-1] WARN  o.h.e.jdbc.spi.SqlExceptionHelper - SQL Error: 19, SQLState: null
2025-06-28 09:55:28 [Thread-1] ERROR o.h.e.jdbc.spi.SqlExceptionHelper - [SQLITE_CONSTRAINT_NOTNULL] A NOT NULL constraint failed (NOT NULL constraint failed: questions.question_text)
2025-06-28 09:56:31 [background-preinit] INFO  o.h.validator.internal.util.Version - HV000001: Hibernate Validator 8.0.0.Final
2025-06-28 09:56:31 [main] INFO  mpp2025.practic.PracticApp - Starting PracticApp using Java 21.0.7 with PID 56256 (C:\Users\razva\Desktop\Trivia\build\classes\java\main started by razva in C:\Users\razva\Desktop\Trivia)
2025-06-28 09:56:31 [main] INFO  mpp2025.practic.PracticApp - No active profile set, falling back to 1 default profile: "default"
2025-06-28 09:56:32 [main] INFO  o.s.b.w.e.tomcat.TomcatWebServer - Tomcat initialized with port 8080 (http)
2025-06-28 09:56:32 [main] INFO  o.a.coyote.http11.Http11NioProtocol - Initializing ProtocolHandler ["http-nio-8080"]
2025-06-28 09:56:32 [main] INFO  o.a.catalina.core.StandardService - Starting service [Tomcat]
2025-06-28 09:56:32 [main] INFO  o.a.catalina.core.StandardEngine - Starting Servlet engine: [Apache Tomcat/10.1.20]
2025-06-28 09:56:32 [main] INFO  o.a.c.c.C.[Tomcat].[localhost].[/] - Initializing Spring embedded WebApplicationContext
2025-06-28 09:56:32 [main] INFO  o.s.b.w.s.c.ServletWebServerApplicationContext - Root WebApplicationContext: initialization completed in 521 ms
2025-06-28 09:56:32 [main] INFO  o.a.coyote.http11.Http11NioProtocol - Starting ProtocolHandler ["http-nio-8080"]
2025-06-28 09:56:32 [main] INFO  o.s.b.w.e.tomcat.TomcatWebServer - Tomcat started on port 8080 (http) with context path ''
2025-06-28 09:56:32 [main] INFO  mpp2025.practic.PracticApp - Started PracticApp in 0.966 seconds (process running for 1.339)
2025-06-28 09:56:34 [http-nio-8080-exec-1] INFO  o.a.c.c.C.[Tomcat].[localhost].[/] - Initializing Spring DispatcherServlet 'dispatcherServlet'
2025-06-28 09:56:34 [http-nio-8080-exec-1] INFO  o.s.web.servlet.DispatcherServlet - Initializing Servlet 'dispatcherServlet'
2025-06-28 09:56:34 [http-nio-8080-exec-1] INFO  o.s.web.servlet.DispatcherServlet - Completed initialization in 0 ms
2025-06-28 09:56:35 [Thread-1] INFO  org.hibernate.Version - HHH000412: Hibernate ORM core version 6.4.4.Final
2025-06-28 09:56:35 [Thread-1] INFO  o.h.c.i.RegionFactoryInitiator - HHH000026: Second-level cache disabled
2025-06-28 09:56:36 [Thread-1] WARN  o.hibernate.orm.connections.pooling - HHH10001002: Using built-in connection pool (not intended for production use)
2025-06-28 09:56:36 [Thread-1] INFO  o.hibernate.orm.connections.pooling - HHH10001010: No JDBC driver class specified by hibernate.connection.driver_class
2025-06-28 09:56:36 [Thread-1] INFO  o.hibernate.orm.connections.pooling - HHH10001011: Loaded JDBC drivers: org.h2.Driver, org.sqlite.JDBC
2025-06-28 09:56:36 [Thread-1] INFO  o.hibernate.orm.connections.pooling - HHH10001012: Connecting with JDBC URL [jdbc:sqlite:C:\Users\razva\Desktop\Trivia\backend\JocTriviaMPP]
2025-06-28 09:56:36 [Thread-1] INFO  o.hibernate.orm.connections.pooling - HHH10001001: Connection properties: {}
2025-06-28 09:56:36 [Thread-1] INFO  o.hibernate.orm.connections.pooling - HHH10001003: Autocommit mode: false
2025-06-28 09:56:36 [Thread-1] INFO  o.hibernate.orm.connections.pooling - HHH10001115: Connection pool size: 20 (min=1)
2025-06-28 09:56:38 [Thread-1] INFO  o.h.validator.internal.util.Version - HV000001: Hibernate Validator 8.0.0.Final
2025-06-28 09:56:41 [Thread-1] INFO  o.h.e.t.j.p.i.JtaPlatformInitiator - HHH000489: No JTA platform available (set 'hibernate.transaction.jta.platform' to enable JTA platform integration)
2025-06-28 09:56:41 [Thread-1] INFO  o.hibernate.orm.connections.access - HHH10001501: Connection obtained from JdbcConnectionAccess [org.hibernate.engine.jdbc.env.internal.JdbcEnvironmentInitiator$ConnectionProviderJdbcConnectionAccess@e2dbb2b] for (non-JTA) DDL execution was not in auto-commit mode; the Connection 'local transaction' will be committed and the Connection will be set into auto-commit mode.
2025-06-28 09:56:41 [Thread-1] WARN  o.h.e.jdbc.spi.SqlExceptionHelper - SQL Error: 19, SQLState: null
2025-06-28 09:56:41 [Thread-1] ERROR o.h.e.jdbc.spi.SqlExceptionHelper - [SQLITE_CONSTRAINT_NOTNULL] A NOT NULL constraint failed (NOT NULL constraint failed: questions.question_text)
2025-06-28 09:58:35 [Thread-1] INFO  mpp2025.service.AppService - Login attempt for username: mihai
2025-06-28 09:58:35 [Thread-1] INFO  org.hibernate.Version - HHH000412: Hibernate ORM core version 6.4.4.Final
2025-06-28 09:58:35 [Thread-1] INFO  o.h.c.i.RegionFactoryInitiator - HHH000026: Second-level cache disabled
2025-06-28 09:58:35 [Thread-1] WARN  o.hibernate.orm.connections.pooling - HHH10001002: Using built-in connection pool (not intended for production use)
2025-06-28 09:58:35 [Thread-1] INFO  o.hibernate.orm.connections.pooling - HHH10001010: No JDBC driver class specified by hibernate.connection.driver_class
2025-06-28 09:58:35 [Thread-1] INFO  o.hibernate.orm.connections.pooling - HHH10001011: Loaded JDBC drivers: org.h2.Driver, org.sqlite.JDBC
2025-06-28 09:58:35 [Thread-1] INFO  o.hibernate.orm.connections.pooling - HHH10001012: Connecting with JDBC URL [jdbc:sqlite:C:\Users\razva\Desktop\Trivia\backend\JocTriviaMPP]
2025-06-28 09:58:35 [Thread-1] INFO  o.hibernate.orm.connections.pooling - HHH10001001: Connection properties: {}
2025-06-28 09:58:35 [Thread-1] INFO  o.hibernate.orm.connections.pooling - HHH10001003: Autocommit mode: false
2025-06-28 09:58:35 [Thread-1] INFO  o.hibernate.orm.connections.pooling - HHH10001115: Connection pool size: 20 (min=1)
2025-06-28 09:58:36 [Thread-1] INFO  o.h.validator.internal.util.Version - HV000001: Hibernate Validator 8.0.0.Final
2025-06-28 09:58:36 [Thread-1] INFO  o.h.e.t.j.p.i.JtaPlatformInitiator - HHH000489: No JTA platform available (set 'hibernate.transaction.jta.platform' to enable JTA platform integration)
2025-06-28 09:58:37 [Thread-1] INFO  o.hibernate.orm.connections.access - HHH10001501: Connection obtained from JdbcConnectionAccess [org.hibernate.engine.jdbc.env.internal.JdbcEnvironmentInitiator$ConnectionProviderJdbcConnectionAccess@117556ba] for (non-JTA) DDL execution was not in auto-commit mode; the Connection 'local transaction' will be committed and the Connection will be set into auto-commit mode.
2025-06-28 09:58:37 [Thread-1] INFO  mpp2025.service.AppService - Login successful for username: mihai
2025-06-28 09:58:37 [Thread-1] INFO  mpp2025.service.AppService - Get all questions requestmpp2025.utils.GetAllQuestionsRequest@568713a3
2025-06-28 09:58:37 [Thread-1] INFO  mpp2025.service.AppService - Get all games requestmpp2025.utils.GetAllGamesRequest@2108faf3
2025-06-28 09:58:39 [Thread-1] INFO  mpp2025.service.AppService - Get all questions requestmpp2025.utils.GetAllQuestionsRequest@5e1c4e68
2025-06-28 09:58:40 [Thread-1] INFO  mpp2025.service.AppService - Get all questions requestmpp2025.utils.GetAllQuestionsRequest@74783fab
2025-06-28 09:58:41 [Thread-1] INFO  mpp2025.service.AppService - Get all questions requestmpp2025.utils.GetAllQuestionsRequest@5b7f76e
2025-06-28 09:58:41 [Thread-1] INFO  mpp2025.service.AppService - Get all questions requestmpp2025.utils.GetAllQuestionsRequest@617c0129
2025-06-28 09:58:42 [Thread-1] INFO  mpp2025.service.AppService - Get all questions requestmpp2025.utils.GetAllQuestionsRequest@68cf968
2025-06-28 09:58:43 [Thread-1] INFO  mpp2025.service.AppService - Get all questions requestmpp2025.utils.GetAllQuestionsRequest@285fec13
2025-06-28 09:58:43 [Thread-1] INFO  mpp2025.service.AppService - Get all questions requestmpp2025.utils.GetAllQuestionsRequest@392ca79f
2025-06-28 09:58:45 [Thread-1] INFO  mpp2025.service.AppService - Get all questions requestmpp2025.utils.GetAllQuestionsRequest@12e9fde0
2025-06-28 09:58:45 [Thread-1] INFO  mpp2025.service.AppService - Get all questions requestmpp2025.utils.GetAllQuestionsRequest@6359a8e4
2025-06-28 09:58:46 [Thread-1] INFO  mpp2025.service.AppService - Get all questions requestmpp2025.utils.GetAllQuestionsRequest@650fc96a
2025-06-28 09:58:48 [Thread-1] INFO  mpp2025.service.AppService - Get all questions requestmpp2025.utils.GetAllQuestionsRequest@67449c71
2025-06-28 09:59:49 [Thread-1] INFO  mpp2025.service.AppService - Login attempt for username: mihai
2025-06-28 09:59:49 [Thread-1] INFO  org.hibernate.Version - HHH000412: Hibernate ORM core version 6.4.4.Final
2025-06-28 09:59:50 [Thread-1] INFO  o.h.c.i.RegionFactoryInitiator - HHH000026: Second-level cache disabled
2025-06-28 09:59:50 [Thread-1] WARN  o.hibernate.orm.connections.pooling - HHH10001002: Using built-in connection pool (not intended for production use)
2025-06-28 09:59:50 [Thread-1] INFO  o.hibernate.orm.connections.pooling - HHH10001010: No JDBC driver class specified by hibernate.connection.driver_class
2025-06-28 09:59:50 [Thread-1] INFO  o.hibernate.orm.connections.pooling - HHH10001011: Loaded JDBC drivers: org.h2.Driver, org.sqlite.JDBC
2025-06-28 09:59:50 [Thread-1] INFO  o.hibernate.orm.connections.pooling - HHH10001012: Connecting with JDBC URL [jdbc:sqlite:C:\Users\razva\Desktop\Trivia\backend\JocTriviaMPP]
2025-06-28 09:59:50 [Thread-1] INFO  o.hibernate.orm.connections.pooling - HHH10001001: Connection properties: {}
2025-06-28 09:59:50 [Thread-1] INFO  o.hibernate.orm.connections.pooling - HHH10001003: Autocommit mode: false
2025-06-28 09:59:50 [Thread-1] INFO  o.hibernate.orm.connections.pooling - HHH10001115: Connection pool size: 20 (min=1)
2025-06-28 09:59:50 [Thread-1] INFO  o.h.validator.internal.util.Version - HV000001: Hibernate Validator 8.0.0.Final
2025-06-28 09:59:51 [Thread-1] INFO  o.h.e.t.j.p.i.JtaPlatformInitiator - HHH000489: No JTA platform available (set 'hibernate.transaction.jta.platform' to enable JTA platform integration)
2025-06-28 09:59:51 [Thread-1] INFO  o.hibernate.orm.connections.access - HHH10001501: Connection obtained from JdbcConnectionAccess [org.hibernate.engine.jdbc.env.internal.JdbcEnvironmentInitiator$ConnectionProviderJdbcConnectionAccess@117556ba] for (non-JTA) DDL execution was not in auto-commit mode; the Connection 'local transaction' will be committed and the Connection will be set into auto-commit mode.
2025-06-28 09:59:51 [Thread-1] INFO  mpp2025.service.AppService - Login successful for username: mihai
2025-06-28 09:59:51 [Thread-1] INFO  mpp2025.service.AppService - Get all questions requestmpp2025.utils.GetAllQuestionsRequest@568713a3
2025-06-28 09:59:51 [Thread-1] INFO  mpp2025.service.AppService - Get all games requestmpp2025.utils.GetAllGamesRequest@2108faf3
2025-06-28 09:59:53 [Thread-1] INFO  mpp2025.service.AppService - Get all questions requestmpp2025.utils.GetAllQuestionsRequest@5e1c4e68
2025-06-28 10:00:14 [Thread-1] INFO  mpp2025.service.AppService - Login attempt for username: mihai
2025-06-28 10:00:14 [Thread-1] INFO  org.hibernate.Version - HHH000412: Hibernate ORM core version 6.4.4.Final
2025-06-28 10:00:14 [Thread-1] INFO  o.h.c.i.RegionFactoryInitiator - HHH000026: Second-level cache disabled
2025-06-28 10:00:14 [Thread-1] WARN  o.hibernate.orm.connections.pooling - HHH10001002: Using built-in connection pool (not intended for production use)
2025-06-28 10:00:14 [Thread-1] INFO  o.hibernate.orm.connections.pooling - HHH10001010: No JDBC driver class specified by hibernate.connection.driver_class
2025-06-28 10:00:14 [Thread-1] INFO  o.hibernate.orm.connections.pooling - HHH10001011: Loaded JDBC drivers: org.h2.Driver, org.sqlite.JDBC
2025-06-28 10:00:14 [Thread-1] INFO  o.hibernate.orm.connections.pooling - HHH10001012: Connecting with JDBC URL [jdbc:sqlite:C:\Users\razva\Desktop\Trivia\backend\JocTriviaMPP]
2025-06-28 10:00:14 [Thread-1] INFO  o.hibernate.orm.connections.pooling - HHH10001001: Connection properties: {}
2025-06-28 10:00:14 [Thread-1] INFO  o.hibernate.orm.connections.pooling - HHH10001003: Autocommit mode: false
2025-06-28 10:00:14 [Thread-1] INFO  o.hibernate.orm.connections.pooling - HHH10001115: Connection pool size: 20 (min=1)
2025-06-28 10:00:14 [Thread-1] INFO  o.h.validator.internal.util.Version - HV000001: Hibernate Validator 8.0.0.Final
2025-06-28 10:00:15 [Thread-1] INFO  o.h.e.t.j.p.i.JtaPlatformInitiator - HHH000489: No JTA platform available (set 'hibernate.transaction.jta.platform' to enable JTA platform integration)
2025-06-28 10:00:15 [Thread-1] INFO  o.hibernate.orm.connections.access - HHH10001501: Connection obtained from JdbcConnectionAccess [org.hibernate.engine.jdbc.env.internal.JdbcEnvironmentInitiator$ConnectionProviderJdbcConnectionAccess@117556ba] for (non-JTA) DDL execution was not in auto-commit mode; the Connection 'local transaction' will be committed and the Connection will be set into auto-commit mode.
2025-06-28 10:00:15 [Thread-1] INFO  mpp2025.service.AppService - Login successful for username: mihai
2025-06-28 10:00:15 [Thread-1] INFO  mpp2025.service.AppService - Get all questions requestmpp2025.utils.GetAllQuestionsRequest@568713a3
2025-06-28 10:00:15 [Thread-1] INFO  mpp2025.service.AppService - Get all games requestmpp2025.utils.GetAllGamesRequest@2108faf3
2025-06-28 10:00:19 [Thread-1] INFO  mpp2025.service.AppService - Get all questions requestmpp2025.utils.GetAllQuestionsRequest@5e1c4e68
2025-06-28 10:00:21 [Thread-1] INFO  mpp2025.service.AppService - Submit game requestSubmitGameRequest{gameDTO=GameDTO(id=null, numberPoints=72, success=true, username=mihai, duration=5, i1=null, i2=null, i3=null, i4=null, i5=null, i6=null, r1=null, r2=null, r3=null, r4=null, r5=null, r6=null, p1=0, p2=0, p3=0, p4=0, p5=0, p6=0)}
2025-06-28 10:00:21 [Thread-1] WARN  o.h.e.jdbc.spi.SqlExceptionHelper - SQL Error: 19, SQLState: null
2025-06-28 10:00:21 [Thread-1] ERROR o.h.e.jdbc.spi.SqlExceptionHelper - [SQLITE_CONSTRAINT_NOTNULL] A NOT NULL constraint failed (NOT NULL constraint failed: games.succes)
2025-06-28 10:01:48 [Thread-1] INFO  mpp2025.service.AppService - Login attempt for username: mihai
2025-06-28 10:01:48 [Thread-1] INFO  org.hibernate.Version - HHH000412: Hibernate ORM core version 6.4.4.Final
2025-06-28 10:01:49 [Thread-1] INFO  o.h.c.i.RegionFactoryInitiator - HHH000026: Second-level cache disabled
2025-06-28 10:01:49 [Thread-1] WARN  o.hibernate.orm.connections.pooling - HHH10001002: Using built-in connection pool (not intended for production use)
2025-06-28 10:01:49 [Thread-1] INFO  o.hibernate.orm.connections.pooling - HHH10001010: No JDBC driver class specified by hibernate.connection.driver_class
2025-06-28 10:01:49 [Thread-1] INFO  o.hibernate.orm.connections.pooling - HHH10001011: Loaded JDBC drivers: org.h2.Driver, org.sqlite.JDBC
2025-06-28 10:01:49 [Thread-1] INFO  o.hibernate.orm.connections.pooling - HHH10001012: Connecting with JDBC URL [jdbc:sqlite:C:\Users\razva\Desktop\Trivia\backend\JocTriviaMPP]
2025-06-28 10:01:49 [Thread-1] INFO  o.hibernate.orm.connections.pooling - HHH10001001: Connection properties: {}
2025-06-28 10:01:49 [Thread-1] INFO  o.hibernate.orm.connections.pooling - HHH10001003: Autocommit mode: false
2025-06-28 10:01:49 [Thread-1] INFO  o.hibernate.orm.connections.pooling - HHH10001115: Connection pool size: 20 (min=1)
2025-06-28 10:01:49 [Thread-1] INFO  o.h.validator.internal.util.Version - HV000001: Hibernate Validator 8.0.0.Final
2025-06-28 10:01:50 [Thread-1] INFO  o.h.e.t.j.p.i.JtaPlatformInitiator - HHH000489: No JTA platform available (set 'hibernate.transaction.jta.platform' to enable JTA platform integration)
2025-06-28 10:01:50 [Thread-1] INFO  o.hibernate.orm.connections.access - HHH10001501: Connection obtained from JdbcConnectionAccess [org.hibernate.engine.jdbc.env.internal.JdbcEnvironmentInitiator$ConnectionProviderJdbcConnectionAccess@117556ba] for (non-JTA) DDL execution was not in auto-commit mode; the Connection 'local transaction' will be committed and the Connection will be set into auto-commit mode.
2025-06-28 10:01:50 [Thread-1] INFO  mpp2025.service.AppService - Login successful for username: mihai
2025-06-28 10:01:50 [Thread-1] INFO  mpp2025.service.AppService - Get all questions requestmpp2025.utils.GetAllQuestionsRequest@568713a3
2025-06-28 10:01:50 [Thread-1] INFO  mpp2025.service.AppService - Get all games requestmpp2025.utils.GetAllGamesRequest@2108faf3
2025-06-28 10:01:53 [Thread-1] INFO  mpp2025.service.AppService - Get all questions requestmpp2025.utils.GetAllQuestionsRequest@5e1c4e68
2025-06-28 10:01:56 [Thread-1] INFO  mpp2025.service.AppService - Submit game requestSubmitGameRequest{gameDTO=GameDTO(id=null, numberPoints=72, success=true, username=mihai, duration=5, i1=null, i2=null, i3=null, i4=null, i5=null, i6=null, r1=null, r2=null, r3=null, r4=null, r5=null, r6=null, p1=0, p2=0, p3=0, p4=0, p5=0, p6=0)}
2025-06-28 10:01:56 [Thread-1] WARN  o.h.e.jdbc.spi.SqlExceptionHelper - SQL Error: 19, SQLState: null
2025-06-28 10:01:56 [Thread-1] ERROR o.h.e.jdbc.spi.SqlExceptionHelper - [SQLITE_CONSTRAINT_NOTNULL] A NOT NULL constraint failed (NOT NULL constraint failed: games.succes)
2025-06-28 10:03:02 [Thread-1] INFO  mpp2025.service.AppService - Login attempt for username: mihai
2025-06-28 10:03:02 [Thread-1] INFO  org.hibernate.Version - HHH000412: Hibernate ORM core version 6.4.4.Final
2025-06-28 10:03:03 [Thread-1] INFO  o.h.c.i.RegionFactoryInitiator - HHH000026: Second-level cache disabled
2025-06-28 10:03:03 [Thread-1] WARN  o.hibernate.orm.connections.pooling - HHH10001002: Using built-in connection pool (not intended for production use)
2025-06-28 10:03:03 [Thread-1] INFO  o.hibernate.orm.connections.pooling - HHH10001010: No JDBC driver class specified by hibernate.connection.driver_class
2025-06-28 10:03:03 [Thread-1] INFO  o.hibernate.orm.connections.pooling - HHH10001011: Loaded JDBC drivers: org.h2.Driver, org.sqlite.JDBC
2025-06-28 10:03:03 [Thread-1] INFO  o.hibernate.orm.connections.pooling - HHH10001012: Connecting with JDBC URL [jdbc:sqlite:C:\Users\razva\Desktop\Trivia\backend\JocTriviaMPP]
2025-06-28 10:03:03 [Thread-1] INFO  o.hibernate.orm.connections.pooling - HHH10001001: Connection properties: {}
2025-06-28 10:03:03 [Thread-1] INFO  o.hibernate.orm.connections.pooling - HHH10001003: Autocommit mode: false
2025-06-28 10:03:03 [Thread-1] INFO  o.hibernate.orm.connections.pooling - HHH10001115: Connection pool size: 20 (min=1)
2025-06-28 10:03:03 [Thread-1] INFO  o.h.validator.internal.util.Version - HV000001: Hibernate Validator 8.0.0.Final
2025-06-28 10:03:04 [Thread-1] INFO  o.h.e.t.j.p.i.JtaPlatformInitiator - HHH000489: No JTA platform available (set 'hibernate.transaction.jta.platform' to enable JTA platform integration)
2025-06-28 10:03:04 [Thread-1] INFO  o.hibernate.orm.connections.access - HHH10001501: Connection obtained from JdbcConnectionAccess [org.hibernate.engine.jdbc.env.internal.JdbcEnvironmentInitiator$ConnectionProviderJdbcConnectionAccess@117556ba] for (non-JTA) DDL execution was not in auto-commit mode; the Connection 'local transaction' will be committed and the Connection will be set into auto-commit mode.
2025-06-28 10:03:04 [Thread-1] WARN  o.h.t.s.i.ExceptionHandlerLoggedImpl - GenerationTarget encountered exception accepting command : Error executing DDL "
    alter table games 
       add column success boolean not null" via JDBC [[SQLITE_ERROR] SQL error or missing database (Cannot add a NOT NULL column with default value NULL)]
org.hibernate.tool.schema.spi.CommandAcceptanceException: Error executing DDL "
    alter table games 
       add column success boolean not null" via JDBC [[SQLITE_ERROR] SQL error or missing database (Cannot add a NOT NULL column with default value NULL)]
	at org.hibernate.tool.schema.internal.exec.GenerationTargetToDatabase.accept(GenerationTargetToDatabase.java:94)
	at org.hibernate.tool.schema.internal.AbstractSchemaMigrator.applySqlString(AbstractSchemaMigrator.java:574)
	at org.hibernate.tool.schema.internal.AbstractSchemaMigrator.applySqlStrings(AbstractSchemaMigrator.java:514)
	at org.hibernate.tool.schema.internal.AbstractSchemaMigrator.migrateTable(AbstractSchemaMigrator.java:333)
	at org.hibernate.tool.schema.internal.GroupedSchemaMigratorImpl.performTablesMigration(GroupedSchemaMigratorImpl.java:84)
	at org.hibernate.tool.schema.internal.AbstractSchemaMigrator.performMigration(AbstractSchemaMigrator.java:232)
	at org.hibernate.tool.schema.internal.AbstractSchemaMigrator.doMigration(AbstractSchemaMigrator.java:117)
	at org.hibernate.tool.schema.spi.SchemaManagementToolCoordinator.performDatabaseAction(SchemaManagementToolCoordinator.java:286)
	at org.hibernate.tool.schema.spi.SchemaManagementToolCoordinator.lambda$process$5(SchemaManagementToolCoordinator.java:145)
	at java.base/java.util.HashMap.forEach(HashMap.java:1429)
	at org.hibernate.tool.schema.spi.SchemaManagementToolCoordinator.process(SchemaManagementToolCoordinator.java:142)
	at org.hibernate.boot.internal.SessionFactoryObserverForSchemaExport.sessionFactoryCreated(SessionFactoryObserverForSchemaExport.java:37)
	at org.hibernate.internal.SessionFactoryObserverChain.sessionFactoryCreated(SessionFactoryObserverChain.java:35)
	at org.hibernate.internal.SessionFactoryImpl.<init>(SessionFactoryImpl.java:315)
	at org.hibernate.boot.internal.SessionFactoryBuilderImpl.build(SessionFactoryBuilderImpl.java:450)
	at org.hibernate.cfg.Configuration.buildSessionFactory(Configuration.java:941)
	at org.hibernate.cfg.Configuration.buildSessionFactory(Configuration.java:960)
	at mpp2025.repo.HibernateUtil.buildSessionFactory(HibernateUtil.java:16)
	at mpp2025.repo.HibernateUtil.<clinit>(HibernateUtil.java:8)
	at mpp2025.repo.UserRepo.findAll(UserRepo.java:12)
	at mpp2025.service.AppService.login(AppService.java:56)
	at mpp2025.service.Server.doWork(Server.java:76)
	at mpp2025.service.Server.lambda$run$0(Server.java:31)
	at java.base/java.lang.Thread.run(Thread.java:1583)
Caused by: org.sqlite.SQLiteException: [SQLITE_ERROR] SQL error or missing database (Cannot add a NOT NULL column with default value NULL)
	at org.sqlite.core.DB.newSQLException(DB.java:1179)
	at org.sqlite.core.DB.newSQLException(DB.java:1190)
	at org.sqlite.core.DB.execute(DB.java:988)
	at org.sqlite.core.CoreStatement.exec(CoreStatement.java:91)
	at org.sqlite.jdbc3.JDBC3Statement.lambda$execute$0(JDBC3Statement.java:55)
	at org.sqlite.jdbc3.JDBC3Statement.withConnectionTimeout(JDBC3Statement.java:454)
	at org.sqlite.jdbc3.JDBC3Statement.execute(JDBC3Statement.java:43)
	at org.hibernate.tool.schema.internal.exec.GenerationTargetToDatabase.accept(GenerationTargetToDatabase.java:80)
	... 23 common frames omitted
2025-06-28 10:03:04 [Thread-1] INFO  mpp2025.service.AppService - Login successful for username: mihai
2025-06-28 10:03:04 [Thread-1] INFO  mpp2025.service.AppService - Get all questions requestmpp2025.utils.GetAllQuestionsRequest@6c265fa4
2025-06-28 10:03:04 [Thread-1] INFO  mpp2025.service.AppService - Get all games requestmpp2025.utils.GetAllGamesRequest@5829e4b0
2025-06-28 10:03:04 [Thread-1] WARN  o.h.e.jdbc.spi.SqlExceptionHelper - SQL Error: 1, SQLState: null
2025-06-28 10:03:04 [Thread-1] ERROR o.h.e.jdbc.spi.SqlExceptionHelper - [SQLITE_ERROR] SQL error or missing database (no such column: g1_0.success)
2025-06-28 10:05:13 [Thread-1] INFO  mpp2025.service.AppService - Login attempt for username: mihai
2025-06-28 10:05:14 [Thread-1] INFO  org.hibernate.Version - HHH000412: Hibernate ORM core version 6.4.4.Final
2025-06-28 10:05:14 [Thread-1] INFO  o.h.c.i.RegionFactoryInitiator - HHH000026: Second-level cache disabled
2025-06-28 10:05:14 [Thread-1] WARN  o.hibernate.orm.connections.pooling - HHH10001002: Using built-in connection pool (not intended for production use)
2025-06-28 10:05:14 [Thread-1] INFO  o.hibernate.orm.connections.pooling - HHH10001010: No JDBC driver class specified by hibernate.connection.driver_class
2025-06-28 10:05:14 [Thread-1] INFO  o.hibernate.orm.connections.pooling - HHH10001011: Loaded JDBC drivers: org.h2.Driver, org.sqlite.JDBC
2025-06-28 10:05:14 [Thread-1] INFO  o.hibernate.orm.connections.pooling - HHH10001012: Connecting with JDBC URL [jdbc:sqlite:C:\Users\razva\Desktop\Trivia\backend\JocTriviaMPP]
2025-06-28 10:05:14 [Thread-1] INFO  o.hibernate.orm.connections.pooling - HHH10001001: Connection properties: {}
2025-06-28 10:05:14 [Thread-1] INFO  o.hibernate.orm.connections.pooling - HHH10001003: Autocommit mode: false
2025-06-28 10:05:14 [Thread-1] INFO  o.hibernate.orm.connections.pooling - HHH10001115: Connection pool size: 20 (min=1)
2025-06-28 10:05:14 [Thread-1] INFO  o.h.validator.internal.util.Version - HV000001: Hibernate Validator 8.0.0.Final
2025-06-28 10:05:15 [Thread-1] INFO  o.h.e.t.j.p.i.JtaPlatformInitiator - HHH000489: No JTA platform available (set 'hibernate.transaction.jta.platform' to enable JTA platform integration)
2025-06-28 10:05:15 [Thread-1] INFO  o.hibernate.orm.connections.access - HHH10001501: Connection obtained from JdbcConnectionAccess [org.hibernate.engine.jdbc.env.internal.JdbcEnvironmentInitiator$ConnectionProviderJdbcConnectionAccess@117556ba] for (non-JTA) DDL execution was not in auto-commit mode; the Connection 'local transaction' will be committed and the Connection will be set into auto-commit mode.
2025-06-28 10:05:15 [Thread-1] INFO  mpp2025.service.AppService - Login successful for username: mihai
2025-06-28 10:05:15 [Thread-1] INFO  mpp2025.service.AppService - Get all questions requestmpp2025.utils.GetAllQuestionsRequest@568713a3
2025-06-28 10:05:15 [Thread-1] INFO  mpp2025.service.AppService - Get all games requestmpp2025.utils.GetAllGamesRequest@2108faf3
2025-06-28 10:05:17 [Thread-1] INFO  mpp2025.service.AppService - Get all questions requestmpp2025.utils.GetAllQuestionsRequest@9f94296
2025-06-28 10:05:19 [Thread-1] INFO  mpp2025.service.AppService - Get all questions requestmpp2025.utils.GetAllQuestionsRequest@3de234b7
2025-06-28 10:05:21 [Thread-1] INFO  mpp2025.service.AppService - Get all questions requestmpp2025.utils.GetAllQuestionsRequest@5829e4b0
2025-06-28 10:05:23 [Thread-1] INFO  mpp2025.service.AppService - Get all questions requestmpp2025.utils.GetAllQuestionsRequest@2d11283d
2025-06-28 10:05:23 [Thread-1] INFO  mpp2025.service.AppService - Get all questions requestmpp2025.utils.GetAllQuestionsRequest@5521cb98
2025-06-28 10:05:24 [Thread-1] INFO  mpp2025.service.AppService - Get all questions requestmpp2025.utils.GetAllQuestionsRequest@1c865790
2025-06-28 10:05:24 [Thread-1] INFO  mpp2025.service.AppService - Get all questions requestmpp2025.utils.GetAllQuestionsRequest@156c2b11
2025-06-28 10:05:26 [Thread-1] INFO  mpp2025.service.AppService - Get all questions requestmpp2025.utils.GetAllQuestionsRequest@6304522b
2025-06-28 10:05:26 [Thread-1] INFO  mpp2025.service.AppService - Get all questions requestmpp2025.utils.GetAllQuestionsRequest@45af634f
2025-06-28 10:05:27 [Thread-1] INFO  mpp2025.service.AppService - Get all questions requestmpp2025.utils.GetAllQuestionsRequest@4a219af5
2025-06-28 10:05:27 [Thread-1] INFO  mpp2025.service.AppService - Get all questions requestmpp2025.utils.GetAllQuestionsRequest@a35d26f
2025-06-28 10:05:28 [Thread-1] INFO  mpp2025.service.AppService - Get all questions requestmpp2025.utils.GetAllQuestionsRequest@5c114158
2025-06-28 10:05:28 [Thread-1] INFO  mpp2025.service.AppService - Get all questions requestmpp2025.utils.GetAllQuestionsRequest@2deedeb0
2025-06-28 10:05:29 [Thread-1] INFO  mpp2025.service.AppService - Get all questions requestmpp2025.utils.GetAllQuestionsRequest@276c9fe5
2025-06-28 10:05:43 [background-preinit] INFO  o.h.validator.internal.util.Version - HV000001: Hibernate Validator 8.0.0.Final
2025-06-28 10:05:43 [main] INFO  mpp2025.practic.PracticApp - Starting PracticApp using Java 21.0.7 with PID 16976 (C:\Users\razva\Desktop\Trivia\build\classes\java\main started by razva in C:\Users\razva\Desktop\Trivia)
2025-06-28 10:05:43 [main] INFO  mpp2025.practic.PracticApp - No active profile set, falling back to 1 default profile: "default"
2025-06-28 10:05:44 [main] INFO  o.s.b.w.e.tomcat.TomcatWebServer - Tomcat initialized with port 8080 (http)
2025-06-28 10:05:44 [main] INFO  o.a.coyote.http11.Http11NioProtocol - Initializing ProtocolHandler ["http-nio-8080"]
2025-06-28 10:05:44 [main] INFO  o.a.catalina.core.StandardService - Starting service [Tomcat]
2025-06-28 10:05:44 [main] INFO  o.a.catalina.core.StandardEngine - Starting Servlet engine: [Apache Tomcat/10.1.20]
2025-06-28 10:05:44 [main] INFO  o.a.c.c.C.[Tomcat].[localhost].[/] - Initializing Spring embedded WebApplicationContext
2025-06-28 10:05:44 [main] INFO  o.s.b.w.s.c.ServletWebServerApplicationContext - Root WebApplicationContext: initialization completed in 523 ms
2025-06-28 10:05:44 [main] INFO  o.a.coyote.http11.Http11NioProtocol - Starting ProtocolHandler ["http-nio-8080"]
2025-06-28 10:05:44 [main] INFO  o.s.b.w.e.tomcat.TomcatWebServer - Tomcat started on port 8080 (http) with context path ''
2025-06-28 10:05:44 [main] INFO  mpp2025.practic.PracticApp - Started PracticApp in 0.957 seconds (process running for 1.34)
2025-06-28 10:06:00 [http-nio-8080-exec-1] INFO  o.a.c.c.C.[Tomcat].[localhost].[/] - Initializing Spring DispatcherServlet 'dispatcherServlet'
2025-06-28 10:06:00 [http-nio-8080-exec-1] INFO  o.s.web.servlet.DispatcherServlet - Initializing Servlet 'dispatcherServlet'
2025-06-28 10:06:00 [http-nio-8080-exec-1] INFO  o.s.web.servlet.DispatcherServlet - Completed initialization in 0 ms
2025-06-28 10:06:00 [Thread-1] INFO  org.hibernate.Version - HHH000412: Hibernate ORM core version 6.4.4.Final
2025-06-28 10:06:00 [Thread-1] INFO  o.h.c.i.RegionFactoryInitiator - HHH000026: Second-level cache disabled
2025-06-28 10:06:00 [Thread-1] WARN  o.hibernate.orm.connections.pooling - HHH10001002: Using built-in connection pool (not intended for production use)
2025-06-28 10:06:00 [Thread-1] INFO  o.hibernate.orm.connections.pooling - HHH10001010: No JDBC driver class specified by hibernate.connection.driver_class
2025-06-28 10:06:00 [Thread-1] INFO  o.hibernate.orm.connections.pooling - HHH10001011: Loaded JDBC drivers: org.h2.Driver, org.sqlite.JDBC
2025-06-28 10:06:00 [Thread-1] INFO  o.hibernate.orm.connections.pooling - HHH10001012: Connecting with JDBC URL [jdbc:sqlite:C:\Users\razva\Desktop\Trivia\backend\JocTriviaMPP]
2025-06-28 10:06:00 [Thread-1] INFO  o.hibernate.orm.connections.pooling - HHH10001001: Connection properties: {}
2025-06-28 10:06:00 [Thread-1] INFO  o.hibernate.orm.connections.pooling - HHH10001003: Autocommit mode: false
2025-06-28 10:06:00 [Thread-1] INFO  o.hibernate.orm.connections.pooling - HHH10001115: Connection pool size: 20 (min=1)
2025-06-28 10:06:01 [Thread-1] INFO  o.h.validator.internal.util.Version - HV000001: Hibernate Validator 8.0.0.Final
2025-06-28 10:06:01 [Thread-1] INFO  o.h.e.t.j.p.i.JtaPlatformInitiator - HHH000489: No JTA platform available (set 'hibernate.transaction.jta.platform' to enable JTA platform integration)
2025-06-28 10:06:01 [Thread-1] INFO  o.hibernate.orm.connections.access - HHH10001501: Connection obtained from JdbcConnectionAccess [org.hibernate.engine.jdbc.env.internal.JdbcEnvironmentInitiator$ConnectionProviderJdbcConnectionAccess@22fcfa15] for (non-JTA) DDL execution was not in auto-commit mode; the Connection 'local transaction' will be committed and the Connection will be set into auto-commit mode.
2025-06-28 10:06:01 [Thread-1] WARN  o.h.e.jdbc.spi.SqlExceptionHelper - SQL Error: 19, SQLState: null
2025-06-28 10:06:01 [Thread-1] ERROR o.h.e.jdbc.spi.SqlExceptionHelper - [SQLITE_CONSTRAINT_NOTNULL] A NOT NULL constraint failed (NOT NULL constraint failed: questions.question_text)
2025-06-28 10:07:45 [Thread-1] INFO  mpp2025.service.AppService - Login attempt for username: mihai
2025-06-28 10:07:45 [Thread-1] INFO  org.hibernate.Version - HHH000412: Hibernate ORM core version 6.4.4.Final
2025-06-28 10:07:45 [Thread-1] INFO  o.h.c.i.RegionFactoryInitiator - HHH000026: Second-level cache disabled
2025-06-28 10:07:45 [Thread-1] WARN  o.hibernate.orm.connections.pooling - HHH10001002: Using built-in connection pool (not intended for production use)
2025-06-28 10:07:45 [Thread-1] INFO  o.hibernate.orm.connections.pooling - HHH10001010: No JDBC driver class specified by hibernate.connection.driver_class
2025-06-28 10:07:45 [Thread-1] INFO  o.hibernate.orm.connections.pooling - HHH10001011: Loaded JDBC drivers: org.h2.Driver, org.sqlite.JDBC
2025-06-28 10:07:45 [Thread-1] INFO  o.hibernate.orm.connections.pooling - HHH10001012: Connecting with JDBC URL [jdbc:sqlite:C:\Users\razva\Desktop\Trivia\backend\JocTriviaMPP]
2025-06-28 10:07:45 [Thread-1] INFO  o.hibernate.orm.connections.pooling - HHH10001001: Connection properties: {}
2025-06-28 10:07:45 [Thread-1] INFO  o.hibernate.orm.connections.pooling - HHH10001003: Autocommit mode: false
2025-06-28 10:07:45 [Thread-1] INFO  o.hibernate.orm.connections.pooling - HHH10001115: Connection pool size: 20 (min=1)
2025-06-28 10:07:46 [Thread-1] INFO  o.h.validator.internal.util.Version - HV000001: Hibernate Validator 8.0.0.Final
2025-06-28 10:07:46 [Thread-1] INFO  o.h.e.t.j.p.i.JtaPlatformInitiator - HHH000489: No JTA platform available (set 'hibernate.transaction.jta.platform' to enable JTA platform integration)
2025-06-28 10:07:46 [Thread-1] INFO  o.hibernate.orm.connections.access - HHH10001501: Connection obtained from JdbcConnectionAccess [org.hibernate.engine.jdbc.env.internal.JdbcEnvironmentInitiator$ConnectionProviderJdbcConnectionAccess@117556ba] for (non-JTA) DDL execution was not in auto-commit mode; the Connection 'local transaction' will be committed and the Connection will be set into auto-commit mode.
2025-06-28 10:07:47 [Thread-1] INFO  mpp2025.service.AppService - Login successful for username: mihai
2025-06-28 10:07:47 [Thread-1] INFO  mpp2025.service.AppService - Get all questions requestmpp2025.utils.GetAllQuestionsRequest@568713a3
2025-06-28 10:07:47 [Thread-1] INFO  mpp2025.service.AppService - Get all games requestmpp2025.utils.GetAllGamesRequest@2108faf3
2025-06-28 10:07:49 [Thread-1] INFO  mpp2025.service.AppService - Get all questions requestmpp2025.utils.GetAllQuestionsRequest@9f94296
2025-06-28 10:07:50 [Thread-1] INFO  mpp2025.service.AppService - Get all questions requestmpp2025.utils.GetAllQuestionsRequest@3de234b7
2025-06-28 10:07:51 [Thread-1] INFO  mpp2025.service.AppService - Get all questions requestmpp2025.utils.GetAllQuestionsRequest@5829e4b0
2025-06-28 10:07:52 [Thread-1] INFO  mpp2025.service.AppService - Get all questions requestmpp2025.utils.GetAllQuestionsRequest@2d11283d
2025-06-28 10:07:53 [Thread-1] INFO  mpp2025.service.AppService - Get all questions requestmpp2025.utils.GetAllQuestionsRequest@5521cb98
2025-06-28 10:07:55 [Thread-1] INFO  mpp2025.service.AppService - Submit game requestSubmitGameRequest{gameDTO=GameDTO(id=null, numberPoints=74, success=true, username=mihai, duration=8, i1=null, i2=null, i3=null, i4=null, i5=null, i6=null, r1=null, r2=null, r3=null, r4=null, r5=null, r6=null, p1=0, p2=0, p3=0, p4=0, p5=0, p6=0)}
2025-06-28 10:07:55 [Thread-1] INFO  mpp2025.service.AppService - Get all questions requestmpp2025.utils.GetAllQuestionsRequest@547fcfab
2025-06-28 10:07:55 [Thread-1] INFO  mpp2025.service.AppService - Get all games requestmpp2025.utils.GetAllGamesRequest@3b7f182c
2025-06-28 10:07:55 [Thread-1] INFO  mpp2025.service.AppService - Get all games requestmpp2025.utils.GetAllGamesRequest@1326b2f6
2025-06-28 10:08:27 [Thread-1] INFO  mpp2025.service.AppService - Login attempt for username: mihai
2025-06-28 10:08:27 [Thread-1] INFO  org.hibernate.Version - HHH000412: Hibernate ORM core version 6.4.4.Final
2025-06-28 10:08:27 [Thread-1] INFO  o.h.c.i.RegionFactoryInitiator - HHH000026: Second-level cache disabled
2025-06-28 10:08:27 [Thread-1] WARN  o.hibernate.orm.connections.pooling - HHH10001002: Using built-in connection pool (not intended for production use)
2025-06-28 10:08:27 [Thread-1] INFO  o.hibernate.orm.connections.pooling - HHH10001010: No JDBC driver class specified by hibernate.connection.driver_class
2025-06-28 10:08:27 [Thread-1] INFO  o.hibernate.orm.connections.pooling - HHH10001011: Loaded JDBC drivers: org.h2.Driver, org.sqlite.JDBC
2025-06-28 10:08:27 [Thread-1] INFO  o.hibernate.orm.connections.pooling - HHH10001012: Connecting with JDBC URL [jdbc:sqlite:C:\Users\razva\Desktop\Trivia\backend\JocTriviaMPP]
2025-06-28 10:08:27 [Thread-1] INFO  o.hibernate.orm.connections.pooling - HHH10001001: Connection properties: {}
2025-06-28 10:08:27 [Thread-1] INFO  o.hibernate.orm.connections.pooling - HHH10001003: Autocommit mode: false
2025-06-28 10:08:27 [Thread-1] INFO  o.hibernate.orm.connections.pooling - HHH10001115: Connection pool size: 20 (min=1)
2025-06-28 10:08:28 [Thread-1] INFO  o.h.validator.internal.util.Version - HV000001: Hibernate Validator 8.0.0.Final
2025-06-28 10:08:28 [Thread-1] INFO  o.h.e.t.j.p.i.JtaPlatformInitiator - HHH000489: No JTA platform available (set 'hibernate.transaction.jta.platform' to enable JTA platform integration)
2025-06-28 10:08:28 [Thread-1] INFO  o.hibernate.orm.connections.access - HHH10001501: Connection obtained from JdbcConnectionAccess [org.hibernate.engine.jdbc.env.internal.JdbcEnvironmentInitiator$ConnectionProviderJdbcConnectionAccess@117556ba] for (non-JTA) DDL execution was not in auto-commit mode; the Connection 'local transaction' will be committed and the Connection will be set into auto-commit mode.
2025-06-28 10:08:29 [Thread-1] INFO  mpp2025.service.AppService - Login successful for username: mihai
2025-06-28 10:08:29 [Thread-1] INFO  mpp2025.service.AppService - Get all questions requestmpp2025.utils.GetAllQuestionsRequest@568713a3
2025-06-28 10:08:29 [Thread-1] INFO  mpp2025.service.AppService - Get all games requestmpp2025.utils.GetAllGamesRequest@2108faf3
2025-06-28 10:08:31 [Thread-2] INFO  mpp2025.service.AppService - Login attempt for username: mirel
2025-06-28 10:08:31 [Thread-2] INFO  mpp2025.service.AppService - Login successful for username: mirel
2025-06-28 10:08:31 [Thread-2] INFO  mpp2025.service.AppService - Get all questions requestmpp2025.utils.GetAllQuestionsRequest@28fd0e16
2025-06-28 10:08:31 [Thread-2] INFO  mpp2025.service.AppService - Get all games requestmpp2025.utils.GetAllGamesRequest@3c8738a1
2025-06-28 10:08:32 [Thread-2] INFO  mpp2025.service.AppService - Get all questions requestmpp2025.utils.GetAllQuestionsRequest@9be573
2025-06-28 10:08:33 [Thread-2] INFO  mpp2025.service.AppService - Get all questions requestmpp2025.utils.GetAllQuestionsRequest@58077099
2025-06-28 10:08:33 [Thread-2] INFO  mpp2025.service.AppService - Get all questions requestmpp2025.utils.GetAllQuestionsRequest@2635e567
2025-06-28 10:08:34 [Thread-2] INFO  mpp2025.service.AppService - Get all questions requestmpp2025.utils.GetAllQuestionsRequest@5e0983ad
2025-06-28 10:08:34 [Thread-2] INFO  mpp2025.service.AppService - Get all questions requestmpp2025.utils.GetAllQuestionsRequest@57ec4782
2025-06-28 10:08:35 [Thread-2] INFO  mpp2025.service.AppService - Submit game requestSubmitGameRequest{gameDTO=GameDTO(id=null, numberPoints=-12, success=true, username=mirel, duration=3, i1=null, i2=null, i3=null, i4=null, i5=null, i6=null, r1=null, r2=null, r3=null, r4=null, r5=null, r6=null, p1=0, p2=0, p3=0, p4=0, p5=0, p6=0)}
2025-06-28 10:08:35 [Thread-2] INFO  mpp2025.service.AppService - Get all questions requestmpp2025.utils.GetAllQuestionsRequest@16bdddfb
2025-06-28 10:08:35 [Thread-1] INFO  mpp2025.service.AppService - Get all games requestmpp2025.utils.GetAllGamesRequest@5e1c4e68
2025-06-28 10:08:35 [Thread-2] INFO  mpp2025.service.AppService - Get all games requestmpp2025.utils.GetAllGamesRequest@2f70ac2b
2025-06-28 10:08:35 [Thread-2] INFO  mpp2025.service.AppService - Get all games requestmpp2025.utils.GetAllGamesRequest@57834363
2025-06-28 10:09:52 [background-preinit] INFO  o.h.validator.internal.util.Version - HV000001: Hibernate Validator 8.0.0.Final
2025-06-28 10:09:52 [main] INFO  mpp2025.practic.PracticApp - Starting PracticApp using Java 21.0.7 with PID 31928 (C:\Users\razva\Desktop\Trivia\build\classes\java\main started by razva in C:\Users\razva\Desktop\Trivia)
2025-06-28 10:09:52 [main] INFO  mpp2025.practic.PracticApp - No active profile set, falling back to 1 default profile: "default"
2025-06-28 10:09:53 [main] INFO  o.s.b.w.e.tomcat.TomcatWebServer - Tomcat initialized with port 8080 (http)
2025-06-28 10:09:53 [main] INFO  o.a.coyote.http11.Http11NioProtocol - Initializing ProtocolHandler ["http-nio-8080"]
2025-06-28 10:09:53 [main] INFO  o.a.catalina.core.StandardService - Starting service [Tomcat]
2025-06-28 10:09:53 [main] INFO  o.a.catalina.core.StandardEngine - Starting Servlet engine: [Apache Tomcat/10.1.20]
2025-06-28 10:09:53 [main] INFO  o.a.c.c.C.[Tomcat].[localhost].[/] - Initializing Spring embedded WebApplicationContext
2025-06-28 10:09:53 [main] INFO  o.s.b.w.s.c.ServletWebServerApplicationContext - Root WebApplicationContext: initialization completed in 682 ms
2025-06-28 10:09:53 [main] INFO  o.a.coyote.http11.Http11NioProtocol - Starting ProtocolHandler ["http-nio-8080"]
2025-06-28 10:09:53 [main] INFO  o.s.b.w.e.tomcat.TomcatWebServer - Tomcat started on port 8080 (http) with context path ''
2025-06-28 10:09:53 [main] INFO  mpp2025.practic.PracticApp - Started PracticApp in 1.237 seconds (process running for 1.755)
2025-06-28 10:10:11 [http-nio-8080-exec-1] INFO  o.a.c.c.C.[Tomcat].[localhost].[/] - Initializing Spring DispatcherServlet 'dispatcherServlet'
2025-06-28 10:10:11 [http-nio-8080-exec-1] INFO  o.s.web.servlet.DispatcherServlet - Initializing Servlet 'dispatcherServlet'
2025-06-28 10:10:11 [http-nio-8080-exec-1] INFO  o.s.web.servlet.DispatcherServlet - Completed initialization in 1 ms
2025-06-28 10:13:29 [background-preinit] INFO  o.h.validator.internal.util.Version - HV000001: Hibernate Validator 8.0.0.Final
2025-06-28 10:13:29 [main] INFO  mpp2025.practic.PracticApp - Starting PracticApp using Java 21.0.7 with PID 2056 (C:\Users\razva\Desktop\Trivia\build\classes\java\main started by razva in C:\Users\razva\Desktop\Trivia)
2025-06-28 10:13:29 [main] INFO  mpp2025.practic.PracticApp - No active profile set, falling back to 1 default profile: "default"
2025-06-28 10:13:29 [main] INFO  o.s.b.w.e.tomcat.TomcatWebServer - Tomcat initialized with port 8080 (http)
2025-06-28 10:13:29 [main] INFO  o.a.coyote.http11.Http11NioProtocol - Initializing ProtocolHandler ["http-nio-8080"]
2025-06-28 10:13:29 [main] INFO  o.a.catalina.core.StandardService - Starting service [Tomcat]
2025-06-28 10:13:29 [main] INFO  o.a.catalina.core.StandardEngine - Starting Servlet engine: [Apache Tomcat/10.1.20]
2025-06-28 10:13:29 [main] INFO  o.a.c.c.C.[Tomcat].[localhost].[/] - Initializing Spring embedded WebApplicationContext
2025-06-28 10:13:29 [main] INFO  o.s.b.w.s.c.ServletWebServerApplicationContext - Root WebApplicationContext: initialization completed in 543 ms
2025-06-28 10:13:30 [main] INFO  o.a.coyote.http11.Http11NioProtocol - Starting ProtocolHandler ["http-nio-8080"]
2025-06-28 10:13:30 [main] INFO  o.s.b.w.e.tomcat.TomcatWebServer - Tomcat started on port 8080 (http) with context path ''
2025-06-28 10:13:30 [main] INFO  mpp2025.practic.PracticApp - Started PracticApp in 0.982 seconds (process running for 1.374)
2025-06-28 10:13:42 [http-nio-8080-exec-1] INFO  o.a.c.c.C.[Tomcat].[localhost].[/] - Initializing Spring DispatcherServlet 'dispatcherServlet'
2025-06-28 10:13:42 [http-nio-8080-exec-1] INFO  o.s.web.servlet.DispatcherServlet - Initializing Servlet 'dispatcherServlet'
2025-06-28 10:13:42 [http-nio-8080-exec-1] INFO  o.s.web.servlet.DispatcherServlet - Completed initialization in 5 ms
2025-06-28 10:16:15 [Thread-1] INFO  org.hibernate.Version - HHH000412: Hibernate ORM core version 6.4.4.Final
2025-06-28 10:16:15 [Thread-1] INFO  o.h.c.i.RegionFactoryInitiator - HHH000026: Second-level cache disabled
2025-06-28 10:16:15 [Thread-1] WARN  o.hibernate.orm.connections.pooling - HHH10001002: Using built-in connection pool (not intended for production use)
2025-06-28 10:16:15 [Thread-1] INFO  o.hibernate.orm.connections.pooling - HHH10001010: No JDBC driver class specified by hibernate.connection.driver_class
2025-06-28 10:16:15 [Thread-1] INFO  o.hibernate.orm.connections.pooling - HHH10001011: Loaded JDBC drivers: org.h2.Driver, org.sqlite.JDBC
2025-06-28 10:16:15 [Thread-1] INFO  o.hibernate.orm.connections.pooling - HHH10001012: Connecting with JDBC URL [jdbc:sqlite:C:\Users\razva\Desktop\Trivia\backend\JocTriviaMPP]
2025-06-28 10:16:15 [Thread-1] INFO  o.hibernate.orm.connections.pooling - HHH10001001: Connection properties: {}
2025-06-28 10:16:15 [Thread-1] INFO  o.hibernate.orm.connections.pooling - HHH10001003: Autocommit mode: false
2025-06-28 10:16:15 [Thread-1] INFO  o.hibernate.orm.connections.pooling - HHH10001115: Connection pool size: 20 (min=1)
2025-06-28 10:16:16 [Thread-1] INFO  o.h.validator.internal.util.Version - HV000001: Hibernate Validator 8.0.0.Final
2025-06-28 10:16:17 [Thread-1] INFO  o.h.e.t.j.p.i.JtaPlatformInitiator - HHH000489: No JTA platform available (set 'hibernate.transaction.jta.platform' to enable JTA platform integration)
2025-06-28 10:16:17 [Thread-1] INFO  o.hibernate.orm.connections.access - HHH10001501: Connection obtained from JdbcConnectionAccess [org.hibernate.engine.jdbc.env.internal.JdbcEnvironmentInitiator$ConnectionProviderJdbcConnectionAccess@22fcfa15] for (non-JTA) DDL execution was not in auto-commit mode; the Connection 'local transaction' will be committed and the Connection will be set into auto-commit mode.
2025-06-28 10:16:17 [Thread-1] WARN  o.h.e.jdbc.spi.SqlExceptionHelper - SQL Error: 19, SQLState: null
2025-06-28 10:16:17 [Thread-1] ERROR o.h.e.jdbc.spi.SqlExceptionHelper - [SQLITE_CONSTRAINT_NOTNULL] A NOT NULL constraint failed (NOT NULL constraint failed: questions.question_text)
2025-06-28 10:16:46 [background-preinit] INFO  o.h.validator.internal.util.Version - HV000001: Hibernate Validator 8.0.0.Final
2025-06-28 10:16:46 [main] INFO  mpp2025.practic.PracticApp - Starting PracticApp using Java 21.0.7 with PID 59984 (C:\Users\razva\Desktop\Trivia\build\classes\java\main started by razva in C:\Users\razva\Desktop\Trivia)
2025-06-28 10:16:46 [main] INFO  mpp2025.practic.PracticApp - No active profile set, falling back to 1 default profile: "default"
2025-06-28 10:16:46 [main] INFO  o.s.b.w.e.tomcat.TomcatWebServer - Tomcat initialized with port 8080 (http)
2025-06-28 10:16:46 [main] INFO  o.a.coyote.http11.Http11NioProtocol - Initializing ProtocolHandler ["http-nio-8080"]
2025-06-28 10:16:46 [main] INFO  o.a.catalina.core.StandardService - Starting service [Tomcat]
2025-06-28 10:16:46 [main] INFO  o.a.catalina.core.StandardEngine - Starting Servlet engine: [Apache Tomcat/10.1.20]
2025-06-28 10:16:47 [main] INFO  o.a.c.c.C.[Tomcat].[localhost].[/] - Initializing Spring embedded WebApplicationContext
2025-06-28 10:16:47 [main] INFO  o.s.b.w.s.c.ServletWebServerApplicationContext - Root WebApplicationContext: initialization completed in 740 ms
2025-06-28 10:16:47 [main] INFO  o.a.coyote.http11.Http11NioProtocol - Starting ProtocolHandler ["http-nio-8080"]
2025-06-28 10:16:47 [main] INFO  o.s.b.w.e.tomcat.TomcatWebServer - Tomcat started on port 8080 (http) with context path ''
2025-06-28 10:16:47 [main] INFO  mpp2025.practic.PracticApp - Started PracticApp in 1.325 seconds (process running for 1.887)
2025-06-28 10:16:51 [http-nio-8080-exec-1] INFO  o.a.c.c.C.[Tomcat].[localhost].[/] - Initializing Spring DispatcherServlet 'dispatcherServlet'
2025-06-28 10:16:51 [http-nio-8080-exec-1] INFO  o.s.web.servlet.DispatcherServlet - Initializing Servlet 'dispatcherServlet'
2025-06-28 10:16:51 [http-nio-8080-exec-1] INFO  o.s.web.servlet.DispatcherServlet - Completed initialization in 1 ms
2025-06-28 10:16:51 [Thread-1] INFO  org.hibernate.Version - HHH000412: Hibernate ORM core version 6.4.4.Final
2025-06-28 10:16:52 [Thread-1] INFO  o.h.c.i.RegionFactoryInitiator - HHH000026: Second-level cache disabled
2025-06-28 10:16:52 [Thread-1] WARN  o.hibernate.orm.connections.pooling - HHH10001002: Using built-in connection pool (not intended for production use)
2025-06-28 10:16:52 [Thread-1] INFO  o.hibernate.orm.connections.pooling - HHH10001010: No JDBC driver class specified by hibernate.connection.driver_class
2025-06-28 10:16:52 [Thread-1] INFO  o.hibernate.orm.connections.pooling - HHH10001011: Loaded JDBC drivers: org.h2.Driver, org.sqlite.JDBC
2025-06-28 10:16:52 [Thread-1] INFO  o.hibernate.orm.connections.pooling - HHH10001012: Connecting with JDBC URL [jdbc:sqlite:C:\Users\razva\Desktop\Trivia\backend\JocTriviaMPP]
2025-06-28 10:16:52 [Thread-1] INFO  o.hibernate.orm.connections.pooling - HHH10001001: Connection properties: {}
2025-06-28 10:16:52 [Thread-1] INFO  o.hibernate.orm.connections.pooling - HHH10001003: Autocommit mode: false
2025-06-28 10:16:52 [Thread-1] INFO  o.hibernate.orm.connections.pooling - HHH10001115: Connection pool size: 20 (min=1)
2025-06-28 10:16:52 [Thread-1] INFO  o.h.validator.internal.util.Version - HV000001: Hibernate Validator 8.0.0.Final
2025-06-28 10:16:53 [Thread-1] INFO  o.h.e.t.j.p.i.JtaPlatformInitiator - HHH000489: No JTA platform available (set 'hibernate.transaction.jta.platform' to enable JTA platform integration)
2025-06-28 10:16:53 [Thread-1] INFO  o.hibernate.orm.connections.access - HHH10001501: Connection obtained from JdbcConnectionAccess [org.hibernate.engine.jdbc.env.internal.JdbcEnvironmentInitiator$ConnectionProviderJdbcConnectionAccess@22fcfa15] for (non-JTA) DDL execution was not in auto-commit mode; the Connection 'local transaction' will be committed and the Connection will be set into auto-commit mode.
2025-06-28 10:16:53 [Thread-1] WARN  o.h.e.jdbc.spi.SqlExceptionHelper - SQL Error: 19, SQLState: null
2025-06-28 10:16:53 [Thread-1] ERROR o.h.e.jdbc.spi.SqlExceptionHelper - [SQLITE_CONSTRAINT_NOTNULL] A NOT NULL constraint failed (NOT NULL constraint failed: questions.question_text)
2025-06-28 12:24:32 [Thread-2] INFO  mpp2025.service.AppService - Login attempt for username: mihai
2025-06-28 12:24:32 [Thread-2] INFO  org.hibernate.Version - HHH000412: Hibernate ORM core version 6.4.4.Final
2025-06-28 12:24:32 [Thread-2] INFO  o.h.c.i.RegionFactoryInitiator - HHH000026: Second-level cache disabled
2025-06-28 12:24:33 [Thread-2] WARN  o.hibernate.orm.connections.pooling - HHH10001002: Using built-in connection pool (not intended for production use)
2025-06-28 12:24:33 [Thread-2] INFO  o.hibernate.orm.connections.pooling - HHH10001010: No JDBC driver class specified by hibernate.connection.driver_class
2025-06-28 12:24:33 [Thread-2] INFO  o.hibernate.orm.connections.pooling - HHH10001011: Loaded JDBC drivers: org.h2.Driver, org.sqlite.JDBC
2025-06-28 12:24:33 [Thread-2] INFO  o.hibernate.orm.connections.pooling - HHH10001012: Connecting with JDBC URL [jdbc:sqlite:C:\Users\razva\Desktop\Trivia\backend\JocTriviaMPP]
2025-06-28 12:24:33 [Thread-2] INFO  o.hibernate.orm.connections.pooling - HHH10001001: Connection properties: {}
2025-06-28 12:24:33 [Thread-2] INFO  o.hibernate.orm.connections.pooling - HHH10001003: Autocommit mode: false
2025-06-28 12:24:33 [Thread-2] INFO  o.hibernate.orm.connections.pooling - HHH10001115: Connection pool size: 20 (min=1)
2025-06-28 12:24:33 [Thread-2] INFO  o.h.validator.internal.util.Version - HV000001: Hibernate Validator 8.0.0.Final
2025-06-28 12:24:34 [Thread-2] INFO  o.h.e.t.j.p.i.JtaPlatformInitiator - HHH000489: No JTA platform available (set 'hibernate.transaction.jta.platform' to enable JTA platform integration)
2025-06-28 12:24:34 [Thread-2] INFO  o.hibernate.orm.connections.access - HHH10001501: Connection obtained from JdbcConnectionAccess [org.hibernate.engine.jdbc.env.internal.JdbcEnvironmentInitiator$ConnectionProviderJdbcConnectionAccess@5f99bc80] for (non-JTA) DDL execution was not in auto-commit mode; the Connection 'local transaction' will be committed and the Connection will be set into auto-commit mode.
2025-06-28 12:24:34 [Thread-2] INFO  mpp2025.service.AppService - Login successful for username: mihai
2025-06-28 12:24:34 [Thread-2] INFO  mpp2025.service.AppService - Get all questions requestmpp2025.utils.GetAllQuestionsRequest@7cc73942
2025-06-28 12:24:34 [Thread-2] INFO  mpp2025.service.AppService - Get all games requestmpp2025.utils.GetAllGamesRequest@2fca4e49
2025-06-28 12:24:37 [Thread-1] INFO  mpp2025.service.AppService - Login attempt for username: mirel
2025-06-28 12:24:37 [Thread-1] INFO  mpp2025.service.AppService - Login successful for username: mirel
2025-06-28 12:24:37 [Thread-1] INFO  mpp2025.service.AppService - Get all questions requestmpp2025.utils.GetAllQuestionsRequest@7b081ed3
2025-06-28 12:24:37 [Thread-1] INFO  mpp2025.service.AppService - Get all games requestmpp2025.utils.GetAllGamesRequest@6035c16d
2025-06-28 12:24:56 [Thread-2] INFO  mpp2025.service.AppService - Get all questions requestmpp2025.utils.GetAllQuestionsRequest@4a7014f8
2025-06-28 12:24:59 [Thread-2] INFO  mpp2025.service.AppService - Get all questions requestmpp2025.utils.GetAllQuestionsRequest@6fa90dd
2025-06-28 12:25:02 [Thread-2] INFO  mpp2025.service.AppService - Get all questions requestmpp2025.utils.GetAllQuestionsRequest@5a7fa476
2025-06-28 12:25:04 [Thread-2] INFO  mpp2025.service.AppService - Get all questions requestmpp2025.utils.GetAllQuestionsRequest@146d741c
2025-06-28 12:25:06 [Thread-2] INFO  mpp2025.service.AppService - Get all questions requestmpp2025.utils.GetAllQuestionsRequest@49e64924
2025-06-28 12:25:10 [Thread-2] INFO  mpp2025.service.AppService - Submit game requestSubmitGameRequest{gameDTO=GameDTO(id=null, numberPoints=36, success=true, username=mihai, duration=35, i1=null, i2=null, i3=null, i4=null, i5=null, i6=null, r1=null, r2=null, r3=null, r4=null, r5=null, r6=null, p1=0, p2=0, p3=0, p4=0, p5=0, p6=0)}
2025-06-28 12:25:10 [Thread-2] INFO  mpp2025.service.AppService - Get all questions requestmpp2025.utils.GetAllQuestionsRequest@29af519b
2025-06-28 12:25:10 [Thread-1] INFO  mpp2025.service.AppService - Get all games requestmpp2025.utils.GetAllGamesRequest@407d32c5
2025-06-28 12:25:10 [Thread-2] INFO  mpp2025.service.AppService - Get all games requestmpp2025.utils.GetAllGamesRequest@20c821b0
2025-06-28 12:25:10 [Thread-2] INFO  mpp2025.service.AppService - Get all games requestmpp2025.utils.GetAllGamesRequest@476b9a00
2025-06-28 12:25:22 [Thread-1] INFO  mpp2025.service.AppService - Get all questions requestmpp2025.utils.GetAllQuestionsRequest@4d2caf60
2025-06-28 12:25:23 [Thread-1] INFO  mpp2025.service.AppService - Get all questions requestmpp2025.utils.GetAllQuestionsRequest@18c66299
2025-06-28 12:25:23 [Thread-1] INFO  mpp2025.service.AppService - Get all questions requestmpp2025.utils.GetAllQuestionsRequest@2f0a8515
2025-06-28 12:25:24 [Thread-1] INFO  mpp2025.service.AppService - Get all questions requestmpp2025.utils.GetAllQuestionsRequest@64c02d4e
2025-06-28 12:27:32 [background-preinit] INFO  o.h.validator.internal.util.Version - HV000001: Hibernate Validator 8.0.0.Final
2025-06-28 12:27:33 [main] INFO  mpp2025.practic.PracticApp - Starting PracticApp using Java 21.0.7 with PID 57792 (C:\Users\razva\Desktop\Trivia\build\classes\java\main started by razva in C:\Users\razva\Desktop\Trivia)
2025-06-28 12:27:33 [main] INFO  mpp2025.practic.PracticApp - No active profile set, falling back to 1 default profile: "default"
2025-06-28 12:27:33 [main] INFO  o.s.b.w.e.tomcat.TomcatWebServer - Tomcat initialized with port 8080 (http)
2025-06-28 12:27:33 [main] INFO  o.a.coyote.http11.Http11NioProtocol - Initializing ProtocolHandler ["http-nio-8080"]
2025-06-28 12:27:33 [main] INFO  o.a.catalina.core.StandardService - Starting service [Tomcat]
2025-06-28 12:27:33 [main] INFO  o.a.catalina.core.StandardEngine - Starting Servlet engine: [Apache Tomcat/10.1.20]
2025-06-28 12:27:33 [main] INFO  o.a.c.c.C.[Tomcat].[localhost].[/] - Initializing Spring embedded WebApplicationContext
2025-06-28 12:27:33 [main] INFO  o.s.b.w.s.c.ServletWebServerApplicationContext - Root WebApplicationContext: initialization completed in 710 ms
2025-06-28 12:27:34 [main] INFO  o.a.coyote.http11.Http11NioProtocol - Starting ProtocolHandler ["http-nio-8080"]
2025-06-28 12:27:34 [main] INFO  o.s.b.w.e.tomcat.TomcatWebServer - Tomcat started on port 8080 (http) with context path ''
2025-06-28 12:27:34 [main] INFO  mpp2025.practic.PracticApp - Started PracticApp in 1.287 seconds (process running for 1.862)
2025-06-28 12:27:36 [http-nio-8080-exec-1] INFO  o.a.c.c.C.[Tomcat].[localhost].[/] - Initializing Spring DispatcherServlet 'dispatcherServlet'
2025-06-28 12:27:36 [http-nio-8080-exec-1] INFO  o.s.web.servlet.DispatcherServlet - Initializing Servlet 'dispatcherServlet'
2025-06-28 12:27:36 [http-nio-8080-exec-1] INFO  o.s.web.servlet.DispatcherServlet - Completed initialization in 0 ms
2025-06-28 12:27:36 [Thread-1] INFO  mpp2025.service.AppService - Get all games requestmpp2025.utils.GetAllGamesRequest@6e0632b9
2025-06-28 12:27:36 [Thread-1] INFO  org.hibernate.Version - HHH000412: Hibernate ORM core version 6.4.4.Final
2025-06-28 12:27:36 [Thread-1] INFO  o.h.c.i.RegionFactoryInitiator - HHH000026: Second-level cache disabled
2025-06-28 12:27:37 [Thread-1] WARN  o.hibernate.orm.connections.pooling - HHH10001002: Using built-in connection pool (not intended for production use)
2025-06-28 12:27:37 [Thread-1] INFO  o.hibernate.orm.connections.pooling - HHH10001010: No JDBC driver class specified by hibernate.connection.driver_class
2025-06-28 12:27:37 [Thread-1] INFO  o.hibernate.orm.connections.pooling - HHH10001011: Loaded JDBC drivers: org.h2.Driver, org.sqlite.JDBC
2025-06-28 12:27:37 [Thread-1] INFO  o.hibernate.orm.connections.pooling - HHH10001012: Connecting with JDBC URL [jdbc:sqlite:C:\Users\razva\Desktop\Trivia\backend\JocTriviaMPP]
2025-06-28 12:27:37 [Thread-1] INFO  o.hibernate.orm.connections.pooling - HHH10001001: Connection properties: {}
2025-06-28 12:27:37 [Thread-1] INFO  o.hibernate.orm.connections.pooling - HHH10001003: Autocommit mode: false
2025-06-28 12:27:37 [Thread-1] INFO  o.hibernate.orm.connections.pooling - HHH10001115: Connection pool size: 20 (min=1)
2025-06-28 12:27:37 [Thread-1] INFO  o.h.validator.internal.util.Version - HV000001: Hibernate Validator 8.0.0.Final
2025-06-28 12:27:38 [Thread-1] INFO  o.h.e.t.j.p.i.JtaPlatformInitiator - HHH000489: No JTA platform available (set 'hibernate.transaction.jta.platform' to enable JTA platform integration)
2025-06-28 12:27:38 [Thread-1] INFO  o.hibernate.orm.connections.access - HHH10001501: Connection obtained from JdbcConnectionAccess [org.hibernate.engine.jdbc.env.internal.JdbcEnvironmentInitiator$ConnectionProviderJdbcConnectionAccess@56ba912a] for (non-JTA) DDL execution was not in auto-commit mode; the Connection 'local transaction' will be committed and the Connection will be set into auto-commit mode.
2025-06-28 12:28:05 [Thread-1] WARN  o.h.e.jdbc.spi.SqlExceptionHelper - SQL Error: 19, SQLState: null
2025-06-28 12:28:05 [Thread-1] ERROR o.h.e.jdbc.spi.SqlExceptionHelper - [SQLITE_CONSTRAINT_NOTNULL] A NOT NULL constraint failed (NOT NULL constraint failed: games.success)
2025-06-28 12:29:05 [background-preinit] INFO  o.h.validator.internal.util.Version - HV000001: Hibernate Validator 8.0.0.Final
2025-06-28 12:29:05 [main] INFO  mpp2025.practic.PracticApp - Starting PracticApp using Java 21.0.7 with PID 32096 (C:\Users\razva\Desktop\Trivia\build\classes\java\main started by razva in C:\Users\razva\Desktop\Trivia)
2025-06-28 12:29:05 [main] INFO  mpp2025.practic.PracticApp - No active profile set, falling back to 1 default profile: "default"
2025-06-28 12:29:06 [main] INFO  o.s.b.w.e.tomcat.TomcatWebServer - Tomcat initialized with port 8080 (http)
2025-06-28 12:29:06 [main] INFO  o.a.coyote.http11.Http11NioProtocol - Initializing ProtocolHandler ["http-nio-8080"]
2025-06-28 12:29:06 [main] INFO  o.a.catalina.core.StandardService - Starting service [Tomcat]
2025-06-28 12:29:06 [main] INFO  o.a.catalina.core.StandardEngine - Starting Servlet engine: [Apache Tomcat/10.1.20]
2025-06-28 12:29:06 [main] INFO  o.a.c.c.C.[Tomcat].[localhost].[/] - Initializing Spring embedded WebApplicationContext
2025-06-28 12:29:06 [main] INFO  o.s.b.w.s.c.ServletWebServerApplicationContext - Root WebApplicationContext: initialization completed in 605 ms
2025-06-28 12:29:06 [main] INFO  o.a.coyote.http11.Http11NioProtocol - Starting ProtocolHandler ["http-nio-8080"]
2025-06-28 12:29:06 [main] INFO  o.s.b.w.e.tomcat.TomcatWebServer - Tomcat started on port 8080 (http) with context path ''
2025-06-28 12:29:06 [main] INFO  mpp2025.practic.PracticApp - Started PracticApp in 1.061 seconds (process running for 1.471)
2025-06-28 12:29:14 [http-nio-8080-exec-1] INFO  o.a.c.c.C.[Tomcat].[localhost].[/] - Initializing Spring DispatcherServlet 'dispatcherServlet'
2025-06-28 12:29:14 [http-nio-8080-exec-1] INFO  o.s.web.servlet.DispatcherServlet - Initializing Servlet 'dispatcherServlet'
2025-06-28 12:29:14 [http-nio-8080-exec-1] INFO  o.s.web.servlet.DispatcherServlet - Completed initialization in 1 ms
2025-06-28 12:29:14 [Thread-1] INFO  org.hibernate.Version - HHH000412: Hibernate ORM core version 6.4.4.Final
2025-06-28 12:29:14 [Thread-1] INFO  o.h.c.i.RegionFactoryInitiator - HHH000026: Second-level cache disabled
2025-06-28 12:29:14 [Thread-1] WARN  o.hibernate.orm.connections.pooling - HHH10001002: Using built-in connection pool (not intended for production use)
2025-06-28 12:29:14 [Thread-1] INFO  o.hibernate.orm.connections.pooling - HHH10001010: No JDBC driver class specified by hibernate.connection.driver_class
2025-06-28 12:29:14 [Thread-1] INFO  o.hibernate.orm.connections.pooling - HHH10001011: Loaded JDBC drivers: org.h2.Driver, org.sqlite.JDBC
2025-06-28 12:29:14 [Thread-1] INFO  o.hibernate.orm.connections.pooling - HHH10001012: Connecting with JDBC URL [jdbc:sqlite:C:\Users\razva\Desktop\Trivia\backend\JocTriviaMPP]
2025-06-28 12:29:14 [Thread-1] INFO  o.hibernate.orm.connections.pooling - HHH10001001: Connection properties: {}
2025-06-28 12:29:14 [Thread-1] INFO  o.hibernate.orm.connections.pooling - HHH10001003: Autocommit mode: false
2025-06-28 12:29:14 [Thread-1] INFO  o.hibernate.orm.connections.pooling - HHH10001115: Connection pool size: 20 (min=1)
2025-06-28 12:29:15 [Thread-1] INFO  o.h.validator.internal.util.Version - HV000001: Hibernate Validator 8.0.0.Final
2025-06-28 12:29:15 [Thread-1] INFO  o.h.e.t.j.p.i.JtaPlatformInitiator - HHH000489: No JTA platform available (set 'hibernate.transaction.jta.platform' to enable JTA platform integration)
2025-06-28 12:29:15 [Thread-1] INFO  o.hibernate.orm.connections.access - HHH10001501: Connection obtained from JdbcConnectionAccess [org.hibernate.engine.jdbc.env.internal.JdbcEnvironmentInitiator$ConnectionProviderJdbcConnectionAccess@22fcfa15] for (non-JTA) DDL execution was not in auto-commit mode; the Connection 'local transaction' will be committed and the Connection will be set into auto-commit mode.
2025-06-28 12:29:15 [Thread-1] WARN  o.h.e.jdbc.spi.SqlExceptionHelper - SQL Error: 19, SQLState: null
2025-06-28 12:29:15 [Thread-1] ERROR o.h.e.jdbc.spi.SqlExceptionHelper - [SQLITE_CONSTRAINT_NOTNULL] A NOT NULL constraint failed (NOT NULL constraint failed: questions.question_text)
