27 Mar 2025 17:06:11,568 INFO  ro.mpp2025.problema8_fx.Repository.RepoAgeGroup 19 <init> - Initializing AgeGroupDBRepository with properties: {} 
27 Mar 2025 17:06:11,572 INFO  ro.mpp2025.problema8_fx.Repository.RepoEvent 18 <init> - Initializing EventDBRepository with properties: {} 
27 Mar 2025 17:06:11,573 INFO  ro.mpp2025.problema8_fx.Repository.RepoChild 18 <init> - Initializing ChildDBRepository with properties: {} 
27 Mar 2025 17:06:11,574 INFO  ro.mpp2025.problema8_fx.Repository.RepoEnrollment 24 <init> - Initializing RepoEnrollment with properties: {}
27 Mar 2025 17:06:11,575 INFO  ro.mpp2025.problema8_fx.Repository.RepoUser 18 <init> - Initializing UserDBRepository with properties: {} 
27 Mar 2025 17:06:17,139 INFO  ro.mpp2025.problema8_fx.Repository.RepoUser 111 login - Logging in User with username: 
27 Mar 2025 17:06:17,144 ERROR ro.mpp2025.problema8_fx.Utils.JdbcUtils 26 getNewConnection - java.sql.SQLException: The url cannot be null
27 Mar 2025 17:12:15,812 INFO  ro.mpp2025.problema8_fx.Repository.RepoAgeGroup 19 <init> - Initializing AgeGroupDBRepository with properties: {jdbc.url=jdbc:sqlite:C:/Users/razva/Desktop/MPP2/mpp-proiect-java-Razvannnnn/Problema8/ConcursSportiv} 
27 Mar 2025 17:12:15,817 INFO  ro.mpp2025.problema8_fx.Repository.RepoEvent 18 <init> - Initializing EventDBRepository with properties: {jdbc.url=jdbc:sqlite:C:/Users/razva/Desktop/MPP2/mpp-proiect-java-Razvannnnn/Problema8/ConcursSportiv} 
27 Mar 2025 17:12:15,822 INFO  ro.mpp2025.problema8_fx.Repository.RepoChild 18 <init> - Initializing ChildDBRepository with properties: {jdbc.url=jdbc:sqlite:C:/Users/razva/Desktop/MPP2/mpp-proiect-java-Razvannnnn/Problema8/ConcursSportiv} 
27 Mar 2025 17:12:15,824 INFO  ro.mpp2025.problema8_fx.Repository.RepoEnrollment 24 <init> - Initializing RepoEnrollment with properties: {jdbc.url=jdbc:sqlite:C:/Users/razva/Desktop/MPP2/mpp-proiect-java-Razvannnnn/Problema8/ConcursSportiv}
27 Mar 2025 17:12:15,826 INFO  ro.mpp2025.problema8_fx.Repository.RepoUser 18 <init> - Initializing UserDBRepository with properties: {jdbc.url=jdbc:sqlite:C:/Users/razva/Desktop/MPP2/mpp-proiect-java-Razvannnnn/Problema8/ConcursSportiv} 
27 Mar 2025 17:12:30,646 INFO  ro.mpp2025.problema8_fx.Repository.RepoUser 111 login - Logging in User with username: admin1
27 Mar 2025 17:12:30,769 TRACE ro.mpp2025.problema8_fx.Repository.RepoUser 118 login - Exit with(User logged in successfully)
27 Mar 2025 17:54:35,939 INFO  ro.mpp2025.problema8_fx.Repository.RepoAgeGroup 19 <init> - Initializing AgeGroupDBRepository with properties: {jdbc.url=jdbc:sqlite:C:/Users/razva/Desktop/MPP2/mpp-proiect-java-Razvannnnn/Problema8/ConcursSportiv} 
27 Mar 2025 17:54:35,944 INFO  ro.mpp2025.problema8_fx.Repository.RepoEvent 18 <init> - Initializing EventDBRepository with properties: {jdbc.url=jdbc:sqlite:C:/Users/razva/Desktop/MPP2/mpp-proiect-java-Razvannnnn/Problema8/ConcursSportiv} 
27 Mar 2025 17:54:35,946 INFO  ro.mpp2025.problema8_fx.Repository.RepoChild 18 <init> - Initializing ChildDBRepository with properties: {jdbc.url=jdbc:sqlite:C:/Users/razva/Desktop/MPP2/mpp-proiect-java-Razvannnnn/Problema8/ConcursSportiv} 
27 Mar 2025 17:54:35,949 INFO  ro.mpp2025.problema8_fx.Repository.RepoEnrollment 24 <init> - Initializing RepoEnrollment with properties: {jdbc.url=jdbc:sqlite:C:/Users/razva/Desktop/MPP2/mpp-proiect-java-Razvannnnn/Problema8/ConcursSportiv}
27 Mar 2025 17:54:35,950 INFO  ro.mpp2025.problema8_fx.Repository.RepoUser 18 <init> - Initializing UserDBRepository with properties: {jdbc.url=jdbc:sqlite:C:/Users/razva/Desktop/MPP2/mpp-proiect-java-Razvannnnn/Problema8/ConcursSportiv} 
27 Mar 2025 17:54:37,794 INFO  ro.mpp2025.problema8_fx.Repository.RepoUser 111 login - Logging in User with username: 
27 Mar 2025 17:54:45,537 INFO  ro.mpp2025.problema8_fx.Repository.RepoUser 111 login - Logging in User with username: admin1
27 Mar 2025 17:54:45,540 TRACE ro.mpp2025.problema8_fx.Repository.RepoUser 118 login - Exit with(User logged in successfully)
27 Mar 2025 17:54:53,924 INFO  ro.mpp2025.problema8_fx.Repository.RepoAgeGroup 19 <init> - Initializing AgeGroupDBRepository with properties: {jdbc.url=jdbc:sqlite:C:/Users/razva/Desktop/MPP2/mpp-proiect-java-Razvannnnn/Problema8/ConcursSportiv} 
27 Mar 2025 17:54:53,927 INFO  ro.mpp2025.problema8_fx.Repository.RepoEvent 18 <init> - Initializing EventDBRepository with properties: {jdbc.url=jdbc:sqlite:C:/Users/razva/Desktop/MPP2/mpp-proiect-java-Razvannnnn/Problema8/ConcursSportiv} 
27 Mar 2025 17:54:53,929 INFO  ro.mpp2025.problema8_fx.Repository.RepoChild 18 <init> - Initializing ChildDBRepository with properties: {jdbc.url=jdbc:sqlite:C:/Users/razva/Desktop/MPP2/mpp-proiect-java-Razvannnnn/Problema8/ConcursSportiv} 
27 Mar 2025 17:54:53,930 INFO  ro.mpp2025.problema8_fx.Repository.RepoEnrollment 24 <init> - Initializing RepoEnrollment with properties: {jdbc.url=jdbc:sqlite:C:/Users/razva/Desktop/MPP2/mpp-proiect-java-Razvannnnn/Problema8/ConcursSportiv}
27 Mar 2025 17:54:53,931 INFO  ro.mpp2025.problema8_fx.Repository.RepoUser 18 <init> - Initializing UserDBRepository with properties: {jdbc.url=jdbc:sqlite:C:/Users/razva/Desktop/MPP2/mpp-proiect-java-Razvannnnn/Problema8/ConcursSportiv} 
27 Mar 2025 17:54:59,408 INFO  ro.mpp2025.problema8_fx.Repository.RepoUser 111 login - Logging in User with username: admin
27 Mar 2025 17:55:02,536 INFO  ro.mpp2025.problema8_fx.Repository.RepoUser 111 login - Logging in User with username: admin1
27 Mar 2025 17:55:02,539 TRACE ro.mpp2025.problema8_fx.Repository.RepoUser 118 login - Exit with(User logged in successfully)
27 Mar 2025 17:57:36,162 INFO  ro.mpp2025.problema8_fx.Repository.RepoAgeGroup 19 <init> - Initializing AgeGroupDBRepository with properties: {jdbc.url=jdbc:sqlite:C:/Users/razva/Desktop/MPP2/mpp-proiect-java-Razvannnnn/Problema8/ConcursSportiv} 
27 Mar 2025 17:57:36,165 INFO  ro.mpp2025.problema8_fx.Repository.RepoEvent 18 <init> - Initializing EventDBRepository with properties: {jdbc.url=jdbc:sqlite:C:/Users/razva/Desktop/MPP2/mpp-proiect-java-Razvannnnn/Problema8/ConcursSportiv} 
27 Mar 2025 17:57:36,167 INFO  ro.mpp2025.problema8_fx.Repository.RepoChild 18 <init> - Initializing ChildDBRepository with properties: {jdbc.url=jdbc:sqlite:C:/Users/razva/Desktop/MPP2/mpp-proiect-java-Razvannnnn/Problema8/ConcursSportiv} 
27 Mar 2025 17:57:36,168 INFO  ro.mpp2025.problema8_fx.Repository.RepoEnrollment 24 <init> - Initializing RepoEnrollment with properties: {jdbc.url=jdbc:sqlite:C:/Users/razva/Desktop/MPP2/mpp-proiect-java-Razvannnnn/Problema8/ConcursSportiv}
27 Mar 2025 17:57:36,169 INFO  ro.mpp2025.problema8_fx.Repository.RepoUser 18 <init> - Initializing UserDBRepository with properties: {jdbc.url=jdbc:sqlite:C:/Users/razva/Desktop/MPP2/mpp-proiect-java-Razvannnnn/Problema8/ConcursSportiv} 
27 Mar 2025 17:57:41,569 INFO  ro.mpp2025.problema8_fx.Repository.RepoUser 111 login - Logging in User with username: admin1
27 Mar 2025 17:57:41,673 TRACE ro.mpp2025.problema8_fx.Repository.RepoUser 118 login - Exit with(User logged in successfully)
27 Mar 2025 18:08:07,870 INFO  ro.mpp2025.problema8_fx.Repository.RepoAgeGroup 19 <init> - Initializing AgeGroupDBRepository with properties: {jdbc.url=jdbc:sqlite:C:/Users/razva/Desktop/MPP2/mpp-proiect-java-Razvannnnn/Problema8/ConcursSportiv} 
27 Mar 2025 18:08:07,874 INFO  ro.mpp2025.problema8_fx.Repository.RepoEvent 18 <init> - Initializing EventDBRepository with properties: {jdbc.url=jdbc:sqlite:C:/Users/razva/Desktop/MPP2/mpp-proiect-java-Razvannnnn/Problema8/ConcursSportiv} 
27 Mar 2025 18:08:07,875 INFO  ro.mpp2025.problema8_fx.Repository.RepoChild 18 <init> - Initializing ChildDBRepository with properties: {jdbc.url=jdbc:sqlite:C:/Users/razva/Desktop/MPP2/mpp-proiect-java-Razvannnnn/Problema8/ConcursSportiv} 
27 Mar 2025 18:08:07,877 INFO  ro.mpp2025.problema8_fx.Repository.RepoEnrollment 24 <init> - Initializing RepoEnrollment with properties: {jdbc.url=jdbc:sqlite:C:/Users/razva/Desktop/MPP2/mpp-proiect-java-Razvannnnn/Problema8/ConcursSportiv}
27 Mar 2025 18:08:07,878 INFO  ro.mpp2025.problema8_fx.Repository.RepoUser 18 <init> - Initializing UserDBRepository with properties: {jdbc.url=jdbc:sqlite:C:/Users/razva/Desktop/MPP2/mpp-proiect-java-Razvannnnn/Problema8/ConcursSportiv} 
27 Mar 2025 18:08:12,439 INFO  ro.mpp2025.problema8_fx.Repository.RepoUser 111 login - Logging in User with username: admin1
27 Mar 2025 18:08:12,554 TRACE ro.mpp2025.problema8_fx.Repository.RepoUser 118 login - Exit with(User logged in successfully)
27 Mar 2025 18:11:07,701 INFO  ro.mpp2025.problema8_fx.Repository.RepoAgeGroup 19 <init> - Initializing AgeGroupDBRepository with properties: {jdbc.url=jdbc:sqlite:C:/Users/razva/Desktop/MPP2/mpp-proiect-java-Razvannnnn/Problema8/ConcursSportiv} 
27 Mar 2025 18:11:07,705 INFO  ro.mpp2025.problema8_fx.Repository.RepoEvent 18 <init> - Initializing EventDBRepository with properties: {jdbc.url=jdbc:sqlite:C:/Users/razva/Desktop/MPP2/mpp-proiect-java-Razvannnnn/Problema8/ConcursSportiv} 
27 Mar 2025 18:11:07,706 INFO  ro.mpp2025.problema8_fx.Repository.RepoChild 18 <init> - Initializing ChildDBRepository with properties: {jdbc.url=jdbc:sqlite:C:/Users/razva/Desktop/MPP2/mpp-proiect-java-Razvannnnn/Problema8/ConcursSportiv} 
27 Mar 2025 18:11:07,708 INFO  ro.mpp2025.problema8_fx.Repository.RepoEnrollment 24 <init> - Initializing RepoEnrollment with properties: {jdbc.url=jdbc:sqlite:C:/Users/razva/Desktop/MPP2/mpp-proiect-java-Razvannnnn/Problema8/ConcursSportiv}
27 Mar 2025 18:11:07,709 INFO  ro.mpp2025.problema8_fx.Repository.RepoUser 18 <init> - Initializing UserDBRepository with properties: {jdbc.url=jdbc:sqlite:C:/Users/razva/Desktop/MPP2/mpp-proiect-java-Razvannnnn/Problema8/ConcursSportiv} 
27 Mar 2025 18:11:12,953 INFO  ro.mpp2025.problema8_fx.Repository.RepoUser 111 login - Logging in User with username: admin1
27 Mar 2025 18:11:13,069 TRACE ro.mpp2025.problema8_fx.Repository.RepoUser 118 login - Exit with(User logged in successfully)
27 Mar 2025 18:11:36,614 INFO  ro.mpp2025.problema8_fx.Repository.RepoAgeGroup 19 <init> - Initializing AgeGroupDBRepository with properties: {jdbc.url=jdbc:sqlite:C:/Users/razva/Desktop/MPP2/mpp-proiect-java-Razvannnnn/Problema8/ConcursSportiv} 
27 Mar 2025 18:11:36,617 INFO  ro.mpp2025.problema8_fx.Repository.RepoEvent 18 <init> - Initializing EventDBRepository with properties: {jdbc.url=jdbc:sqlite:C:/Users/razva/Desktop/MPP2/mpp-proiect-java-Razvannnnn/Problema8/ConcursSportiv} 
27 Mar 2025 18:11:36,618 INFO  ro.mpp2025.problema8_fx.Repository.RepoChild 18 <init> - Initializing ChildDBRepository with properties: {jdbc.url=jdbc:sqlite:C:/Users/razva/Desktop/MPP2/mpp-proiect-java-Razvannnnn/Problema8/ConcursSportiv} 
27 Mar 2025 18:11:36,620 INFO  ro.mpp2025.problema8_fx.Repository.RepoEnrollment 24 <init> - Initializing RepoEnrollment with properties: {jdbc.url=jdbc:sqlite:C:/Users/razva/Desktop/MPP2/mpp-proiect-java-Razvannnnn/Problema8/ConcursSportiv}
27 Mar 2025 18:11:36,621 INFO  ro.mpp2025.problema8_fx.Repository.RepoUser 18 <init> - Initializing UserDBRepository with properties: {jdbc.url=jdbc:sqlite:C:/Users/razva/Desktop/MPP2/mpp-proiect-java-Razvannnnn/Problema8/ConcursSportiv} 
27 Mar 2025 18:11:38,891 INFO  ro.mpp2025.problema8_fx.Repository.RepoUser 111 login - Logging in User with username: a
27 Mar 2025 18:11:44,963 INFO  ro.mpp2025.problema8_fx.Repository.RepoUser 111 login - Logging in User with username: admin1
27 Mar 2025 18:11:44,966 TRACE ro.mpp2025.problema8_fx.Repository.RepoUser 118 login - Exit with(User logged in successfully)
27 Mar 2025 18:12:42,619 INFO  ro.mpp2025.problema8_fx.Repository.RepoAgeGroup 19 <init> - Initializing AgeGroupDBRepository with properties: {jdbc.url=jdbc:sqlite:C:/Users/razva/Desktop/MPP2/mpp-proiect-java-Razvannnnn/Problema8/ConcursSportiv} 
27 Mar 2025 18:12:42,623 INFO  ro.mpp2025.problema8_fx.Repository.RepoEvent 18 <init> - Initializing EventDBRepository with properties: {jdbc.url=jdbc:sqlite:C:/Users/razva/Desktop/MPP2/mpp-proiect-java-Razvannnnn/Problema8/ConcursSportiv} 
27 Mar 2025 18:12:42,624 INFO  ro.mpp2025.problema8_fx.Repository.RepoChild 18 <init> - Initializing ChildDBRepository with properties: {jdbc.url=jdbc:sqlite:C:/Users/razva/Desktop/MPP2/mpp-proiect-java-Razvannnnn/Problema8/ConcursSportiv} 
27 Mar 2025 18:12:42,626 INFO  ro.mpp2025.problema8_fx.Repository.RepoEnrollment 24 <init> - Initializing RepoEnrollment with properties: {jdbc.url=jdbc:sqlite:C:/Users/razva/Desktop/MPP2/mpp-proiect-java-Razvannnnn/Problema8/ConcursSportiv}
27 Mar 2025 18:12:42,627 INFO  ro.mpp2025.problema8_fx.Repository.RepoUser 18 <init> - Initializing UserDBRepository with properties: {jdbc.url=jdbc:sqlite:C:/Users/razva/Desktop/MPP2/mpp-proiect-java-Razvannnnn/Problema8/ConcursSportiv} 
27 Mar 2025 18:12:49,710 INFO  ro.mpp2025.problema8_fx.Repository.RepoUser 111 login - Logging in User with username: admin1
27 Mar 2025 18:12:49,804 TRACE ro.mpp2025.problema8_fx.Repository.RepoUser 118 login - Exit with(User logged in successfully)
27 Mar 2025 18:13:51,580 INFO  ro.mpp2025.problema8_fx.Repository.RepoAgeGroup 19 <init> - Initializing AgeGroupDBRepository with properties: {jdbc.url=jdbc:sqlite:C:/Users/razva/Desktop/MPP2/mpp-proiect-java-Razvannnnn/Problema8/ConcursSportiv} 
27 Mar 2025 18:13:51,584 INFO  ro.mpp2025.problema8_fx.Repository.RepoEvent 18 <init> - Initializing EventDBRepository with properties: {jdbc.url=jdbc:sqlite:C:/Users/razva/Desktop/MPP2/mpp-proiect-java-Razvannnnn/Problema8/ConcursSportiv} 
27 Mar 2025 18:13:51,585 INFO  ro.mpp2025.problema8_fx.Repository.RepoChild 18 <init> - Initializing ChildDBRepository with properties: {jdbc.url=jdbc:sqlite:C:/Users/razva/Desktop/MPP2/mpp-proiect-java-Razvannnnn/Problema8/ConcursSportiv} 
27 Mar 2025 18:13:51,586 INFO  ro.mpp2025.problema8_fx.Repository.RepoEnrollment 24 <init> - Initializing RepoEnrollment with properties: {jdbc.url=jdbc:sqlite:C:/Users/razva/Desktop/MPP2/mpp-proiect-java-Razvannnnn/Problema8/ConcursSportiv}
27 Mar 2025 18:13:51,587 INFO  ro.mpp2025.problema8_fx.Repository.RepoUser 18 <init> - Initializing UserDBRepository with properties: {jdbc.url=jdbc:sqlite:C:/Users/razva/Desktop/MPP2/mpp-proiect-java-Razvannnnn/Problema8/ConcursSportiv} 
27 Mar 2025 18:13:55,654 INFO  ro.mpp2025.problema8_fx.Repository.RepoUser 111 login - Logging in User with username: admin1
27 Mar 2025 18:13:55,765 TRACE ro.mpp2025.problema8_fx.Repository.RepoUser 118 login - Exit with(User logged in successfully)
27 Mar 2025 18:14:32,057 INFO  ro.mpp2025.problema8_fx.Repository.RepoAgeGroup 19 <init> - Initializing AgeGroupDBRepository with properties: {jdbc.url=jdbc:sqlite:C:/Users/razva/Desktop/MPP2/mpp-proiect-java-Razvannnnn/Problema8/ConcursSportiv} 
27 Mar 2025 18:14:32,060 INFO  ro.mpp2025.problema8_fx.Repository.RepoEvent 18 <init> - Initializing EventDBRepository with properties: {jdbc.url=jdbc:sqlite:C:/Users/razva/Desktop/MPP2/mpp-proiect-java-Razvannnnn/Problema8/ConcursSportiv} 
27 Mar 2025 18:14:32,062 INFO  ro.mpp2025.problema8_fx.Repository.RepoChild 18 <init> - Initializing ChildDBRepository with properties: {jdbc.url=jdbc:sqlite:C:/Users/razva/Desktop/MPP2/mpp-proiect-java-Razvannnnn/Problema8/ConcursSportiv} 
27 Mar 2025 18:14:32,063 INFO  ro.mpp2025.problema8_fx.Repository.RepoEnrollment 24 <init> - Initializing RepoEnrollment with properties: {jdbc.url=jdbc:sqlite:C:/Users/razva/Desktop/MPP2/mpp-proiect-java-Razvannnnn/Problema8/ConcursSportiv}
27 Mar 2025 18:14:32,064 INFO  ro.mpp2025.problema8_fx.Repository.RepoUser 18 <init> - Initializing UserDBRepository with properties: {jdbc.url=jdbc:sqlite:C:/Users/razva/Desktop/MPP2/mpp-proiect-java-Razvannnnn/Problema8/ConcursSportiv} 
27 Mar 2025 18:14:35,841 INFO  ro.mpp2025.problema8_fx.Repository.RepoUser 111 login - Logging in User with username: admin1
27 Mar 2025 18:14:35,953 TRACE ro.mpp2025.problema8_fx.Repository.RepoUser 118 login - Exit with(User logged in successfully)
27 Mar 2025 18:15:06,534 INFO  ro.mpp2025.problema8_fx.Repository.RepoAgeGroup 19 <init> - Initializing AgeGroupDBRepository with properties: {jdbc.url=jdbc:sqlite:C:/Users/razva/Desktop/MPP2/mpp-proiect-java-Razvannnnn/Problema8/ConcursSportiv} 
27 Mar 2025 18:15:06,537 INFO  ro.mpp2025.problema8_fx.Repository.RepoEvent 18 <init> - Initializing EventDBRepository with properties: {jdbc.url=jdbc:sqlite:C:/Users/razva/Desktop/MPP2/mpp-proiect-java-Razvannnnn/Problema8/ConcursSportiv} 
27 Mar 2025 18:15:06,538 INFO  ro.mpp2025.problema8_fx.Repository.RepoChild 18 <init> - Initializing ChildDBRepository with properties: {jdbc.url=jdbc:sqlite:C:/Users/razva/Desktop/MPP2/mpp-proiect-java-Razvannnnn/Problema8/ConcursSportiv} 
27 Mar 2025 18:15:06,539 INFO  ro.mpp2025.problema8_fx.Repository.RepoEnrollment 24 <init> - Initializing RepoEnrollment with properties: {jdbc.url=jdbc:sqlite:C:/Users/razva/Desktop/MPP2/mpp-proiect-java-Razvannnnn/Problema8/ConcursSportiv}
27 Mar 2025 18:15:06,540 INFO  ro.mpp2025.problema8_fx.Repository.RepoUser 18 <init> - Initializing UserDBRepository with properties: {jdbc.url=jdbc:sqlite:C:/Users/razva/Desktop/MPP2/mpp-proiect-java-Razvannnnn/Problema8/ConcursSportiv} 
27 Mar 2025 18:15:09,743 INFO  ro.mpp2025.problema8_fx.Repository.RepoUser 111 login - Logging in User with username: admin1
27 Mar 2025 18:15:09,857 TRACE ro.mpp2025.problema8_fx.Repository.RepoUser 118 login - Exit with(User logged in successfully)
27 Mar 2025 18:15:30,800 INFO  ro.mpp2025.problema8_fx.Repository.RepoAgeGroup 19 <init> - Initializing AgeGroupDBRepository with properties: {jdbc.url=jdbc:sqlite:C:/Users/razva/Desktop/MPP2/mpp-proiect-java-Razvannnnn/Problema8/ConcursSportiv} 
27 Mar 2025 18:15:30,804 INFO  ro.mpp2025.problema8_fx.Repository.RepoEvent 18 <init> - Initializing EventDBRepository with properties: {jdbc.url=jdbc:sqlite:C:/Users/razva/Desktop/MPP2/mpp-proiect-java-Razvannnnn/Problema8/ConcursSportiv} 
27 Mar 2025 18:15:30,805 INFO  ro.mpp2025.problema8_fx.Repository.RepoChild 18 <init> - Initializing ChildDBRepository with properties: {jdbc.url=jdbc:sqlite:C:/Users/razva/Desktop/MPP2/mpp-proiect-java-Razvannnnn/Problema8/ConcursSportiv} 
27 Mar 2025 18:15:30,807 INFO  ro.mpp2025.problema8_fx.Repository.RepoEnrollment 24 <init> - Initializing RepoEnrollment with properties: {jdbc.url=jdbc:sqlite:C:/Users/razva/Desktop/MPP2/mpp-proiect-java-Razvannnnn/Problema8/ConcursSportiv}
27 Mar 2025 18:15:30,808 INFO  ro.mpp2025.problema8_fx.Repository.RepoUser 18 <init> - Initializing UserDBRepository with properties: {jdbc.url=jdbc:sqlite:C:/Users/razva/Desktop/MPP2/mpp-proiect-java-Razvannnnn/Problema8/ConcursSportiv} 
27 Mar 2025 18:15:35,125 INFO  ro.mpp2025.problema8_fx.Repository.RepoUser 111 login - Logging in User with username: admin1
27 Mar 2025 18:15:35,270 TRACE ro.mpp2025.problema8_fx.Repository.RepoUser 118 login - Exit with(User logged in successfully)
27 Mar 2025 18:15:42,683 INFO  ro.mpp2025.problema8_fx.Repository.RepoAgeGroup 19 <init> - Initializing AgeGroupDBRepository with properties: {jdbc.url=jdbc:sqlite:C:/Users/razva/Desktop/MPP2/mpp-proiect-java-Razvannnnn/Problema8/ConcursSportiv} 
27 Mar 2025 18:15:42,686 INFO  ro.mpp2025.problema8_fx.Repository.RepoEvent 18 <init> - Initializing EventDBRepository with properties: {jdbc.url=jdbc:sqlite:C:/Users/razva/Desktop/MPP2/mpp-proiect-java-Razvannnnn/Problema8/ConcursSportiv} 
27 Mar 2025 18:15:42,688 INFO  ro.mpp2025.problema8_fx.Repository.RepoChild 18 <init> - Initializing ChildDBRepository with properties: {jdbc.url=jdbc:sqlite:C:/Users/razva/Desktop/MPP2/mpp-proiect-java-Razvannnnn/Problema8/ConcursSportiv} 
27 Mar 2025 18:15:42,689 INFO  ro.mpp2025.problema8_fx.Repository.RepoEnrollment 24 <init> - Initializing RepoEnrollment with properties: {jdbc.url=jdbc:sqlite:C:/Users/razva/Desktop/MPP2/mpp-proiect-java-Razvannnnn/Problema8/ConcursSportiv}
27 Mar 2025 18:15:42,690 INFO  ro.mpp2025.problema8_fx.Repository.RepoUser 18 <init> - Initializing UserDBRepository with properties: {jdbc.url=jdbc:sqlite:C:/Users/razva/Desktop/MPP2/mpp-proiect-java-Razvannnnn/Problema8/ConcursSportiv} 
27 Mar 2025 18:15:46,443 INFO  ro.mpp2025.problema8_fx.Repository.RepoUser 111 login - Logging in User with username: admin1
27 Mar 2025 18:15:46,568 TRACE ro.mpp2025.problema8_fx.Repository.RepoUser 118 login - Exit with(User logged in successfully)
27 Mar 2025 18:16:16,958 INFO  ro.mpp2025.problema8_fx.Repository.RepoAgeGroup 19 <init> - Initializing AgeGroupDBRepository with properties: {jdbc.url=jdbc:sqlite:C:/Users/razva/Desktop/MPP2/mpp-proiect-java-Razvannnnn/Problema8/ConcursSportiv} 
27 Mar 2025 18:16:16,962 INFO  ro.mpp2025.problema8_fx.Repository.RepoEvent 18 <init> - Initializing EventDBRepository with properties: {jdbc.url=jdbc:sqlite:C:/Users/razva/Desktop/MPP2/mpp-proiect-java-Razvannnnn/Problema8/ConcursSportiv} 
27 Mar 2025 18:16:16,964 INFO  ro.mpp2025.problema8_fx.Repository.RepoChild 18 <init> - Initializing ChildDBRepository with properties: {jdbc.url=jdbc:sqlite:C:/Users/razva/Desktop/MPP2/mpp-proiect-java-Razvannnnn/Problema8/ConcursSportiv} 
27 Mar 2025 18:16:16,965 INFO  ro.mpp2025.problema8_fx.Repository.RepoEnrollment 24 <init> - Initializing RepoEnrollment with properties: {jdbc.url=jdbc:sqlite:C:/Users/razva/Desktop/MPP2/mpp-proiect-java-Razvannnnn/Problema8/ConcursSportiv}
27 Mar 2025 18:16:16,966 INFO  ro.mpp2025.problema8_fx.Repository.RepoUser 18 <init> - Initializing UserDBRepository with properties: {jdbc.url=jdbc:sqlite:C:/Users/razva/Desktop/MPP2/mpp-proiect-java-Razvannnnn/Problema8/ConcursSportiv} 
27 Mar 2025 18:16:23,519 INFO  ro.mpp2025.problema8_fx.Repository.RepoUser 111 login - Logging in User with username: admin1
27 Mar 2025 18:16:23,638 TRACE ro.mpp2025.problema8_fx.Repository.RepoUser 118 login - Exit with(User logged in successfully)
27 Mar 2025 18:30:18,625 INFO  ro.mpp2025.problema8_fx.Repository.RepoAgeGroup 19 <init> - Initializing AgeGroupDBRepository with properties: {jdbc.url=jdbc:sqlite:C:/Users/razva/Desktop/MPP2/mpp-proiect-java-Razvannnnn/Problema8/ConcursSportiv} 
27 Mar 2025 18:30:18,628 INFO  ro.mpp2025.problema8_fx.Repository.RepoEvent 18 <init> - Initializing EventDBRepository with properties: {jdbc.url=jdbc:sqlite:C:/Users/razva/Desktop/MPP2/mpp-proiect-java-Razvannnnn/Problema8/ConcursSportiv} 
27 Mar 2025 18:30:18,630 INFO  ro.mpp2025.problema8_fx.Repository.RepoChild 18 <init> - Initializing ChildDBRepository with properties: {jdbc.url=jdbc:sqlite:C:/Users/razva/Desktop/MPP2/mpp-proiect-java-Razvannnnn/Problema8/ConcursSportiv} 
27 Mar 2025 18:30:18,631 INFO  ro.mpp2025.problema8_fx.Repository.RepoEnrollment 24 <init> - Initializing RepoEnrollment with properties: {jdbc.url=jdbc:sqlite:C:/Users/razva/Desktop/MPP2/mpp-proiect-java-Razvannnnn/Problema8/ConcursSportiv}
27 Mar 2025 18:30:18,633 INFO  ro.mpp2025.problema8_fx.Repository.RepoUser 18 <init> - Initializing UserDBRepository with properties: {jdbc.url=jdbc:sqlite:C:/Users/razva/Desktop/MPP2/mpp-proiect-java-Razvannnnn/Problema8/ConcursSportiv} 
27 Mar 2025 18:30:23,409 INFO  ro.mpp2025.problema8_fx.Repository.RepoUser 111 login - Logging in User with username: admin1
27 Mar 2025 18:30:23,540 TRACE ro.mpp2025.problema8_fx.Repository.RepoUser 118 login - Exit with(User logged in successfully)
27 Mar 2025 18:30:23,574 TRACE ro.mpp2025.problema8_fx.Repository.RepoAgeGroup 49 findAll - Enter finding all AgeGroups
27 Mar 2025 18:30:23,577 TRACE ro.mpp2025.problema8_fx.Repository.RepoAgeGroup 67 findAll - Exit with([AgeGroup{name='Junior', minAge=5, maxAge=10}, AgeGroup{name='Middle', minAge=11, maxAge=17}, AgeGroup{name='Senior', minAge=17, maxAge=25}])
27 Mar 2025 18:30:23,578 TRACE ro.mpp2025.problema8_fx.Repository.RepoEvent 47 findAll - Enter finding all Events
27 Mar 2025 18:30:23,579 TRACE ro.mpp2025.problema8_fx.Repository.RepoEvent 64 findAll - Exit with(No Events found)
27 Mar 2025 18:32:13,708 INFO  ro.mpp2025.problema8_fx.Repository.RepoAgeGroup 19 <init> - Initializing AgeGroupDBRepository with properties: {jdbc.url=jdbc:sqlite:C:/Users/razva/Desktop/MPP2/mpp-proiect-java-Razvannnnn/Problema8/ConcursSportiv} 
27 Mar 2025 18:32:13,711 INFO  ro.mpp2025.problema8_fx.Repository.RepoEvent 18 <init> - Initializing EventDBRepository with properties: {jdbc.url=jdbc:sqlite:C:/Users/razva/Desktop/MPP2/mpp-proiect-java-Razvannnnn/Problema8/ConcursSportiv} 
27 Mar 2025 18:32:13,712 INFO  ro.mpp2025.problema8_fx.Repository.RepoChild 18 <init> - Initializing ChildDBRepository with properties: {jdbc.url=jdbc:sqlite:C:/Users/razva/Desktop/MPP2/mpp-proiect-java-Razvannnnn/Problema8/ConcursSportiv} 
27 Mar 2025 18:32:13,714 INFO  ro.mpp2025.problema8_fx.Repository.RepoEnrollment 24 <init> - Initializing RepoEnrollment with properties: {jdbc.url=jdbc:sqlite:C:/Users/razva/Desktop/MPP2/mpp-proiect-java-Razvannnnn/Problema8/ConcursSportiv}
27 Mar 2025 18:32:13,715 INFO  ro.mpp2025.problema8_fx.Repository.RepoUser 18 <init> - Initializing UserDBRepository with properties: {jdbc.url=jdbc:sqlite:C:/Users/razva/Desktop/MPP2/mpp-proiect-java-Razvannnnn/Problema8/ConcursSportiv} 
27 Mar 2025 18:32:17,492 INFO  ro.mpp2025.problema8_fx.Repository.RepoUser 111 login - Logging in User with username: admin1
27 Mar 2025 18:32:17,584 TRACE ro.mpp2025.problema8_fx.Repository.RepoUser 118 login - Exit with(User logged in successfully)
27 Mar 2025 18:32:17,613 TRACE ro.mpp2025.problema8_fx.Repository.RepoAgeGroup 49 findAll - Enter finding all AgeGroups
27 Mar 2025 18:32:17,616 TRACE ro.mpp2025.problema8_fx.Repository.RepoAgeGroup 67 findAll - Exit with([AgeGroup{name='Junior', minAge=5, maxAge=10}, AgeGroup{name='Middle', minAge=11, maxAge=17}, AgeGroup{name='Senior', minAge=17, maxAge=25}])
27 Mar 2025 18:32:17,616 TRACE ro.mpp2025.problema8_fx.Repository.RepoEvent 47 findAll - Enter finding all Events
27 Mar 2025 18:32:17,617 TRACE ro.mpp2025.problema8_fx.Repository.RepoEvent 64 findAll - Exit with(No Events found)
27 Mar 2025 18:35:54,823 INFO  ro.mpp2025.problema8_fx.Repository.RepoAgeGroup 19 <init> - Initializing AgeGroupDBRepository with properties: {jdbc.url=jdbc:sqlite:C:/Users/razva/Desktop/MPP2/mpp-proiect-java-Razvannnnn/Problema8/ConcursSportiv} 
27 Mar 2025 18:35:54,826 INFO  ro.mpp2025.problema8_fx.Repository.RepoEvent 18 <init> - Initializing EventDBRepository with properties: {jdbc.url=jdbc:sqlite:C:/Users/razva/Desktop/MPP2/mpp-proiect-java-Razvannnnn/Problema8/ConcursSportiv} 
27 Mar 2025 18:35:54,827 INFO  ro.mpp2025.problema8_fx.Repository.RepoChild 18 <init> - Initializing ChildDBRepository with properties: {jdbc.url=jdbc:sqlite:C:/Users/razva/Desktop/MPP2/mpp-proiect-java-Razvannnnn/Problema8/ConcursSportiv} 
27 Mar 2025 18:35:54,828 INFO  ro.mpp2025.problema8_fx.Repository.RepoEnrollment 24 <init> - Initializing RepoEnrollment with properties: {jdbc.url=jdbc:sqlite:C:/Users/razva/Desktop/MPP2/mpp-proiect-java-Razvannnnn/Problema8/ConcursSportiv}
27 Mar 2025 18:35:54,830 INFO  ro.mpp2025.problema8_fx.Repository.RepoUser 18 <init> - Initializing UserDBRepository with properties: {jdbc.url=jdbc:sqlite:C:/Users/razva/Desktop/MPP2/mpp-proiect-java-Razvannnnn/Problema8/ConcursSportiv} 
27 Mar 2025 18:35:58,361 INFO  ro.mpp2025.problema8_fx.Repository.RepoUser 111 login - Logging in User with username: admin1
27 Mar 2025 18:35:58,469 TRACE ro.mpp2025.problema8_fx.Repository.RepoUser 118 login - Exit with(User logged in successfully)
27 Mar 2025 18:35:58,498 TRACE ro.mpp2025.problema8_fx.Repository.RepoAgeGroup 49 findAll - Enter finding all AgeGroups
27 Mar 2025 18:35:58,501 TRACE ro.mpp2025.problema8_fx.Repository.RepoAgeGroup 67 findAll - Exit with([AgeGroup{name='Junior', minAge=5, maxAge=10}, AgeGroup{name='Middle', minAge=11, maxAge=17}, AgeGroup{name='Senior', minAge=17, maxAge=25}])
27 Mar 2025 18:35:58,501 TRACE ro.mpp2025.problema8_fx.Repository.RepoEvent 47 findAll - Enter finding all Events
27 Mar 2025 18:35:58,502 TRACE ro.mpp2025.problema8_fx.Repository.RepoEvent 64 findAll - Exit with(No Events found)
27 Mar 2025 20:04:47,557 INFO  ro.mpp2025.problema8_fx.Repository.RepoAgeGroup 19 <init> - Initializing AgeGroupDBRepository with properties: {jdbc.url=jdbc:sqlite:C:/Users/razva/Desktop/MPP2/mpp-proiect-java-Razvannnnn/Problema8/ConcursSportiv} 
27 Mar 2025 20:04:47,577 INFO  ro.mpp2025.problema8_fx.Repository.RepoEvent 18 <init> - Initializing EventDBRepository with properties: {jdbc.url=jdbc:sqlite:C:/Users/razva/Desktop/MPP2/mpp-proiect-java-Razvannnnn/Problema8/ConcursSportiv} 
27 Mar 2025 20:04:47,580 INFO  ro.mpp2025.problema8_fx.Repository.RepoChild 18 <init> - Initializing ChildDBRepository with properties: {jdbc.url=jdbc:sqlite:C:/Users/razva/Desktop/MPP2/mpp-proiect-java-Razvannnnn/Problema8/ConcursSportiv} 
27 Mar 2025 20:04:47,583 INFO  ro.mpp2025.problema8_fx.Repository.RepoEnrollment 24 <init> - Initializing RepoEnrollment with properties: {jdbc.url=jdbc:sqlite:C:/Users/razva/Desktop/MPP2/mpp-proiect-java-Razvannnnn/Problema8/ConcursSportiv}
27 Mar 2025 20:04:47,584 INFO  ro.mpp2025.problema8_fx.Repository.RepoUser 18 <init> - Initializing UserDBRepository with properties: {jdbc.url=jdbc:sqlite:C:/Users/razva/Desktop/MPP2/mpp-proiect-java-Razvannnnn/Problema8/ConcursSportiv} 
27 Mar 2025 20:04:52,420 INFO  ro.mpp2025.problema8_fx.Repository.RepoUser 111 login - Logging in User with username: admin1
27 Mar 2025 20:04:52,560 TRACE ro.mpp2025.problema8_fx.Repository.RepoUser 118 login - Exit with(User logged in successfully)
27 Mar 2025 20:04:52,593 TRACE ro.mpp2025.problema8_fx.Repository.RepoAgeGroup 49 findAll - Enter finding all AgeGroups
27 Mar 2025 20:04:52,597 TRACE ro.mpp2025.problema8_fx.Repository.RepoAgeGroup 67 findAll - Exit with([AgeGroup{name='Junior', minAge=5, maxAge=10}, AgeGroup{name='Middle', minAge=11, maxAge=17}, AgeGroup{name='Senior', minAge=17, maxAge=25}])
27 Mar 2025 20:04:52,597 TRACE ro.mpp2025.problema8_fx.Repository.RepoEvent 48 findAll - Enter finding all Events
27 Mar 2025 20:04:52,598 TRACE ro.mpp2025.problema8_fx.Repository.RepoEvent 66 findAll - Exit with(No Events found)
27 Mar 2025 20:05:44,399 INFO  ro.mpp2025.problema8_fx.Repository.RepoAgeGroup 19 <init> - Initializing AgeGroupDBRepository with properties: {jdbc.url=jdbc:sqlite:C:/Users/razva/Desktop/MPP2/mpp-proiect-java-Razvannnnn/Problema8/ConcursSportiv} 
27 Mar 2025 20:05:44,402 INFO  ro.mpp2025.problema8_fx.Repository.RepoEvent 18 <init> - Initializing EventDBRepository with properties: {jdbc.url=jdbc:sqlite:C:/Users/razva/Desktop/MPP2/mpp-proiect-java-Razvannnnn/Problema8/ConcursSportiv} 
27 Mar 2025 20:05:44,403 INFO  ro.mpp2025.problema8_fx.Repository.RepoChild 18 <init> - Initializing ChildDBRepository with properties: {jdbc.url=jdbc:sqlite:C:/Users/razva/Desktop/MPP2/mpp-proiect-java-Razvannnnn/Problema8/ConcursSportiv} 
27 Mar 2025 20:05:44,405 INFO  ro.mpp2025.problema8_fx.Repository.RepoEnrollment 24 <init> - Initializing RepoEnrollment with properties: {jdbc.url=jdbc:sqlite:C:/Users/razva/Desktop/MPP2/mpp-proiect-java-Razvannnnn/Problema8/ConcursSportiv}
27 Mar 2025 20:05:44,406 INFO  ro.mpp2025.problema8_fx.Repository.RepoUser 18 <init> - Initializing UserDBRepository with properties: {jdbc.url=jdbc:sqlite:C:/Users/razva/Desktop/MPP2/mpp-proiect-java-Razvannnnn/Problema8/ConcursSportiv} 
27 Mar 2025 20:05:49,582 INFO  ro.mpp2025.problema8_fx.Repository.RepoUser 111 login - Logging in User with username: admin1
27 Mar 2025 20:05:49,720 TRACE ro.mpp2025.problema8_fx.Repository.RepoUser 118 login - Exit with(User logged in successfully)
27 Mar 2025 20:05:49,750 TRACE ro.mpp2025.problema8_fx.Repository.RepoAgeGroup 49 findAll - Enter finding all AgeGroups
27 Mar 2025 20:05:49,754 TRACE ro.mpp2025.problema8_fx.Repository.RepoAgeGroup 67 findAll - Exit with([AgeGroup{name='6-8 ani', minAge=6, maxAge=8}, AgeGroup{name='9-11 ani', minAge=9, maxAge=11}, AgeGroup{name='12-15 ani', minAge=12, maxAge=15}])
27 Mar 2025 20:05:49,754 TRACE ro.mpp2025.problema8_fx.Repository.RepoEvent 48 findAll - Enter finding all Events
27 Mar 2025 20:05:49,755 TRACE ro.mpp2025.problema8_fx.Repository.RepoEvent 66 findAll - Exit with(No Events found)
27 Mar 2025 20:15:43,202 INFO  ro.mpp2025.problema8_fx.Repository.RepoAgeGroup 19 <init> - Initializing AgeGroupDBRepository with properties: {jdbc.url=jdbc:sqlite:C:/Users/razva/Desktop/MPP2/mpp-proiect-java-Razvannnnn/Problema8/ConcursSportiv} 
27 Mar 2025 20:15:43,206 INFO  ro.mpp2025.problema8_fx.Repository.RepoEvent 18 <init> - Initializing EventDBRepository with properties: {jdbc.url=jdbc:sqlite:C:/Users/razva/Desktop/MPP2/mpp-proiect-java-Razvannnnn/Problema8/ConcursSportiv} 
27 Mar 2025 20:15:43,207 INFO  ro.mpp2025.problema8_fx.Repository.RepoChild 18 <init> - Initializing ChildDBRepository with properties: {jdbc.url=jdbc:sqlite:C:/Users/razva/Desktop/MPP2/mpp-proiect-java-Razvannnnn/Problema8/ConcursSportiv} 
27 Mar 2025 20:15:43,209 INFO  ro.mpp2025.problema8_fx.Repository.RepoEnrollment 24 <init> - Initializing RepoEnrollment with properties: {jdbc.url=jdbc:sqlite:C:/Users/razva/Desktop/MPP2/mpp-proiect-java-Razvannnnn/Problema8/ConcursSportiv}
27 Mar 2025 20:15:43,210 INFO  ro.mpp2025.problema8_fx.Repository.RepoUser 18 <init> - Initializing UserDBRepository with properties: {jdbc.url=jdbc:sqlite:C:/Users/razva/Desktop/MPP2/mpp-proiect-java-Razvannnnn/Problema8/ConcursSportiv} 
27 Mar 2025 20:15:47,501 INFO  ro.mpp2025.problema8_fx.Repository.RepoUser 111 login - Logging in User with username: admin1
27 Mar 2025 20:15:47,611 TRACE ro.mpp2025.problema8_fx.Repository.RepoUser 118 login - Exit with(User logged in successfully)
27 Mar 2025 20:15:47,648 TRACE ro.mpp2025.problema8_fx.Repository.RepoAgeGroup 49 findAll - Enter finding all AgeGroups
27 Mar 2025 20:15:47,651 TRACE ro.mpp2025.problema8_fx.Repository.RepoAgeGroup 67 findAll - Exit with([AgeGroup{name='6-8 ani', minAge=6, maxAge=8}, AgeGroup{name='9-11 ani', minAge=9, maxAge=11}, AgeGroup{name='12-15 ani', minAge=12, maxAge=15}])
27 Mar 2025 20:15:49,901 INFO  ro.mpp2025.problema8_fx.Repository.RepoEvent 115 findByAgeGroup - Finding Events by AgeGroup id: 1
27 Mar 2025 20:15:49,905 TRACE ro.mpp2025.problema8_fx.Repository.RepoEvent 133 findByAgeGroup - Exit with([Event{name='50m', distance=50, ageGroupId=1}])
27 Mar 2025 20:15:52,418 INFO  ro.mpp2025.problema8_fx.Repository.RepoEvent 115 findByAgeGroup - Finding Events by AgeGroup id: 2
27 Mar 2025 20:15:52,420 TRACE ro.mpp2025.problema8_fx.Repository.RepoEvent 133 findByAgeGroup - Exit with([Event{name='100m', distance=100, ageGroupId=2}])
27 Mar 2025 20:15:54,194 INFO  ro.mpp2025.problema8_fx.Repository.RepoEvent 115 findByAgeGroup - Finding Events by AgeGroup id: 3
27 Mar 2025 20:15:54,195 TRACE ro.mpp2025.problema8_fx.Repository.RepoEvent 133 findByAgeGroup - Exit with([Event{name='1000m', distance=1000, ageGroupId=3}, Event{name='1500m', distance=1500, ageGroupId=3}])
27 Mar 2025 20:16:31,094 INFO  ro.mpp2025.problema8_fx.Repository.RepoEvent 115 findByAgeGroup - Finding Events by AgeGroup id: 1
27 Mar 2025 20:16:31,095 TRACE ro.mpp2025.problema8_fx.Repository.RepoEvent 133 findByAgeGroup - Exit with([Event{name='50m', distance=50, ageGroupId=1}])
27 Mar 2025 20:16:32,957 INFO  ro.mpp2025.problema8_fx.Repository.RepoEvent 115 findByAgeGroup - Finding Events by AgeGroup id: 2
27 Mar 2025 20:16:32,958 TRACE ro.mpp2025.problema8_fx.Repository.RepoEvent 133 findByAgeGroup - Exit with([Event{name='100m', distance=100, ageGroupId=2}])
27 Mar 2025 20:16:34,890 INFO  ro.mpp2025.problema8_fx.Repository.RepoEvent 115 findByAgeGroup - Finding Events by AgeGroup id: 3
27 Mar 2025 20:16:34,891 TRACE ro.mpp2025.problema8_fx.Repository.RepoEvent 133 findByAgeGroup - Exit with([Event{name='1000m', distance=1000, ageGroupId=3}, Event{name='1500m', distance=1500, ageGroupId=3}])
27 Mar 2025 20:21:04,766 INFO  ro.mpp2025.problema8_fx.Repository.RepoAgeGroup 19 <init> - Initializing AgeGroupDBRepository with properties: {jdbc.url=jdbc:sqlite:C:/Users/razva/Desktop/MPP2/mpp-proiect-java-Razvannnnn/Problema8/ConcursSportiv} 
27 Mar 2025 20:21:04,770 INFO  ro.mpp2025.problema8_fx.Repository.RepoEvent 18 <init> - Initializing EventDBRepository with properties: {jdbc.url=jdbc:sqlite:C:/Users/razva/Desktop/MPP2/mpp-proiect-java-Razvannnnn/Problema8/ConcursSportiv} 
27 Mar 2025 20:21:04,771 INFO  ro.mpp2025.problema8_fx.Repository.RepoChild 18 <init> - Initializing ChildDBRepository with properties: {jdbc.url=jdbc:sqlite:C:/Users/razva/Desktop/MPP2/mpp-proiect-java-Razvannnnn/Problema8/ConcursSportiv} 
27 Mar 2025 20:21:04,772 INFO  ro.mpp2025.problema8_fx.Repository.RepoEnrollment 24 <init> - Initializing RepoEnrollment with properties: {jdbc.url=jdbc:sqlite:C:/Users/razva/Desktop/MPP2/mpp-proiect-java-Razvannnnn/Problema8/ConcursSportiv}
27 Mar 2025 20:21:04,773 INFO  ro.mpp2025.problema8_fx.Repository.RepoUser 18 <init> - Initializing UserDBRepository with properties: {jdbc.url=jdbc:sqlite:C:/Users/razva/Desktop/MPP2/mpp-proiect-java-Razvannnnn/Problema8/ConcursSportiv} 
27 Mar 2025 20:21:08,768 INFO  ro.mpp2025.problema8_fx.Repository.RepoUser 111 login - Logging in User with username: admin1
27 Mar 2025 20:21:08,888 TRACE ro.mpp2025.problema8_fx.Repository.RepoUser 118 login - Exit with(User logged in successfully)
27 Mar 2025 20:21:08,920 TRACE ro.mpp2025.problema8_fx.Repository.RepoAgeGroup 49 findAll - Enter finding all AgeGroups
27 Mar 2025 20:21:08,923 TRACE ro.mpp2025.problema8_fx.Repository.RepoAgeGroup 67 findAll - Exit with([AgeGroup{name='6-8 ani', minAge=6, maxAge=8}, AgeGroup{name='9-11 ani', minAge=9, maxAge=11}, AgeGroup{name='12-15 ani', minAge=12, maxAge=15}])
27 Mar 2025 20:27:59,571 INFO  ro.mpp2025.problema8_fx.Repository.RepoAgeGroup 19 <init> - Initializing AgeGroupDBRepository with properties: {jdbc.url=jdbc:sqlite:C:/Users/razva/Desktop/MPP2/mpp-proiect-java-Razvannnnn/Problema8/ConcursSportiv} 
27 Mar 2025 20:27:59,577 INFO  ro.mpp2025.problema8_fx.Repository.RepoEvent 18 <init> - Initializing EventDBRepository with properties: {jdbc.url=jdbc:sqlite:C:/Users/razva/Desktop/MPP2/mpp-proiect-java-Razvannnnn/Problema8/ConcursSportiv} 
27 Mar 2025 20:27:59,579 INFO  ro.mpp2025.problema8_fx.Repository.RepoChild 18 <init> - Initializing ChildDBRepository with properties: {jdbc.url=jdbc:sqlite:C:/Users/razva/Desktop/MPP2/mpp-proiect-java-Razvannnnn/Problema8/ConcursSportiv} 
27 Mar 2025 20:27:59,581 INFO  ro.mpp2025.problema8_fx.Repository.RepoEnrollment 24 <init> - Initializing RepoEnrollment with properties: {jdbc.url=jdbc:sqlite:C:/Users/razva/Desktop/MPP2/mpp-proiect-java-Razvannnnn/Problema8/ConcursSportiv}
27 Mar 2025 20:27:59,582 INFO  ro.mpp2025.problema8_fx.Repository.RepoUser 18 <init> - Initializing UserDBRepository with properties: {jdbc.url=jdbc:sqlite:C:/Users/razva/Desktop/MPP2/mpp-proiect-java-Razvannnnn/Problema8/ConcursSportiv} 
27 Mar 2025 20:28:04,586 INFO  ro.mpp2025.problema8_fx.Repository.RepoUser 111 login - Logging in User with username: admin1
27 Mar 2025 20:28:04,699 TRACE ro.mpp2025.problema8_fx.Repository.RepoUser 118 login - Exit with(User logged in successfully)
27 Mar 2025 20:28:04,733 TRACE ro.mpp2025.problema8_fx.Repository.RepoAgeGroup 49 findAll - Enter finding all AgeGroups
27 Mar 2025 20:28:04,738 TRACE ro.mpp2025.problema8_fx.Repository.RepoAgeGroup 67 findAll - Exit with([AgeGroup{name='6-8 ani', minAge=6, maxAge=8}, AgeGroup{name='9-11 ani', minAge=9, maxAge=11}, AgeGroup{name='12-15 ani', minAge=12, maxAge=15}])
27 Mar 2025 20:58:37,770 INFO  ro.mpp2025.problema8_fx.Repository.RepoAgeGroup 19 <init> - Initializing AgeGroupDBRepository with properties: {jdbc.url=jdbc:sqlite:C:/Users/razva/Desktop/MPP2/mpp-proiect-java-Razvannnnn/Problema8/ConcursSportiv} 
27 Mar 2025 20:58:37,775 INFO  ro.mpp2025.problema8_fx.Repository.RepoEvent 18 <init> - Initializing EventDBRepository with properties: {jdbc.url=jdbc:sqlite:C:/Users/razva/Desktop/MPP2/mpp-proiect-java-Razvannnnn/Problema8/ConcursSportiv} 
27 Mar 2025 20:58:37,777 INFO  ro.mpp2025.problema8_fx.Repository.RepoChild 18 <init> - Initializing ChildDBRepository with properties: {jdbc.url=jdbc:sqlite:C:/Users/razva/Desktop/MPP2/mpp-proiect-java-Razvannnnn/Problema8/ConcursSportiv} 
27 Mar 2025 20:58:37,779 INFO  ro.mpp2025.problema8_fx.Repository.RepoEnrollment 24 <init> - Initializing RepoEnrollment with properties: {jdbc.url=jdbc:sqlite:C:/Users/razva/Desktop/MPP2/mpp-proiect-java-Razvannnnn/Problema8/ConcursSportiv}
27 Mar 2025 20:58:37,784 INFO  ro.mpp2025.problema8_fx.Repository.RepoUser 18 <init> - Initializing UserDBRepository with properties: {jdbc.url=jdbc:sqlite:C:/Users/razva/Desktop/MPP2/mpp-proiect-java-Razvannnnn/Problema8/ConcursSportiv} 
27 Mar 2025 20:58:42,104 INFO  ro.mpp2025.problema8_fx.Repository.RepoUser 111 login - Logging in User with username: admin1
27 Mar 2025 20:58:42,210 TRACE ro.mpp2025.problema8_fx.Repository.RepoUser 118 login - Exit with(User logged in successfully)
27 Mar 2025 21:01:21,461 INFO  ro.mpp2025.problema8_fx.Repository.RepoAgeGroup 19 <init> - Initializing AgeGroupDBRepository with properties: {jdbc.url=jdbc:sqlite:C:/Users/razva/Desktop/MPP2/mpp-proiect-java-Razvannnnn/Problema8/ConcursSportiv} 
27 Mar 2025 21:01:21,465 INFO  ro.mpp2025.problema8_fx.Repository.RepoEvent 18 <init> - Initializing EventDBRepository with properties: {jdbc.url=jdbc:sqlite:C:/Users/razva/Desktop/MPP2/mpp-proiect-java-Razvannnnn/Problema8/ConcursSportiv} 
27 Mar 2025 21:01:21,466 INFO  ro.mpp2025.problema8_fx.Repository.RepoChild 18 <init> - Initializing ChildDBRepository with properties: {jdbc.url=jdbc:sqlite:C:/Users/razva/Desktop/MPP2/mpp-proiect-java-Razvannnnn/Problema8/ConcursSportiv} 
27 Mar 2025 21:01:21,467 INFO  ro.mpp2025.problema8_fx.Repository.RepoEnrollment 24 <init> - Initializing RepoEnrollment with properties: {jdbc.url=jdbc:sqlite:C:/Users/razva/Desktop/MPP2/mpp-proiect-java-Razvannnnn/Problema8/ConcursSportiv}
27 Mar 2025 21:01:21,468 INFO  ro.mpp2025.problema8_fx.Repository.RepoUser 18 <init> - Initializing UserDBRepository with properties: {jdbc.url=jdbc:sqlite:C:/Users/razva/Desktop/MPP2/mpp-proiect-java-Razvannnnn/Problema8/ConcursSportiv} 
27 Mar 2025 21:01:27,604 INFO  ro.mpp2025.problema8_fx.Repository.RepoUser 111 login - Logging in User with username: admin1
27 Mar 2025 21:01:27,719 TRACE ro.mpp2025.problema8_fx.Repository.RepoUser 118 login - Exit with(User logged in successfully)
27 Mar 2025 21:01:27,762 TRACE ro.mpp2025.problema8_fx.Repository.RepoAgeGroup 49 findAll - Enter finding all AgeGroups
27 Mar 2025 21:01:27,766 TRACE ro.mpp2025.problema8_fx.Repository.RepoAgeGroup 67 findAll - Exit with([AgeGroup{name='6-8 ani', minAge=6, maxAge=8}, AgeGroup{name='9-11 ani', minAge=9, maxAge=11}, AgeGroup{name='12-15 ani', minAge=12, maxAge=15}])
27 Mar 2025 21:35:31,364 INFO  ro.mpp2025.problema8_fx.Repository.RepoAgeGroup 19 <init> - Initializing AgeGroupDBRepository with properties: {jdbc.url=jdbc:sqlite:C:/Users/razva/Desktop/MPP2/mpp-proiect-java-Razvannnnn/Problema8/ConcursSportiv} 
27 Mar 2025 21:35:31,367 INFO  ro.mpp2025.problema8_fx.Repository.RepoEvent 18 <init> - Initializing EventDBRepository with properties: {jdbc.url=jdbc:sqlite:C:/Users/razva/Desktop/MPP2/mpp-proiect-java-Razvannnnn/Problema8/ConcursSportiv} 
27 Mar 2025 21:35:31,368 INFO  ro.mpp2025.problema8_fx.Repository.RepoChild 18 <init> - Initializing ChildDBRepository with properties: {jdbc.url=jdbc:sqlite:C:/Users/razva/Desktop/MPP2/mpp-proiect-java-Razvannnnn/Problema8/ConcursSportiv} 
27 Mar 2025 21:35:31,370 INFO  ro.mpp2025.problema8_fx.Repository.RepoEnrollment 24 <init> - Initializing RepoEnrollment with properties: {jdbc.url=jdbc:sqlite:C:/Users/razva/Desktop/MPP2/mpp-proiect-java-Razvannnnn/Problema8/ConcursSportiv}
27 Mar 2025 21:35:31,371 INFO  ro.mpp2025.problema8_fx.Repository.RepoUser 18 <init> - Initializing UserDBRepository with properties: {jdbc.url=jdbc:sqlite:C:/Users/razva/Desktop/MPP2/mpp-proiect-java-Razvannnnn/Problema8/ConcursSportiv} 
27 Mar 2025 21:35:36,512 INFO  ro.mpp2025.problema8_fx.Repository.RepoUser 111 login - Logging in User with username: admin1
27 Mar 2025 21:35:36,636 TRACE ro.mpp2025.problema8_fx.Repository.RepoUser 118 login - Exit with(User logged in successfully)
27 Mar 2025 21:35:36,676 TRACE ro.mpp2025.problema8_fx.Repository.RepoAgeGroup 49 findAll - Enter finding all AgeGroups
27 Mar 2025 21:35:36,680 TRACE ro.mpp2025.problema8_fx.Repository.RepoAgeGroup 67 findAll - Exit with([AgeGroup{name='6-8 ani', minAge=6, maxAge=8}, AgeGroup{name='9-11 ani', minAge=9, maxAge=11}, AgeGroup{name='12-15 ani', minAge=12, maxAge=15}])
27 Mar 2025 21:39:51,335 INFO  ro.mpp2025.problema8_fx.Repository.RepoAgeGroup 19 <init> - Initializing AgeGroupDBRepository with properties: {jdbc.url=jdbc:sqlite:C:/Users/razva/Desktop/MPP2/mpp-proiect-java-Razvannnnn/Problema8/ConcursSportiv} 
27 Mar 2025 21:39:51,339 INFO  ro.mpp2025.problema8_fx.Repository.RepoEvent 18 <init> - Initializing EventDBRepository with properties: {jdbc.url=jdbc:sqlite:C:/Users/razva/Desktop/MPP2/mpp-proiect-java-Razvannnnn/Problema8/ConcursSportiv} 
27 Mar 2025 21:39:51,340 INFO  ro.mpp2025.problema8_fx.Repository.RepoChild 18 <init> - Initializing ChildDBRepository with properties: {jdbc.url=jdbc:sqlite:C:/Users/razva/Desktop/MPP2/mpp-proiect-java-Razvannnnn/Problema8/ConcursSportiv} 
27 Mar 2025 21:39:51,342 INFO  ro.mpp2025.problema8_fx.Repository.RepoEnrollment 24 <init> - Initializing RepoEnrollment with properties: {jdbc.url=jdbc:sqlite:C:/Users/razva/Desktop/MPP2/mpp-proiect-java-Razvannnnn/Problema8/ConcursSportiv}
27 Mar 2025 21:39:51,343 INFO  ro.mpp2025.problema8_fx.Repository.RepoUser 18 <init> - Initializing UserDBRepository with properties: {jdbc.url=jdbc:sqlite:C:/Users/razva/Desktop/MPP2/mpp-proiect-java-Razvannnnn/Problema8/ConcursSportiv} 
27 Mar 2025 21:39:56,423 INFO  ro.mpp2025.problema8_fx.Repository.RepoUser 111 login - Logging in User with username: admin1
27 Mar 2025 21:39:56,517 TRACE ro.mpp2025.problema8_fx.Repository.RepoUser 118 login - Exit with(User logged in successfully)
27 Mar 2025 21:39:56,558 TRACE ro.mpp2025.problema8_fx.Repository.RepoAgeGroup 49 findAll - Enter finding all AgeGroups
27 Mar 2025 21:39:56,561 TRACE ro.mpp2025.problema8_fx.Repository.RepoAgeGroup 67 findAll - Exit with([AgeGroup{name='6-8 ani', minAge=6, maxAge=8}, AgeGroup{name='9-11 ani', minAge=9, maxAge=11}, AgeGroup{name='12-15 ani', minAge=12, maxAge=15}])
27 Mar 2025 21:39:58,103 INFO  ro.mpp2025.problema8_fx.Repository.RepoEvent 115 findByAgeGroup - Finding Events by AgeGroup id: 1
27 Mar 2025 21:39:58,107 TRACE ro.mpp2025.problema8_fx.Repository.RepoEvent 133 findByAgeGroup - Exit with([Event{name='50m', distance=50, ageGroupId=1}])
27 Mar 2025 21:39:59,464 INFO  ro.mpp2025.problema8_fx.Repository.RepoEvent 115 findByAgeGroup - Finding Events by AgeGroup id: 3
27 Mar 2025 21:39:59,465 TRACE ro.mpp2025.problema8_fx.Repository.RepoEvent 133 findByAgeGroup - Exit with([Event{name='1000m', distance=1000, ageGroupId=3}, Event{name='1500m', distance=1500, ageGroupId=3}])
27 Mar 2025 21:40:12,277 INFO  ro.mpp2025.problema8_fx.Repository.RepoEvent 115 findByAgeGroup - Finding Events by AgeGroup id: 2
27 Mar 2025 21:40:12,278 TRACE ro.mpp2025.problema8_fx.Repository.RepoEvent 133 findByAgeGroup - Exit with([Event{name='100m', distance=100, ageGroupId=2}])
27 Mar 2025 21:40:16,469 INFO  ro.mpp2025.problema8_fx.Repository.RepoChild 70 save - Saving Child: Child{name='CopilNou', CNP='1231231231'}
27 Mar 2025 21:40:16,479 TRACE ro.mpp2025.problema8_fx.Repository.RepoChild 81 save - Exit with(Child saved successfully)
27 Mar 2025 21:40:16,479 INFO  ro.mpp2025.problema8_fx.Repository.RepoChild 117 findOneCNP - Finding Child by CNP: 1231231231
27 Mar 2025 21:40:16,480 TRACE ro.mpp2025.problema8_fx.Repository.RepoChild 126 findOneCNP - Exit with(Child{name='CopilNou', CNP='1231231231'})
27 Mar 2025 21:40:16,480 INFO  ro.mpp2025.problema8_fx.Repository.RepoEnrollment 107 save - Saving Enrollment: Enrollment{child=Child{name='CopilNou', CNP='1231231231'}, event=Event{name='100m', distance=100, ageGroupId=2}}
27 Mar 2025 21:40:41,368 INFO  ro.mpp2025.problema8_fx.Repository.RepoEvent 115 findByAgeGroup - Finding Events by AgeGroup id: 2
27 Mar 2025 21:40:41,368 TRACE ro.mpp2025.problema8_fx.Repository.RepoEvent 133 findByAgeGroup - Exit with([Event{name='100m', distance=100, ageGroupId=2}])
27 Mar 2025 21:40:43,519 INFO  ro.mpp2025.problema8_fx.Repository.RepoEvent 115 findByAgeGroup - Finding Events by AgeGroup id: 1
27 Mar 2025 21:40:43,520 TRACE ro.mpp2025.problema8_fx.Repository.RepoEvent 133 findByAgeGroup - Exit with([Event{name='50m', distance=50, ageGroupId=1}])
27 Mar 2025 21:40:47,144 INFO  ro.mpp2025.problema8_fx.Repository.RepoChild 70 save - Saving Child: Child{name='CopilNou2', CNP='12312312311'}
27 Mar 2025 21:40:47,148 TRACE ro.mpp2025.problema8_fx.Repository.RepoChild 81 save - Exit with(Child saved successfully)
27 Mar 2025 21:40:47,148 INFO  ro.mpp2025.problema8_fx.Repository.RepoChild 117 findOneCNP - Finding Child by CNP: 12312312311
27 Mar 2025 21:40:47,149 TRACE ro.mpp2025.problema8_fx.Repository.RepoChild 126 findOneCNP - Exit with(Child{name='CopilNou2', CNP='12312312311'})
27 Mar 2025 21:40:47,149 INFO  ro.mpp2025.problema8_fx.Repository.RepoEnrollment 107 save - Saving Enrollment: Enrollment{child=Child{name='CopilNou2', CNP='12312312311'}, event=Event{name='100m', distance=100, ageGroupId=2}}
27 Mar 2025 21:40:47,152 INFO  ro.mpp2025.problema8_fx.Repository.RepoChild 70 save - Saving Child: Child{name='CopilNou2', CNP='12312312311'}
27 Mar 2025 21:40:47,155 ERROR ro.mpp2025.problema8_fx.Repository.RepoChild 78 save - org.sqlite.SQLiteException: [SQLITE_CONSTRAINT_UNIQUE] A UNIQUE constraint failed (UNIQUE constraint failed: child.CNP)
27 Mar 2025 21:40:47,155 TRACE ro.mpp2025.problema8_fx.Repository.RepoChild 81 save - Exit with(Child saved successfully)
27 Mar 2025 21:40:47,155 INFO  ro.mpp2025.problema8_fx.Repository.RepoChild 117 findOneCNP - Finding Child by CNP: 12312312311
27 Mar 2025 21:40:47,155 TRACE ro.mpp2025.problema8_fx.Repository.RepoChild 126 findOneCNP - Exit with(Child{name='CopilNou2', CNP='12312312311'})
27 Mar 2025 21:40:47,156 INFO  ro.mpp2025.problema8_fx.Repository.RepoEnrollment 107 save - Saving Enrollment: Enrollment{child=Child{name='CopilNou2', CNP='12312312311'}, event=Event{name='50m', distance=50, ageGroupId=1}}
27 Mar 2025 21:40:59,430 INFO  ro.mpp2025.problema8_fx.Repository.RepoEvent 115 findByAgeGroup - Finding Events by AgeGroup id: 3
27 Mar 2025 21:40:59,431 TRACE ro.mpp2025.problema8_fx.Repository.RepoEvent 133 findByAgeGroup - Exit with([Event{name='1000m', distance=1000, ageGroupId=3}, Event{name='1500m', distance=1500, ageGroupId=3}])
27 Mar 2025 21:41:01,600 INFO  ro.mpp2025.problema8_fx.Repository.RepoChild 70 save - Saving Child: Child{name='CopilNou2', CNP='12312312311'}
27 Mar 2025 21:41:01,601 ERROR ro.mpp2025.problema8_fx.Repository.RepoChild 78 save - org.sqlite.SQLiteException: [SQLITE_CONSTRAINT_UNIQUE] A UNIQUE constraint failed (UNIQUE constraint failed: child.CNP)
27 Mar 2025 21:41:01,601 TRACE ro.mpp2025.problema8_fx.Repository.RepoChild 81 save - Exit with(Child saved successfully)
27 Mar 2025 21:41:01,601 INFO  ro.mpp2025.problema8_fx.Repository.RepoChild 117 findOneCNP - Finding Child by CNP: 12312312311
27 Mar 2025 21:41:01,602 TRACE ro.mpp2025.problema8_fx.Repository.RepoChild 126 findOneCNP - Exit with(Child{name='CopilNou2', CNP='12312312311'})
27 Mar 2025 21:41:01,602 INFO  ro.mpp2025.problema8_fx.Repository.RepoEnrollment 107 save - Saving Enrollment: Enrollment{child=Child{name='CopilNou2', CNP='12312312311'}, event=Event{name='1500m', distance=1500, ageGroupId=3}}
27 Mar 2025 21:41:01,610 INFO  ro.mpp2025.problema8_fx.Repository.RepoChild 70 save - Saving Child: Child{name='CopilNou2', CNP='12312312311'}
27 Mar 2025 21:41:01,611 ERROR ro.mpp2025.problema8_fx.Repository.RepoChild 78 save - org.sqlite.SQLiteException: [SQLITE_CONSTRAINT_UNIQUE] A UNIQUE constraint failed (UNIQUE constraint failed: child.CNP)
27 Mar 2025 21:41:01,611 TRACE ro.mpp2025.problema8_fx.Repository.RepoChild 81 save - Exit with(Child saved successfully)
27 Mar 2025 21:41:01,611 INFO  ro.mpp2025.problema8_fx.Repository.RepoChild 117 findOneCNP - Finding Child by CNP: 12312312311
27 Mar 2025 21:41:01,612 TRACE ro.mpp2025.problema8_fx.Repository.RepoChild 126 findOneCNP - Exit with(Child{name='CopilNou2', CNP='12312312311'})
27 Mar 2025 21:41:01,612 INFO  ro.mpp2025.problema8_fx.Repository.RepoEnrollment 107 save - Saving Enrollment: Enrollment{child=Child{name='CopilNou2', CNP='12312312311'}, event=Event{name='50m', distance=50, ageGroupId=1}}
27 Mar 2025 21:41:01,612 ERROR ro.mpp2025.problema8_fx.Repository.RepoEnrollment 115 save - org.sqlite.SQLiteException: [SQLITE_CONSTRAINT_UNIQUE] A UNIQUE constraint failed (UNIQUE constraint failed: enrollment.child_id, enrollment.event_id)
27 Mar 2025 21:41:10,646 INFO  ro.mpp2025.problema8_fx.Repository.RepoChild 70 save - Saving Child: Child{name='CopilNou2', CNP='23123122222'}
27 Mar 2025 21:41:10,659 TRACE ro.mpp2025.problema8_fx.Repository.RepoChild 81 save - Exit with(Child saved successfully)
27 Mar 2025 21:41:10,659 INFO  ro.mpp2025.problema8_fx.Repository.RepoChild 117 findOneCNP - Finding Child by CNP: 23123122222
27 Mar 2025 21:41:10,659 TRACE ro.mpp2025.problema8_fx.Repository.RepoChild 126 findOneCNP - Exit with(Child{name='CopilNou2', CNP='23123122222'})
27 Mar 2025 21:41:10,660 INFO  ro.mpp2025.problema8_fx.Repository.RepoEnrollment 107 save - Saving Enrollment: Enrollment{child=Child{name='CopilNou2', CNP='23123122222'}, event=Event{name='1500m', distance=1500, ageGroupId=3}}
27 Mar 2025 21:41:10,666 INFO  ro.mpp2025.problema8_fx.Repository.RepoChild 70 save - Saving Child: Child{name='CopilNou2', CNP='23123122222'}
27 Mar 2025 21:41:10,667 ERROR ro.mpp2025.problema8_fx.Repository.RepoChild 78 save - org.sqlite.SQLiteException: [SQLITE_CONSTRAINT_UNIQUE] A UNIQUE constraint failed (UNIQUE constraint failed: child.CNP)
27 Mar 2025 21:41:10,667 TRACE ro.mpp2025.problema8_fx.Repository.RepoChild 81 save - Exit with(Child saved successfully)
27 Mar 2025 21:41:10,667 INFO  ro.mpp2025.problema8_fx.Repository.RepoChild 117 findOneCNP - Finding Child by CNP: 23123122222
27 Mar 2025 21:41:10,668 TRACE ro.mpp2025.problema8_fx.Repository.RepoChild 126 findOneCNP - Exit with(Child{name='CopilNou2', CNP='23123122222'})
27 Mar 2025 21:41:10,668 INFO  ro.mpp2025.problema8_fx.Repository.RepoEnrollment 107 save - Saving Enrollment: Enrollment{child=Child{name='CopilNou2', CNP='23123122222'}, event=Event{name='50m', distance=50, ageGroupId=1}}
27 Mar 2025 21:41:14,456 INFO  ro.mpp2025.problema8_fx.Repository.RepoChild 70 save - Saving Child: Child{name='CopilNou2', CNP='2312312222'}
27 Mar 2025 21:41:14,463 TRACE ro.mpp2025.problema8_fx.Repository.RepoChild 81 save - Exit with(Child saved successfully)
27 Mar 2025 21:41:14,463 INFO  ro.mpp2025.problema8_fx.Repository.RepoChild 117 findOneCNP - Finding Child by CNP: 2312312222
27 Mar 2025 21:41:14,464 TRACE ro.mpp2025.problema8_fx.Repository.RepoChild 126 findOneCNP - Exit with(Child{name='CopilNou2', CNP='2312312222'})
27 Mar 2025 21:41:14,464 INFO  ro.mpp2025.problema8_fx.Repository.RepoEnrollment 107 save - Saving Enrollment: Enrollment{child=Child{name='CopilNou2', CNP='2312312222'}, event=Event{name='1500m', distance=1500, ageGroupId=3}}
27 Mar 2025 21:41:14,469 INFO  ro.mpp2025.problema8_fx.Repository.RepoChild 70 save - Saving Child: Child{name='CopilNou2', CNP='2312312222'}
27 Mar 2025 21:41:14,470 ERROR ro.mpp2025.problema8_fx.Repository.RepoChild 78 save - org.sqlite.SQLiteException: [SQLITE_CONSTRAINT_UNIQUE] A UNIQUE constraint failed (UNIQUE constraint failed: child.CNP)
27 Mar 2025 21:41:14,470 TRACE ro.mpp2025.problema8_fx.Repository.RepoChild 81 save - Exit with(Child saved successfully)
27 Mar 2025 21:41:14,471 INFO  ro.mpp2025.problema8_fx.Repository.RepoChild 117 findOneCNP - Finding Child by CNP: 2312312222
27 Mar 2025 21:41:14,471 TRACE ro.mpp2025.problema8_fx.Repository.RepoChild 126 findOneCNP - Exit with(Child{name='CopilNou2', CNP='2312312222'})
27 Mar 2025 21:41:14,471 INFO  ro.mpp2025.problema8_fx.Repository.RepoEnrollment 107 save - Saving Enrollment: Enrollment{child=Child{name='CopilNou2', CNP='2312312222'}, event=Event{name='50m', distance=50, ageGroupId=1}}
27 Mar 2025 21:42:03,000 INFO  ro.mpp2025.problema8_fx.Repository.RepoAgeGroup 19 <init> - Initializing AgeGroupDBRepository with properties: {jdbc.url=jdbc:sqlite:C:/Users/razva/Desktop/MPP2/mpp-proiect-java-Razvannnnn/Problema8/ConcursSportiv} 
27 Mar 2025 21:42:03,003 INFO  ro.mpp2025.problema8_fx.Repository.RepoEvent 18 <init> - Initializing EventDBRepository with properties: {jdbc.url=jdbc:sqlite:C:/Users/razva/Desktop/MPP2/mpp-proiect-java-Razvannnnn/Problema8/ConcursSportiv} 
27 Mar 2025 21:42:03,005 INFO  ro.mpp2025.problema8_fx.Repository.RepoChild 18 <init> - Initializing ChildDBRepository with properties: {jdbc.url=jdbc:sqlite:C:/Users/razva/Desktop/MPP2/mpp-proiect-java-Razvannnnn/Problema8/ConcursSportiv} 
27 Mar 2025 21:42:03,006 INFO  ro.mpp2025.problema8_fx.Repository.RepoEnrollment 24 <init> - Initializing RepoEnrollment with properties: {jdbc.url=jdbc:sqlite:C:/Users/razva/Desktop/MPP2/mpp-proiect-java-Razvannnnn/Problema8/ConcursSportiv}
27 Mar 2025 21:42:03,007 INFO  ro.mpp2025.problema8_fx.Repository.RepoUser 18 <init> - Initializing UserDBRepository with properties: {jdbc.url=jdbc:sqlite:C:/Users/razva/Desktop/MPP2/mpp-proiect-java-Razvannnnn/Problema8/ConcursSportiv} 
27 Mar 2025 21:42:08,775 INFO  ro.mpp2025.problema8_fx.Repository.RepoUser 111 login - Logging in User with username: admin1
27 Mar 2025 21:42:08,921 TRACE ro.mpp2025.problema8_fx.Repository.RepoUser 118 login - Exit with(User logged in successfully)
27 Mar 2025 21:42:08,966 TRACE ro.mpp2025.problema8_fx.Repository.RepoAgeGroup 49 findAll - Enter finding all AgeGroups
27 Mar 2025 21:42:08,970 TRACE ro.mpp2025.problema8_fx.Repository.RepoAgeGroup 67 findAll - Exit with([AgeGroup{name='6-8 ani', minAge=6, maxAge=8}, AgeGroup{name='9-11 ani', minAge=9, maxAge=11}, AgeGroup{name='12-15 ani', minAge=12, maxAge=15}])
27 Mar 2025 21:42:10,771 INFO  ro.mpp2025.problema8_fx.Repository.RepoEvent 115 findByAgeGroup - Finding Events by AgeGroup id: 1
27 Mar 2025 21:42:10,775 TRACE ro.mpp2025.problema8_fx.Repository.RepoEvent 133 findByAgeGroup - Exit with([Event{name='50m', distance=50, ageGroupId=1}])
27 Mar 2025 21:42:12,831 INFO  ro.mpp2025.problema8_fx.Repository.RepoEvent 115 findByAgeGroup - Finding Events by AgeGroup id: 2
27 Mar 2025 21:42:12,832 TRACE ro.mpp2025.problema8_fx.Repository.RepoEvent 133 findByAgeGroup - Exit with([Event{name='100m', distance=100, ageGroupId=2}])
27 Mar 2025 21:42:14,274 INFO  ro.mpp2025.problema8_fx.Repository.RepoEvent 115 findByAgeGroup - Finding Events by AgeGroup id: 3
27 Mar 2025 21:42:14,274 TRACE ro.mpp2025.problema8_fx.Repository.RepoEvent 133 findByAgeGroup - Exit with([Event{name='1000m', distance=1000, ageGroupId=3}, Event{name='1500m', distance=1500, ageGroupId=3}])
27 Mar 2025 22:07:43,318 INFO  ro.mpp2025.problema8_fx.Repository.RepoAgeGroup 19 <init> - Initializing AgeGroupDBRepository with properties: {jdbc.url=jdbc:sqlite:C:/Users/razva/Desktop/MPP2/mpp-proiect-java-Razvannnnn/Problema8/ConcursSportiv} 
27 Mar 2025 22:07:43,321 INFO  ro.mpp2025.problema8_fx.Repository.RepoEvent 18 <init> - Initializing EventDBRepository with properties: {jdbc.url=jdbc:sqlite:C:/Users/razva/Desktop/MPP2/mpp-proiect-java-Razvannnnn/Problema8/ConcursSportiv} 
27 Mar 2025 22:07:43,323 INFO  ro.mpp2025.problema8_fx.Repository.RepoChild 18 <init> - Initializing ChildDBRepository with properties: {jdbc.url=jdbc:sqlite:C:/Users/razva/Desktop/MPP2/mpp-proiect-java-Razvannnnn/Problema8/ConcursSportiv} 
27 Mar 2025 22:07:43,324 INFO  ro.mpp2025.problema8_fx.Repository.RepoEnrollment 24 <init> - Initializing RepoEnrollment with properties: {jdbc.url=jdbc:sqlite:C:/Users/razva/Desktop/MPP2/mpp-proiect-java-Razvannnnn/Problema8/ConcursSportiv}
27 Mar 2025 22:07:43,325 INFO  ro.mpp2025.problema8_fx.Repository.RepoUser 18 <init> - Initializing UserDBRepository with properties: {jdbc.url=jdbc:sqlite:C:/Users/razva/Desktop/MPP2/mpp-proiect-java-Razvannnnn/Problema8/ConcursSportiv} 
27 Mar 2025 22:07:51,528 INFO  ro.mpp2025.problema8_fx.Repository.RepoUser 111 login - Logging in User with username: admin1
27 Mar 2025 22:07:51,653 TRACE ro.mpp2025.problema8_fx.Repository.RepoUser 118 login - Exit with(User logged in successfully)
27 Mar 2025 22:07:51,693 TRACE ro.mpp2025.problema8_fx.Repository.RepoAgeGroup 49 findAll - Enter finding all AgeGroups
27 Mar 2025 22:07:51,696 TRACE ro.mpp2025.problema8_fx.Repository.RepoAgeGroup 67 findAll - Exit with([AgeGroup{name='6-8 ani', minAge=6, maxAge=8}, AgeGroup{name='9-11 ani', minAge=9, maxAge=11}, AgeGroup{name='12-15 ani', minAge=12, maxAge=15}])
27 Mar 2025 22:07:53,557 INFO  ro.mpp2025.problema8_fx.Repository.RepoEvent 115 findByAgeGroup - Finding Events by AgeGroup id: 2
27 Mar 2025 22:07:53,561 TRACE ro.mpp2025.problema8_fx.Repository.RepoEvent 133 findByAgeGroup - Exit with([Event{name='Sprint 100m', distance=100, ageGroupId=2}, Event{name='Garduri 100m', distance=100, ageGroupId=2}])
27 Mar 2025 22:07:58,471 INFO  ro.mpp2025.problema8_fx.Repository.RepoEvent 115 findByAgeGroup - Finding Events by AgeGroup id: 1
27 Mar 2025 22:07:58,472 TRACE ro.mpp2025.problema8_fx.Repository.RepoEvent 133 findByAgeGroup - Exit with([Event{name='Sprint 50m', distance=50, ageGroupId=1}])
27 Mar 2025 22:08:00,426 INFO  ro.mpp2025.problema8_fx.Repository.RepoEvent 115 findByAgeGroup - Finding Events by AgeGroup id: 3
27 Mar 2025 22:08:00,427 TRACE ro.mpp2025.problema8_fx.Repository.RepoEvent 133 findByAgeGroup - Exit with([Event{name='Sprint 1000m', distance=1000, ageGroupId=3}, Event{name='Sprint 1500m', distance=1500, ageGroupId=3}, Event{name='Garduri 100m', distance=100, ageGroupId=3}, Event{name='Garduri 1000m', distance=1000, ageGroupId=3}])
27 Mar 2025 22:12:28,459 INFO  ro.mpp2025.problema8_fx.Repository.RepoAgeGroup 19 <init> - Initializing AgeGroupDBRepository with properties: {jdbc.url=jdbc:sqlite:C:/Users/razva/Desktop/MPP2/mpp-proiect-java-Razvannnnn/Problema8/ConcursSportiv} 
27 Mar 2025 22:12:28,462 INFO  ro.mpp2025.problema8_fx.Repository.RepoEvent 18 <init> - Initializing EventDBRepository with properties: {jdbc.url=jdbc:sqlite:C:/Users/razva/Desktop/MPP2/mpp-proiect-java-Razvannnnn/Problema8/ConcursSportiv} 
27 Mar 2025 22:12:28,463 INFO  ro.mpp2025.problema8_fx.Repository.RepoChild 18 <init> - Initializing ChildDBRepository with properties: {jdbc.url=jdbc:sqlite:C:/Users/razva/Desktop/MPP2/mpp-proiect-java-Razvannnnn/Problema8/ConcursSportiv} 
27 Mar 2025 22:12:28,465 INFO  ro.mpp2025.problema8_fx.Repository.RepoEnrollment 24 <init> - Initializing RepoEnrollment with properties: {jdbc.url=jdbc:sqlite:C:/Users/razva/Desktop/MPP2/mpp-proiect-java-Razvannnnn/Problema8/ConcursSportiv}
27 Mar 2025 22:12:28,466 INFO  ro.mpp2025.problema8_fx.Repository.RepoUser 18 <init> - Initializing UserDBRepository with properties: {jdbc.url=jdbc:sqlite:C:/Users/razva/Desktop/MPP2/mpp-proiect-java-Razvannnnn/Problema8/ConcursSportiv} 
27 Mar 2025 22:12:34,025 INFO  ro.mpp2025.problema8_fx.Repository.RepoUser 111 login - Logging in User with username: admin1
27 Mar 2025 22:12:34,130 TRACE ro.mpp2025.problema8_fx.Repository.RepoUser 118 login - Exit with(User logged in successfully)
27 Mar 2025 22:12:34,170 TRACE ro.mpp2025.problema8_fx.Repository.RepoAgeGroup 49 findAll - Enter finding all AgeGroups
27 Mar 2025 22:12:34,174 TRACE ro.mpp2025.problema8_fx.Repository.RepoAgeGroup 67 findAll - Exit with([AgeGroup{name='6-8 ani', minAge=6, maxAge=8}, AgeGroup{name='9-11 ani', minAge=9, maxAge=11}, AgeGroup{name='12-15 ani', minAge=12, maxAge=15}])
27 Mar 2025 22:12:36,282 INFO  ro.mpp2025.problema8_fx.Repository.RepoEvent 115 findByAgeGroup - Finding Events by AgeGroup id: 2
27 Mar 2025 22:12:36,284 TRACE ro.mpp2025.problema8_fx.Repository.RepoEvent 133 findByAgeGroup - Exit with([Event{name='Sprint 100m', distance=100, ageGroupId=2}, Event{name='Garduri 100m', distance=100, ageGroupId=2}])
27 Mar 2025 22:12:41,040 INFO  ro.mpp2025.problema8_fx.Repository.RepoEvent 115 findByAgeGroup - Finding Events by AgeGroup id: 1
27 Mar 2025 22:12:41,041 TRACE ro.mpp2025.problema8_fx.Repository.RepoEvent 133 findByAgeGroup - Exit with([Event{name='Sprint 50m', distance=50, ageGroupId=1}])
27 Mar 2025 22:13:32,375 INFO  ro.mpp2025.problema8_fx.Repository.RepoAgeGroup 19 <init> - Initializing AgeGroupDBRepository with properties: {jdbc.url=jdbc:sqlite:C:/Users/razva/Desktop/MPP2/mpp-proiect-java-Razvannnnn/Problema8/ConcursSportiv} 
27 Mar 2025 22:13:32,378 INFO  ro.mpp2025.problema8_fx.Repository.RepoEvent 18 <init> - Initializing EventDBRepository with properties: {jdbc.url=jdbc:sqlite:C:/Users/razva/Desktop/MPP2/mpp-proiect-java-Razvannnnn/Problema8/ConcursSportiv} 
27 Mar 2025 22:13:32,379 INFO  ro.mpp2025.problema8_fx.Repository.RepoChild 18 <init> - Initializing ChildDBRepository with properties: {jdbc.url=jdbc:sqlite:C:/Users/razva/Desktop/MPP2/mpp-proiect-java-Razvannnnn/Problema8/ConcursSportiv} 
27 Mar 2025 22:13:32,380 INFO  ro.mpp2025.problema8_fx.Repository.RepoEnrollment 24 <init> - Initializing RepoEnrollment with properties: {jdbc.url=jdbc:sqlite:C:/Users/razva/Desktop/MPP2/mpp-proiect-java-Razvannnnn/Problema8/ConcursSportiv}
27 Mar 2025 22:13:32,382 INFO  ro.mpp2025.problema8_fx.Repository.RepoUser 18 <init> - Initializing UserDBRepository with properties: {jdbc.url=jdbc:sqlite:C:/Users/razva/Desktop/MPP2/mpp-proiect-java-Razvannnnn/Problema8/ConcursSportiv} 
27 Mar 2025 22:13:36,493 INFO  ro.mpp2025.problema8_fx.Repository.RepoUser 111 login - Logging in User with username: admin1
27 Mar 2025 22:13:36,590 TRACE ro.mpp2025.problema8_fx.Repository.RepoUser 118 login - Exit with(User logged in successfully)
27 Mar 2025 22:13:36,629 TRACE ro.mpp2025.problema8_fx.Repository.RepoAgeGroup 49 findAll - Enter finding all AgeGroups
27 Mar 2025 22:13:36,634 TRACE ro.mpp2025.problema8_fx.Repository.RepoAgeGroup 67 findAll - Exit with([AgeGroup{name='6-8 ani', minAge=6, maxAge=8}, AgeGroup{name='9-11 ani', minAge=9, maxAge=11}, AgeGroup{name='12-15 ani', minAge=12, maxAge=15}])
27 Mar 2025 22:13:38,638 INFO  ro.mpp2025.problema8_fx.Repository.RepoEvent 115 findByAgeGroup - Finding Events by AgeGroup id: 2
27 Mar 2025 22:13:38,642 TRACE ro.mpp2025.problema8_fx.Repository.RepoEvent 133 findByAgeGroup - Exit with([Event{name='Sprint 100m', distance=100, ageGroupId=2}, Event{name='Garduri 100m', distance=100, ageGroupId=2}])
27 Mar 2025 22:15:54,375 INFO  ro.mpp2025.problema8_fx.Repository.RepoAgeGroup 19 <init> - Initializing AgeGroupDBRepository with properties: {jdbc.url=jdbc:sqlite:C:/Users/razva/Desktop/MPP2/mpp-proiect-java-Razvannnnn/Problema8/ConcursSportiv} 
27 Mar 2025 22:15:54,378 INFO  ro.mpp2025.problema8_fx.Repository.RepoEvent 18 <init> - Initializing EventDBRepository with properties: {jdbc.url=jdbc:sqlite:C:/Users/razva/Desktop/MPP2/mpp-proiect-java-Razvannnnn/Problema8/ConcursSportiv} 
27 Mar 2025 22:15:54,380 INFO  ro.mpp2025.problema8_fx.Repository.RepoChild 18 <init> - Initializing ChildDBRepository with properties: {jdbc.url=jdbc:sqlite:C:/Users/razva/Desktop/MPP2/mpp-proiect-java-Razvannnnn/Problema8/ConcursSportiv} 
27 Mar 2025 22:15:54,382 INFO  ro.mpp2025.problema8_fx.Repository.RepoEnrollment 24 <init> - Initializing RepoEnrollment with properties: {jdbc.url=jdbc:sqlite:C:/Users/razva/Desktop/MPP2/mpp-proiect-java-Razvannnnn/Problema8/ConcursSportiv}
27 Mar 2025 22:15:54,383 INFO  ro.mpp2025.problema8_fx.Repository.RepoUser 18 <init> - Initializing UserDBRepository with properties: {jdbc.url=jdbc:sqlite:C:/Users/razva/Desktop/MPP2/mpp-proiect-java-Razvannnnn/Problema8/ConcursSportiv} 
27 Mar 2025 22:15:58,697 INFO  ro.mpp2025.problema8_fx.Repository.RepoUser 111 login - Logging in User with username: admin1
27 Mar 2025 22:15:58,809 TRACE ro.mpp2025.problema8_fx.Repository.RepoUser 118 login - Exit with(User logged in successfully)
27 Mar 2025 22:15:58,855 TRACE ro.mpp2025.problema8_fx.Repository.RepoAgeGroup 49 findAll - Enter finding all AgeGroups
27 Mar 2025 22:15:58,860 TRACE ro.mpp2025.problema8_fx.Repository.RepoAgeGroup 67 findAll - Exit with([AgeGroup{name='6-8 ani', minAge=6, maxAge=8}, AgeGroup{name='9-11 ani', minAge=9, maxAge=11}, AgeGroup{name='12-15 ani', minAge=12, maxAge=15}])
27 Mar 2025 22:29:38,768 INFO  ro.mpp2025.problema8_fx.Repository.RepoAgeGroup 19 <init> - Initializing AgeGroupDBRepository with properties: {jdbc.url=jdbc:sqlite:C:/Users/razva/Desktop/MPP2/mpp-proiect-java-Razvannnnn/Problema8/ConcursSportiv} 
27 Mar 2025 22:29:38,771 INFO  ro.mpp2025.problema8_fx.Repository.RepoEvent 18 <init> - Initializing EventDBRepository with properties: {jdbc.url=jdbc:sqlite:C:/Users/razva/Desktop/MPP2/mpp-proiect-java-Razvannnnn/Problema8/ConcursSportiv} 
27 Mar 2025 22:29:38,775 INFO  ro.mpp2025.problema8_fx.Repository.RepoChild 18 <init> - Initializing ChildDBRepository with properties: {jdbc.url=jdbc:sqlite:C:/Users/razva/Desktop/MPP2/mpp-proiect-java-Razvannnnn/Problema8/ConcursSportiv} 
27 Mar 2025 22:29:38,777 INFO  ro.mpp2025.problema8_fx.Repository.RepoEnrollment 24 <init> - Initializing RepoEnrollment with properties: {jdbc.url=jdbc:sqlite:C:/Users/razva/Desktop/MPP2/mpp-proiect-java-Razvannnnn/Problema8/ConcursSportiv}
27 Mar 2025 22:29:38,778 INFO  ro.mpp2025.problema8_fx.Repository.RepoUser 18 <init> - Initializing UserDBRepository with properties: {jdbc.url=jdbc:sqlite:C:/Users/razva/Desktop/MPP2/mpp-proiect-java-Razvannnnn/Problema8/ConcursSportiv} 
27 Mar 2025 22:29:42,389 INFO  ro.mpp2025.problema8_fx.Repository.RepoUser 111 login - Logging in User with username: admin1
27 Mar 2025 22:29:42,501 TRACE ro.mpp2025.problema8_fx.Repository.RepoUser 118 login - Exit with(User logged in successfully)
27 Mar 2025 22:29:42,537 TRACE ro.mpp2025.problema8_fx.Repository.RepoAgeGroup 49 findAll - Enter finding all AgeGroups
27 Mar 2025 22:29:42,541 TRACE ro.mpp2025.problema8_fx.Repository.RepoAgeGroup 67 findAll - Exit with([AgeGroup{name='6-8 ani', minAge=6, maxAge=8}, AgeGroup{name='9-11 ani', minAge=9, maxAge=11}, AgeGroup{name='12-15 ani', minAge=12, maxAge=15}])
27 Mar 2025 22:30:20,847 INFO  ro.mpp2025.problema8_fx.Repository.RepoAgeGroup 19 <init> - Initializing AgeGroupDBRepository with properties: {jdbc.url=jdbc:sqlite:C:/Users/razva/Desktop/MPP2/mpp-proiect-java-Razvannnnn/Problema8/ConcursSportiv} 
27 Mar 2025 22:30:20,851 INFO  ro.mpp2025.problema8_fx.Repository.RepoEvent 18 <init> - Initializing EventDBRepository with properties: {jdbc.url=jdbc:sqlite:C:/Users/razva/Desktop/MPP2/mpp-proiect-java-Razvannnnn/Problema8/ConcursSportiv} 
27 Mar 2025 22:30:20,852 INFO  ro.mpp2025.problema8_fx.Repository.RepoChild 18 <init> - Initializing ChildDBRepository with properties: {jdbc.url=jdbc:sqlite:C:/Users/razva/Desktop/MPP2/mpp-proiect-java-Razvannnnn/Problema8/ConcursSportiv} 
27 Mar 2025 22:30:20,853 INFO  ro.mpp2025.problema8_fx.Repository.RepoEnrollment 24 <init> - Initializing RepoEnrollment with properties: {jdbc.url=jdbc:sqlite:C:/Users/razva/Desktop/MPP2/mpp-proiect-java-Razvannnnn/Problema8/ConcursSportiv}
27 Mar 2025 22:30:20,856 INFO  ro.mpp2025.problema8_fx.Repository.RepoUser 18 <init> - Initializing UserDBRepository with properties: {jdbc.url=jdbc:sqlite:C:/Users/razva/Desktop/MPP2/mpp-proiect-java-Razvannnnn/Problema8/ConcursSportiv} 
27 Mar 2025 22:30:29,571 INFO  ro.mpp2025.problema8_fx.Repository.RepoUser 111 login - Logging in User with username: admin1
27 Mar 2025 22:30:29,675 TRACE ro.mpp2025.problema8_fx.Repository.RepoUser 118 login - Exit with(User logged in successfully)
27 Mar 2025 22:30:29,712 TRACE ro.mpp2025.problema8_fx.Repository.RepoAgeGroup 49 findAll - Enter finding all AgeGroups
27 Mar 2025 22:30:29,715 TRACE ro.mpp2025.problema8_fx.Repository.RepoAgeGroup 67 findAll - Exit with([AgeGroup{name='6-8 ani', minAge=6, maxAge=8}, AgeGroup{name='9-11 ani', minAge=9, maxAge=11}, AgeGroup{name='12-15 ani', minAge=12, maxAge=15}])
27 Mar 2025 22:31:34,628 INFO  ro.mpp2025.problema8_fx.Repository.RepoAgeGroup 19 <init> - Initializing AgeGroupDBRepository with properties: {jdbc.url=jdbc:sqlite:C:/Users/razva/Desktop/MPP2/mpp-proiect-java-Razvannnnn/Problema8/ConcursSportiv} 
27 Mar 2025 22:31:34,631 INFO  ro.mpp2025.problema8_fx.Repository.RepoEvent 18 <init> - Initializing EventDBRepository with properties: {jdbc.url=jdbc:sqlite:C:/Users/razva/Desktop/MPP2/mpp-proiect-java-Razvannnnn/Problema8/ConcursSportiv} 
27 Mar 2025 22:31:34,632 INFO  ro.mpp2025.problema8_fx.Repository.RepoChild 18 <init> - Initializing ChildDBRepository with properties: {jdbc.url=jdbc:sqlite:C:/Users/razva/Desktop/MPP2/mpp-proiect-java-Razvannnnn/Problema8/ConcursSportiv} 
27 Mar 2025 22:31:34,634 INFO  ro.mpp2025.problema8_fx.Repository.RepoEnrollment 24 <init> - Initializing RepoEnrollment with properties: {jdbc.url=jdbc:sqlite:C:/Users/razva/Desktop/MPP2/mpp-proiect-java-Razvannnnn/Problema8/ConcursSportiv}
27 Mar 2025 22:31:34,635 INFO  ro.mpp2025.problema8_fx.Repository.RepoUser 18 <init> - Initializing UserDBRepository with properties: {jdbc.url=jdbc:sqlite:C:/Users/razva/Desktop/MPP2/mpp-proiect-java-Razvannnnn/Problema8/ConcursSportiv} 
27 Mar 2025 22:31:38,853 INFO  ro.mpp2025.problema8_fx.Repository.RepoUser 111 login - Logging in User with username: admin1
27 Mar 2025 22:31:38,952 TRACE ro.mpp2025.problema8_fx.Repository.RepoUser 118 login - Exit with(User logged in successfully)
27 Mar 2025 22:32:00,258 INFO  ro.mpp2025.problema8_fx.Repository.RepoAgeGroup 19 <init> - Initializing AgeGroupDBRepository with properties: {jdbc.url=jdbc:sqlite:C:/Users/razva/Desktop/MPP2/mpp-proiect-java-Razvannnnn/Problema8/ConcursSportiv} 
27 Mar 2025 22:32:00,261 INFO  ro.mpp2025.problema8_fx.Repository.RepoEvent 18 <init> - Initializing EventDBRepository with properties: {jdbc.url=jdbc:sqlite:C:/Users/razva/Desktop/MPP2/mpp-proiect-java-Razvannnnn/Problema8/ConcursSportiv} 
27 Mar 2025 22:32:00,262 INFO  ro.mpp2025.problema8_fx.Repository.RepoChild 18 <init> - Initializing ChildDBRepository with properties: {jdbc.url=jdbc:sqlite:C:/Users/razva/Desktop/MPP2/mpp-proiect-java-Razvannnnn/Problema8/ConcursSportiv} 
27 Mar 2025 22:32:00,263 INFO  ro.mpp2025.problema8_fx.Repository.RepoEnrollment 24 <init> - Initializing RepoEnrollment with properties: {jdbc.url=jdbc:sqlite:C:/Users/razva/Desktop/MPP2/mpp-proiect-java-Razvannnnn/Problema8/ConcursSportiv}
27 Mar 2025 22:32:00,265 INFO  ro.mpp2025.problema8_fx.Repository.RepoUser 18 <init> - Initializing UserDBRepository with properties: {jdbc.url=jdbc:sqlite:C:/Users/razva/Desktop/MPP2/mpp-proiect-java-Razvannnnn/Problema8/ConcursSportiv} 
27 Mar 2025 22:32:03,712 INFO  ro.mpp2025.problema8_fx.Repository.RepoUser 111 login - Logging in User with username: admin1
27 Mar 2025 22:32:03,842 TRACE ro.mpp2025.problema8_fx.Repository.RepoUser 118 login - Exit with(User logged in successfully)
27 Mar 2025 22:32:41,614 INFO  ro.mpp2025.problema8_fx.Repository.RepoAgeGroup 19 <init> - Initializing AgeGroupDBRepository with properties: {jdbc.url=jdbc:sqlite:C:/Users/razva/Desktop/MPP2/mpp-proiect-java-Razvannnnn/Problema8/ConcursSportiv} 
27 Mar 2025 22:32:41,617 INFO  ro.mpp2025.problema8_fx.Repository.RepoEvent 18 <init> - Initializing EventDBRepository with properties: {jdbc.url=jdbc:sqlite:C:/Users/razva/Desktop/MPP2/mpp-proiect-java-Razvannnnn/Problema8/ConcursSportiv} 
27 Mar 2025 22:32:41,619 INFO  ro.mpp2025.problema8_fx.Repository.RepoChild 18 <init> - Initializing ChildDBRepository with properties: {jdbc.url=jdbc:sqlite:C:/Users/razva/Desktop/MPP2/mpp-proiect-java-Razvannnnn/Problema8/ConcursSportiv} 
27 Mar 2025 22:32:41,620 INFO  ro.mpp2025.problema8_fx.Repository.RepoEnrollment 24 <init> - Initializing RepoEnrollment with properties: {jdbc.url=jdbc:sqlite:C:/Users/razva/Desktop/MPP2/mpp-proiect-java-Razvannnnn/Problema8/ConcursSportiv}
27 Mar 2025 22:32:41,621 INFO  ro.mpp2025.problema8_fx.Repository.RepoUser 18 <init> - Initializing UserDBRepository with properties: {jdbc.url=jdbc:sqlite:C:/Users/razva/Desktop/MPP2/mpp-proiect-java-Razvannnnn/Problema8/ConcursSportiv} 
27 Mar 2025 22:32:45,767 INFO  ro.mpp2025.problema8_fx.Repository.RepoUser 111 login - Logging in User with username: admin1
27 Mar 2025 22:32:45,865 TRACE ro.mpp2025.problema8_fx.Repository.RepoUser 118 login - Exit with(User logged in successfully)
27 Mar 2025 22:33:16,302 INFO  ro.mpp2025.problema8_fx.Repository.RepoAgeGroup 19 <init> - Initializing AgeGroupDBRepository with properties: {jdbc.url=jdbc:sqlite:C:/Users/razva/Desktop/MPP2/mpp-proiect-java-Razvannnnn/Problema8/ConcursSportiv} 
27 Mar 2025 22:33:16,306 INFO  ro.mpp2025.problema8_fx.Repository.RepoEvent 18 <init> - Initializing EventDBRepository with properties: {jdbc.url=jdbc:sqlite:C:/Users/razva/Desktop/MPP2/mpp-proiect-java-Razvannnnn/Problema8/ConcursSportiv} 
27 Mar 2025 22:33:16,307 INFO  ro.mpp2025.problema8_fx.Repository.RepoChild 18 <init> - Initializing ChildDBRepository with properties: {jdbc.url=jdbc:sqlite:C:/Users/razva/Desktop/MPP2/mpp-proiect-java-Razvannnnn/Problema8/ConcursSportiv} 
27 Mar 2025 22:33:16,308 INFO  ro.mpp2025.problema8_fx.Repository.RepoEnrollment 24 <init> - Initializing RepoEnrollment with properties: {jdbc.url=jdbc:sqlite:C:/Users/razva/Desktop/MPP2/mpp-proiect-java-Razvannnnn/Problema8/ConcursSportiv}
27 Mar 2025 22:33:16,310 INFO  ro.mpp2025.problema8_fx.Repository.RepoUser 18 <init> - Initializing UserDBRepository with properties: {jdbc.url=jdbc:sqlite:C:/Users/razva/Desktop/MPP2/mpp-proiect-java-Razvannnnn/Problema8/ConcursSportiv} 
27 Mar 2025 22:33:20,861 INFO  ro.mpp2025.problema8_fx.Repository.RepoUser 111 login - Logging in User with username: admin1
27 Mar 2025 22:33:20,973 TRACE ro.mpp2025.problema8_fx.Repository.RepoUser 118 login - Exit with(User logged in successfully)
27 Mar 2025 22:33:34,995 INFO  ro.mpp2025.problema8_fx.Repository.RepoAgeGroup 19 <init> - Initializing AgeGroupDBRepository with properties: {jdbc.url=jdbc:sqlite:C:/Users/razva/Desktop/MPP2/mpp-proiect-java-Razvannnnn/Problema8/ConcursSportiv} 
27 Mar 2025 22:33:34,998 INFO  ro.mpp2025.problema8_fx.Repository.RepoEvent 18 <init> - Initializing EventDBRepository with properties: {jdbc.url=jdbc:sqlite:C:/Users/razva/Desktop/MPP2/mpp-proiect-java-Razvannnnn/Problema8/ConcursSportiv} 
27 Mar 2025 22:33:35,000 INFO  ro.mpp2025.problema8_fx.Repository.RepoChild 18 <init> - Initializing ChildDBRepository with properties: {jdbc.url=jdbc:sqlite:C:/Users/razva/Desktop/MPP2/mpp-proiect-java-Razvannnnn/Problema8/ConcursSportiv} 
27 Mar 2025 22:33:35,001 INFO  ro.mpp2025.problema8_fx.Repository.RepoEnrollment 24 <init> - Initializing RepoEnrollment with properties: {jdbc.url=jdbc:sqlite:C:/Users/razva/Desktop/MPP2/mpp-proiect-java-Razvannnnn/Problema8/ConcursSportiv}
27 Mar 2025 22:33:35,002 INFO  ro.mpp2025.problema8_fx.Repository.RepoUser 18 <init> - Initializing UserDBRepository with properties: {jdbc.url=jdbc:sqlite:C:/Users/razva/Desktop/MPP2/mpp-proiect-java-Razvannnnn/Problema8/ConcursSportiv} 
27 Mar 2025 22:33:38,113 INFO  ro.mpp2025.problema8_fx.Repository.RepoUser 111 login - Logging in User with username: admin1
27 Mar 2025 22:33:38,227 TRACE ro.mpp2025.problema8_fx.Repository.RepoUser 118 login - Exit with(User logged in successfully)
27 Mar 2025 22:33:38,266 TRACE ro.mpp2025.problema8_fx.Repository.RepoAgeGroup 49 findAll - Enter finding all AgeGroups
27 Mar 2025 22:33:38,270 TRACE ro.mpp2025.problema8_fx.Repository.RepoAgeGroup 67 findAll - Exit with([AgeGroup{name='6-8 ani', minAge=6, maxAge=8}, AgeGroup{name='9-11 ani', minAge=9, maxAge=11}, AgeGroup{name='12-15 ani', minAge=12, maxAge=15}])
27 Mar 2025 22:34:30,408 INFO  ro.mpp2025.problema8_fx.Repository.RepoAgeGroup 19 <init> - Initializing AgeGroupDBRepository with properties: {jdbc.url=jdbc:sqlite:C:/Users/razva/Desktop/MPP2/mpp-proiect-java-Razvannnnn/Problema8/ConcursSportiv} 
27 Mar 2025 22:34:30,413 INFO  ro.mpp2025.problema8_fx.Repository.RepoEvent 18 <init> - Initializing EventDBRepository with properties: {jdbc.url=jdbc:sqlite:C:/Users/razva/Desktop/MPP2/mpp-proiect-java-Razvannnnn/Problema8/ConcursSportiv} 
27 Mar 2025 22:34:30,416 INFO  ro.mpp2025.problema8_fx.Repository.RepoChild 18 <init> - Initializing ChildDBRepository with properties: {jdbc.url=jdbc:sqlite:C:/Users/razva/Desktop/MPP2/mpp-proiect-java-Razvannnnn/Problema8/ConcursSportiv} 
27 Mar 2025 22:34:30,418 INFO  ro.mpp2025.problema8_fx.Repository.RepoEnrollment 24 <init> - Initializing RepoEnrollment with properties: {jdbc.url=jdbc:sqlite:C:/Users/razva/Desktop/MPP2/mpp-proiect-java-Razvannnnn/Problema8/ConcursSportiv}
27 Mar 2025 22:34:30,419 INFO  ro.mpp2025.problema8_fx.Repository.RepoUser 18 <init> - Initializing UserDBRepository with properties: {jdbc.url=jdbc:sqlite:C:/Users/razva/Desktop/MPP2/mpp-proiect-java-Razvannnnn/Problema8/ConcursSportiv} 
27 Mar 2025 22:34:33,849 INFO  ro.mpp2025.problema8_fx.Repository.RepoUser 111 login - Logging in User with username: admin1
27 Mar 2025 22:34:33,975 TRACE ro.mpp2025.problema8_fx.Repository.RepoUser 118 login - Exit with(User logged in successfully)
27 Mar 2025 22:34:34,024 TRACE ro.mpp2025.problema8_fx.Repository.RepoAgeGroup 49 findAll - Enter finding all AgeGroups
27 Mar 2025 22:34:34,027 TRACE ro.mpp2025.problema8_fx.Repository.RepoAgeGroup 67 findAll - Exit with([AgeGroup{name='6-8 ani', minAge=6, maxAge=8}, AgeGroup{name='9-11 ani', minAge=9, maxAge=11}, AgeGroup{name='12-15 ani', minAge=12, maxAge=15}])
27 Mar 2025 22:34:35,730 INFO  ro.mpp2025.problema8_fx.Repository.RepoEvent 115 findByAgeGroup - Finding Events by AgeGroup id: 2
27 Mar 2025 22:34:35,732 TRACE ro.mpp2025.problema8_fx.Repository.RepoEvent 133 findByAgeGroup - Exit with([Event{name='Sprint 100m', distance=100, ageGroupId=2}, Event{name='Garduri 100m', distance=100, ageGroupId=2}])
27 Mar 2025 22:34:35,733 INFO  ro.mpp2025.problema8_fx.Repository.RepoChild 139 findByEvent - Finding Children by Event id: 2
27 Mar 2025 22:34:35,734 TRACE ro.mpp2025.problema8_fx.Repository.RepoChild 157 findByEvent - Exit with([Child{name='Ana Popescu', CNP='1234567890123'}])
27 Mar 2025 22:34:39,377 INFO  ro.mpp2025.problema8_fx.Repository.RepoEvent 115 findByAgeGroup - Finding Events by AgeGroup id: 3
27 Mar 2025 22:34:39,378 TRACE ro.mpp2025.problema8_fx.Repository.RepoEvent 133 findByAgeGroup - Exit with([Event{name='Sprint 1000m', distance=1000, ageGroupId=3}, Event{name='Sprint 1500m', distance=1500, ageGroupId=3}, Event{name='Garduri 100m', distance=100, ageGroupId=3}, Event{name='Garduri 1000m', distance=1000, ageGroupId=3}])
27 Mar 2025 22:34:39,379 INFO  ro.mpp2025.problema8_fx.Repository.RepoChild 139 findByEvent - Finding Children by Event id: 3
27 Mar 2025 22:34:39,380 TRACE ro.mpp2025.problema8_fx.Repository.RepoChild 157 findByEvent - Exit with([Child{name='Matei Ionescu', CNP='9876543210123'}])
27 Mar 2025 22:34:54,169 INFO  ro.mpp2025.problema8_fx.Repository.RepoAgeGroup 19 <init> - Initializing AgeGroupDBRepository with properties: {jdbc.url=jdbc:sqlite:C:/Users/razva/Desktop/MPP2/mpp-proiect-java-Razvannnnn/Problema8/ConcursSportiv} 
27 Mar 2025 22:34:54,172 INFO  ro.mpp2025.problema8_fx.Repository.RepoEvent 18 <init> - Initializing EventDBRepository with properties: {jdbc.url=jdbc:sqlite:C:/Users/razva/Desktop/MPP2/mpp-proiect-java-Razvannnnn/Problema8/ConcursSportiv} 
27 Mar 2025 22:34:54,173 INFO  ro.mpp2025.problema8_fx.Repository.RepoChild 18 <init> - Initializing ChildDBRepository with properties: {jdbc.url=jdbc:sqlite:C:/Users/razva/Desktop/MPP2/mpp-proiect-java-Razvannnnn/Problema8/ConcursSportiv} 
27 Mar 2025 22:34:54,176 INFO  ro.mpp2025.problema8_fx.Repository.RepoEnrollment 24 <init> - Initializing RepoEnrollment with properties: {jdbc.url=jdbc:sqlite:C:/Users/razva/Desktop/MPP2/mpp-proiect-java-Razvannnnn/Problema8/ConcursSportiv}
27 Mar 2025 22:34:54,177 INFO  ro.mpp2025.problema8_fx.Repository.RepoUser 18 <init> - Initializing UserDBRepository with properties: {jdbc.url=jdbc:sqlite:C:/Users/razva/Desktop/MPP2/mpp-proiect-java-Razvannnnn/Problema8/ConcursSportiv} 
27 Mar 2025 22:34:57,772 INFO  ro.mpp2025.problema8_fx.Repository.RepoUser 111 login - Logging in User with username: admin1
27 Mar 2025 22:34:57,892 TRACE ro.mpp2025.problema8_fx.Repository.RepoUser 118 login - Exit with(User logged in successfully)
27 Mar 2025 22:34:57,949 TRACE ro.mpp2025.problema8_fx.Repository.RepoAgeGroup 49 findAll - Enter finding all AgeGroups
27 Mar 2025 22:34:57,953 TRACE ro.mpp2025.problema8_fx.Repository.RepoAgeGroup 67 findAll - Exit with([AgeGroup{name='6-8 ani', minAge=6, maxAge=8}, AgeGroup{name='9-11 ani', minAge=9, maxAge=11}, AgeGroup{name='12-15 ani', minAge=12, maxAge=15}])
27 Mar 2025 22:34:59,298 INFO  ro.mpp2025.problema8_fx.Repository.RepoEvent 115 findByAgeGroup - Finding Events by AgeGroup id: 2
27 Mar 2025 22:34:59,303 TRACE ro.mpp2025.problema8_fx.Repository.RepoEvent 133 findByAgeGroup - Exit with([Event{name='Sprint 100m', distance=100, ageGroupId=2}, Event{name='Garduri 100m', distance=100, ageGroupId=2}])
27 Mar 2025 22:34:59,304 INFO  ro.mpp2025.problema8_fx.Repository.RepoChild 139 findByEvent - Finding Children by Event id: 2
27 Mar 2025 22:34:59,308 TRACE ro.mpp2025.problema8_fx.Repository.RepoChild 157 findByEvent - Exit with([Child{name='Ana Popescu', CNP='1234567890123'}])
27 Mar 2025 22:36:49,418 INFO  ro.mpp2025.problema8_fx.Repository.RepoAgeGroup 19 <init> - Initializing AgeGroupDBRepository with properties: {jdbc.url=jdbc:sqlite:C:/Users/razva/Desktop/MPP2/mpp-proiect-java-Razvannnnn/Problema8/ConcursSportiv} 
27 Mar 2025 22:36:49,421 INFO  ro.mpp2025.problema8_fx.Repository.RepoEvent 18 <init> - Initializing EventDBRepository with properties: {jdbc.url=jdbc:sqlite:C:/Users/razva/Desktop/MPP2/mpp-proiect-java-Razvannnnn/Problema8/ConcursSportiv} 
27 Mar 2025 22:36:49,423 INFO  ro.mpp2025.problema8_fx.Repository.RepoChild 18 <init> - Initializing ChildDBRepository with properties: {jdbc.url=jdbc:sqlite:C:/Users/razva/Desktop/MPP2/mpp-proiect-java-Razvannnnn/Problema8/ConcursSportiv} 
27 Mar 2025 22:36:49,424 INFO  ro.mpp2025.problema8_fx.Repository.RepoEnrollment 24 <init> - Initializing RepoEnrollment with properties: {jdbc.url=jdbc:sqlite:C:/Users/razva/Desktop/MPP2/mpp-proiect-java-Razvannnnn/Problema8/ConcursSportiv}
27 Mar 2025 22:36:49,425 INFO  ro.mpp2025.problema8_fx.Repository.RepoUser 18 <init> - Initializing UserDBRepository with properties: {jdbc.url=jdbc:sqlite:C:/Users/razva/Desktop/MPP2/mpp-proiect-java-Razvannnnn/Problema8/ConcursSportiv} 
27 Mar 2025 22:36:53,233 INFO  ro.mpp2025.problema8_fx.Repository.RepoUser 111 login - Logging in User with username: admin1
27 Mar 2025 22:36:53,338 TRACE ro.mpp2025.problema8_fx.Repository.RepoUser 118 login - Exit with(User logged in successfully)
27 Mar 2025 22:36:53,374 TRACE ro.mpp2025.problema8_fx.Repository.RepoAgeGroup 49 findAll - Enter finding all AgeGroups
27 Mar 2025 22:36:53,378 TRACE ro.mpp2025.problema8_fx.Repository.RepoAgeGroup 67 findAll - Exit with([AgeGroup{name='6-8 ani', minAge=6, maxAge=8}, AgeGroup{name='9-11 ani', minAge=9, maxAge=11}, AgeGroup{name='12-15 ani', minAge=12, maxAge=15}])
27 Mar 2025 22:37:24,357 INFO  ro.mpp2025.problema8_fx.Repository.RepoAgeGroup 19 <init> - Initializing AgeGroupDBRepository with properties: {jdbc.url=jdbc:sqlite:C:/Users/razva/Desktop/MPP2/mpp-proiect-java-Razvannnnn/Problema8/ConcursSportiv} 
27 Mar 2025 22:37:24,360 INFO  ro.mpp2025.problema8_fx.Repository.RepoEvent 18 <init> - Initializing EventDBRepository with properties: {jdbc.url=jdbc:sqlite:C:/Users/razva/Desktop/MPP2/mpp-proiect-java-Razvannnnn/Problema8/ConcursSportiv} 
27 Mar 2025 22:37:24,362 INFO  ro.mpp2025.problema8_fx.Repository.RepoChild 18 <init> - Initializing ChildDBRepository with properties: {jdbc.url=jdbc:sqlite:C:/Users/razva/Desktop/MPP2/mpp-proiect-java-Razvannnnn/Problema8/ConcursSportiv} 
27 Mar 2025 22:37:24,363 INFO  ro.mpp2025.problema8_fx.Repository.RepoEnrollment 24 <init> - Initializing RepoEnrollment with properties: {jdbc.url=jdbc:sqlite:C:/Users/razva/Desktop/MPP2/mpp-proiect-java-Razvannnnn/Problema8/ConcursSportiv}
27 Mar 2025 22:37:24,363 INFO  ro.mpp2025.problema8_fx.Repository.RepoUser 18 <init> - Initializing UserDBRepository with properties: {jdbc.url=jdbc:sqlite:C:/Users/razva/Desktop/MPP2/mpp-proiect-java-Razvannnnn/Problema8/ConcursSportiv} 
27 Mar 2025 22:37:29,381 INFO  ro.mpp2025.problema8_fx.Repository.RepoUser 111 login - Logging in User with username: admin1
27 Mar 2025 22:37:29,508 TRACE ro.mpp2025.problema8_fx.Repository.RepoUser 118 login - Exit with(User logged in successfully)
27 Mar 2025 22:37:29,543 TRACE ro.mpp2025.problema8_fx.Repository.RepoAgeGroup 49 findAll - Enter finding all AgeGroups
27 Mar 2025 22:37:29,548 TRACE ro.mpp2025.problema8_fx.Repository.RepoAgeGroup 67 findAll - Exit with([AgeGroup{name='6-8 ani', minAge=6, maxAge=8}, AgeGroup{name='9-11 ani', minAge=9, maxAge=11}, AgeGroup{name='12-15 ani', minAge=12, maxAge=15}])
27 Mar 2025 22:37:31,166 INFO  ro.mpp2025.problema8_fx.Repository.RepoEvent 115 findByAgeGroup - Finding Events by AgeGroup id: 2
27 Mar 2025 22:37:31,168 TRACE ro.mpp2025.problema8_fx.Repository.RepoEvent 133 findByAgeGroup - Exit with([Event{name='Sprint 100m', distance=100, ageGroupId=2}, Event{name='Garduri 100m', distance=100, ageGroupId=2}])
27 Mar 2025 22:37:35,110 INFO  ro.mpp2025.problema8_fx.Repository.RepoEvent 115 findByAgeGroup - Finding Events by AgeGroup id: 3
27 Mar 2025 22:37:35,111 TRACE ro.mpp2025.problema8_fx.Repository.RepoEvent 133 findByAgeGroup - Exit with([Event{name='Sprint 1000m', distance=1000, ageGroupId=3}, Event{name='Sprint 1500m', distance=1500, ageGroupId=3}, Event{name='Garduri 100m', distance=100, ageGroupId=3}, Event{name='Garduri 1000m', distance=1000, ageGroupId=3}])
27 Mar 2025 22:37:37,563 INFO  ro.mpp2025.problema8_fx.Repository.RepoEvent 115 findByAgeGroup - Finding Events by AgeGroup id: 1
27 Mar 2025 22:37:37,564 TRACE ro.mpp2025.problema8_fx.Repository.RepoEvent 133 findByAgeGroup - Exit with([Event{name='Sprint 50m', distance=50, ageGroupId=1}])
27 Mar 2025 22:38:14,402 INFO  ro.mpp2025.problema8_fx.Repository.RepoAgeGroup 19 <init> - Initializing AgeGroupDBRepository with properties: {jdbc.url=jdbc:sqlite:C:/Users/razva/Desktop/MPP2/mpp-proiect-java-Razvannnnn/Problema8/ConcursSportiv} 
27 Mar 2025 22:38:14,406 INFO  ro.mpp2025.problema8_fx.Repository.RepoEvent 18 <init> - Initializing EventDBRepository with properties: {jdbc.url=jdbc:sqlite:C:/Users/razva/Desktop/MPP2/mpp-proiect-java-Razvannnnn/Problema8/ConcursSportiv} 
27 Mar 2025 22:38:14,407 INFO  ro.mpp2025.problema8_fx.Repository.RepoChild 18 <init> - Initializing ChildDBRepository with properties: {jdbc.url=jdbc:sqlite:C:/Users/razva/Desktop/MPP2/mpp-proiect-java-Razvannnnn/Problema8/ConcursSportiv} 
27 Mar 2025 22:38:14,409 INFO  ro.mpp2025.problema8_fx.Repository.RepoEnrollment 24 <init> - Initializing RepoEnrollment with properties: {jdbc.url=jdbc:sqlite:C:/Users/razva/Desktop/MPP2/mpp-proiect-java-Razvannnnn/Problema8/ConcursSportiv}
27 Mar 2025 22:38:14,410 INFO  ro.mpp2025.problema8_fx.Repository.RepoUser 18 <init> - Initializing UserDBRepository with properties: {jdbc.url=jdbc:sqlite:C:/Users/razva/Desktop/MPP2/mpp-proiect-java-Razvannnnn/Problema8/ConcursSportiv} 
27 Mar 2025 22:38:17,852 INFO  ro.mpp2025.problema8_fx.Repository.RepoUser 111 login - Logging in User with username: admin1
27 Mar 2025 22:38:17,943 TRACE ro.mpp2025.problema8_fx.Repository.RepoUser 118 login - Exit with(User logged in successfully)
27 Mar 2025 22:38:17,981 TRACE ro.mpp2025.problema8_fx.Repository.RepoAgeGroup 49 findAll - Enter finding all AgeGroups
27 Mar 2025 22:38:17,984 TRACE ro.mpp2025.problema8_fx.Repository.RepoAgeGroup 67 findAll - Exit with([AgeGroup{name='6-8 ani', minAge=6, maxAge=8}, AgeGroup{name='9-11 ani', minAge=9, maxAge=11}, AgeGroup{name='12-15 ani', minAge=12, maxAge=15}])
27 Mar 2025 22:38:19,673 INFO  ro.mpp2025.problema8_fx.Repository.RepoEvent 115 findByAgeGroup - Finding Events by AgeGroup id: 2
27 Mar 2025 22:38:19,675 TRACE ro.mpp2025.problema8_fx.Repository.RepoEvent 133 findByAgeGroup - Exit with([Event{name='Sprint 100m', distance=100, ageGroupId=2}, Event{name='Garduri 100m', distance=100, ageGroupId=2}])
27 Mar 2025 22:41:31,920 INFO  ro.mpp2025.problema8_fx.Repository.RepoAgeGroup 19 <init> - Initializing AgeGroupDBRepository with properties: {jdbc.url=jdbc:sqlite:C:/Users/razva/Desktop/MPP2/mpp-proiect-java-Razvannnnn/Problema8/ConcursSportiv} 
27 Mar 2025 22:41:31,924 INFO  ro.mpp2025.problema8_fx.Repository.RepoEvent 18 <init> - Initializing EventDBRepository with properties: {jdbc.url=jdbc:sqlite:C:/Users/razva/Desktop/MPP2/mpp-proiect-java-Razvannnnn/Problema8/ConcursSportiv} 
27 Mar 2025 22:41:31,925 INFO  ro.mpp2025.problema8_fx.Repository.RepoChild 18 <init> - Initializing ChildDBRepository with properties: {jdbc.url=jdbc:sqlite:C:/Users/razva/Desktop/MPP2/mpp-proiect-java-Razvannnnn/Problema8/ConcursSportiv} 
27 Mar 2025 22:41:31,927 INFO  ro.mpp2025.problema8_fx.Repository.RepoEnrollment 24 <init> - Initializing RepoEnrollment with properties: {jdbc.url=jdbc:sqlite:C:/Users/razva/Desktop/MPP2/mpp-proiect-java-Razvannnnn/Problema8/ConcursSportiv}
27 Mar 2025 22:41:31,928 INFO  ro.mpp2025.problema8_fx.Repository.RepoUser 18 <init> - Initializing UserDBRepository with properties: {jdbc.url=jdbc:sqlite:C:/Users/razva/Desktop/MPP2/mpp-proiect-java-Razvannnnn/Problema8/ConcursSportiv} 
27 Mar 2025 22:41:37,186 INFO  ro.mpp2025.problema8_fx.Repository.RepoUser 111 login - Logging in User with username: admin1
27 Mar 2025 22:41:37,296 TRACE ro.mpp2025.problema8_fx.Repository.RepoUser 118 login - Exit with(User logged in successfully)
27 Mar 2025 22:41:37,335 TRACE ro.mpp2025.problema8_fx.Repository.RepoAgeGroup 49 findAll - Enter finding all AgeGroups
27 Mar 2025 22:41:37,338 TRACE ro.mpp2025.problema8_fx.Repository.RepoAgeGroup 67 findAll - Exit with([AgeGroup{name='6-8 ani', minAge=6, maxAge=8}, AgeGroup{name='9-11 ani', minAge=9, maxAge=11}, AgeGroup{name='12-15 ani', minAge=12, maxAge=15}])
27 Mar 2025 22:41:38,792 INFO  ro.mpp2025.problema8_fx.Repository.RepoEvent 115 findByAgeGroup - Finding Events by AgeGroup id: 2
27 Mar 2025 22:41:38,797 TRACE ro.mpp2025.problema8_fx.Repository.RepoEvent 133 findByAgeGroup - Exit with([Event{name='Sprint 100m', distance=100, ageGroupId=2}, Event{name='Garduri 100m', distance=100, ageGroupId=2}])
27 Mar 2025 22:41:39,807 INFO  ro.mpp2025.problema8_fx.Repository.RepoChild 139 findByEvent - Finding Children by Event id: 2
27 Mar 2025 22:41:39,810 TRACE ro.mpp2025.problema8_fx.Repository.RepoChild 157 findByEvent - Exit with([Child{name='Ana Popescu', CNP='1234567890123'}])
27 Mar 2025 22:41:55,251 INFO  ro.mpp2025.problema8_fx.Repository.RepoChild 139 findByEvent - Finding Children by Event id: 5
27 Mar 2025 22:41:55,253 TRACE ro.mpp2025.problema8_fx.Repository.RepoChild 157 findByEvent - Exit with([])
27 Mar 2025 22:41:57,069 INFO  ro.mpp2025.problema8_fx.Repository.RepoEvent 115 findByAgeGroup - Finding Events by AgeGroup id: 1
27 Mar 2025 22:41:57,069 TRACE ro.mpp2025.problema8_fx.Repository.RepoEvent 133 findByAgeGroup - Exit with([Event{name='Sprint 50m', distance=50, ageGroupId=1}])
27 Mar 2025 22:41:58,225 INFO  ro.mpp2025.problema8_fx.Repository.RepoChild 139 findByEvent - Finding Children by Event id: 1
27 Mar 2025 22:41:58,226 TRACE ro.mpp2025.problema8_fx.Repository.RepoChild 157 findByEvent - Exit with([])
27 Mar 2025 22:41:59,711 INFO  ro.mpp2025.problema8_fx.Repository.RepoEvent 115 findByAgeGroup - Finding Events by AgeGroup id: 3
27 Mar 2025 22:41:59,712 TRACE ro.mpp2025.problema8_fx.Repository.RepoEvent 133 findByAgeGroup - Exit with([Event{name='Sprint 1000m', distance=1000, ageGroupId=3}, Event{name='Sprint 1500m', distance=1500, ageGroupId=3}, Event{name='Garduri 100m', distance=100, ageGroupId=3}, Event{name='Garduri 1000m', distance=1000, ageGroupId=3}])
27 Mar 2025 22:42:00,528 INFO  ro.mpp2025.problema8_fx.Repository.RepoChild 139 findByEvent - Finding Children by Event id: 4
27 Mar 2025 22:42:00,528 TRACE ro.mpp2025.problema8_fx.Repository.RepoChild 157 findByEvent - Exit with([])
27 Mar 2025 22:42:01,468 INFO  ro.mpp2025.problema8_fx.Repository.RepoChild 139 findByEvent - Finding Children by Event id: 3
27 Mar 2025 22:42:01,469 TRACE ro.mpp2025.problema8_fx.Repository.RepoChild 157 findByEvent - Exit with([Child{name='Matei Ionescu', CNP='9876543210123'}])
27 Mar 2025 22:42:02,608 INFO  ro.mpp2025.problema8_fx.Repository.RepoChild 139 findByEvent - Finding Children by Event id: 6
27 Mar 2025 22:42:02,609 TRACE ro.mpp2025.problema8_fx.Repository.RepoChild 157 findByEvent - Exit with([])
27 Mar 2025 22:42:04,042 INFO  ro.mpp2025.problema8_fx.Repository.RepoChild 139 findByEvent - Finding Children by Event id: 7
27 Mar 2025 22:42:04,043 TRACE ro.mpp2025.problema8_fx.Repository.RepoChild 157 findByEvent - Exit with([])
27 Mar 2025 22:42:05,121 INFO  ro.mpp2025.problema8_fx.Repository.RepoEvent 115 findByAgeGroup - Finding Events by AgeGroup id: 2
27 Mar 2025 22:42:05,122 TRACE ro.mpp2025.problema8_fx.Repository.RepoEvent 133 findByAgeGroup - Exit with([Event{name='Sprint 100m', distance=100, ageGroupId=2}, Event{name='Garduri 100m', distance=100, ageGroupId=2}])
27 Mar 2025 22:42:06,106 INFO  ro.mpp2025.problema8_fx.Repository.RepoChild 139 findByEvent - Finding Children by Event id: 2
27 Mar 2025 22:42:06,107 TRACE ro.mpp2025.problema8_fx.Repository.RepoChild 157 findByEvent - Exit with([Child{name='Ana Popescu', CNP='1234567890123'}])
27 Mar 2025 22:42:35,420 INFO  ro.mpp2025.problema8_fx.Repository.RepoAgeGroup 19 <init> - Initializing AgeGroupDBRepository with properties: {jdbc.url=jdbc:sqlite:C:/Users/razva/Desktop/MPP2/mpp-proiect-java-Razvannnnn/Problema8/ConcursSportiv} 
27 Mar 2025 22:42:35,424 INFO  ro.mpp2025.problema8_fx.Repository.RepoEvent 18 <init> - Initializing EventDBRepository with properties: {jdbc.url=jdbc:sqlite:C:/Users/razva/Desktop/MPP2/mpp-proiect-java-Razvannnnn/Problema8/ConcursSportiv} 
27 Mar 2025 22:42:35,425 INFO  ro.mpp2025.problema8_fx.Repository.RepoChild 18 <init> - Initializing ChildDBRepository with properties: {jdbc.url=jdbc:sqlite:C:/Users/razva/Desktop/MPP2/mpp-proiect-java-Razvannnnn/Problema8/ConcursSportiv} 
27 Mar 2025 22:42:35,427 INFO  ro.mpp2025.problema8_fx.Repository.RepoEnrollment 24 <init> - Initializing RepoEnrollment with properties: {jdbc.url=jdbc:sqlite:C:/Users/razva/Desktop/MPP2/mpp-proiect-java-Razvannnnn/Problema8/ConcursSportiv}
27 Mar 2025 22:42:35,428 INFO  ro.mpp2025.problema8_fx.Repository.RepoUser 18 <init> - Initializing UserDBRepository with properties: {jdbc.url=jdbc:sqlite:C:/Users/razva/Desktop/MPP2/mpp-proiect-java-Razvannnnn/Problema8/ConcursSportiv} 
27 Mar 2025 22:42:42,325 INFO  ro.mpp2025.problema8_fx.Repository.RepoUser 111 login - Logging in User with username: admin1
27 Mar 2025 22:42:42,439 TRACE ro.mpp2025.problema8_fx.Repository.RepoUser 118 login - Exit with(User logged in successfully)
27 Mar 2025 22:42:42,488 TRACE ro.mpp2025.problema8_fx.Repository.RepoAgeGroup 49 findAll - Enter finding all AgeGroups
27 Mar 2025 22:42:42,491 TRACE ro.mpp2025.problema8_fx.Repository.RepoAgeGroup 67 findAll - Exit with([AgeGroup{name='6-8 ani', minAge=6, maxAge=8}, AgeGroup{name='9-11 ani', minAge=9, maxAge=11}, AgeGroup{name='12-15 ani', minAge=12, maxAge=15}])
27 Mar 2025 22:42:46,590 INFO  ro.mpp2025.problema8_fx.Repository.RepoEvent 115 findByAgeGroup - Finding Events by AgeGroup id: 1
27 Mar 2025 22:42:46,593 TRACE ro.mpp2025.problema8_fx.Repository.RepoEvent 133 findByAgeGroup - Exit with([Event{name='Sprint 50m', distance=50, ageGroupId=1}])
27 Mar 2025 22:42:50,352 INFO  ro.mpp2025.problema8_fx.Repository.RepoChild 139 findByEvent - Finding Children by Event id: 1
27 Mar 2025 22:42:50,355 TRACE ro.mpp2025.problema8_fx.Repository.RepoChild 157 findByEvent - Exit with([])
27 Mar 2025 22:42:52,224 INFO  ro.mpp2025.problema8_fx.Repository.RepoEvent 115 findByAgeGroup - Finding Events by AgeGroup id: 2
27 Mar 2025 22:42:52,225 TRACE ro.mpp2025.problema8_fx.Repository.RepoEvent 133 findByAgeGroup - Exit with([Event{name='Sprint 100m', distance=100, ageGroupId=2}, Event{name='Garduri 100m', distance=100, ageGroupId=2}])
27 Mar 2025 22:42:53,816 INFO  ro.mpp2025.problema8_fx.Repository.RepoChild 139 findByEvent - Finding Children by Event id: 2
27 Mar 2025 22:42:53,818 TRACE ro.mpp2025.problema8_fx.Repository.RepoChild 157 findByEvent - Exit with([Child{name='Ana Popescu', CNP='1234567890123'}])
27 Mar 2025 22:42:56,036 INFO  ro.mpp2025.problema8_fx.Repository.RepoChild 139 findByEvent - Finding Children by Event id: 5
27 Mar 2025 22:42:56,037 TRACE ro.mpp2025.problema8_fx.Repository.RepoChild 157 findByEvent - Exit with([])
27 Mar 2025 22:42:58,063 INFO  ro.mpp2025.problema8_fx.Repository.RepoChild 139 findByEvent - Finding Children by Event id: 2
27 Mar 2025 22:42:58,064 TRACE ro.mpp2025.problema8_fx.Repository.RepoChild 157 findByEvent - Exit with([Child{name='Ana Popescu', CNP='1234567890123'}])
27 Mar 2025 22:43:00,192 INFO  ro.mpp2025.problema8_fx.Repository.RepoEvent 115 findByAgeGroup - Finding Events by AgeGroup id: 3
27 Mar 2025 22:43:00,192 TRACE ro.mpp2025.problema8_fx.Repository.RepoEvent 133 findByAgeGroup - Exit with([Event{name='Sprint 1000m', distance=1000, ageGroupId=3}, Event{name='Sprint 1500m', distance=1500, ageGroupId=3}, Event{name='Garduri 100m', distance=100, ageGroupId=3}, Event{name='Garduri 1000m', distance=1000, ageGroupId=3}])
27 Mar 2025 22:43:01,506 INFO  ro.mpp2025.problema8_fx.Repository.RepoChild 139 findByEvent - Finding Children by Event id: 3
27 Mar 2025 22:43:01,508 TRACE ro.mpp2025.problema8_fx.Repository.RepoChild 157 findByEvent - Exit with([Child{name='Matei Ionescu', CNP='9876543210123'}])
27 Mar 2025 22:43:02,726 INFO  ro.mpp2025.problema8_fx.Repository.RepoChild 139 findByEvent - Finding Children by Event id: 4
27 Mar 2025 22:43:02,727 TRACE ro.mpp2025.problema8_fx.Repository.RepoChild 157 findByEvent - Exit with([])
27 Mar 2025 22:43:03,598 INFO  ro.mpp2025.problema8_fx.Repository.RepoChild 139 findByEvent - Finding Children by Event id: 6
27 Mar 2025 22:43:03,599 TRACE ro.mpp2025.problema8_fx.Repository.RepoChild 157 findByEvent - Exit with([])
27 Mar 2025 22:43:04,512 INFO  ro.mpp2025.problema8_fx.Repository.RepoChild 139 findByEvent - Finding Children by Event id: 7
27 Mar 2025 22:43:04,513 TRACE ro.mpp2025.problema8_fx.Repository.RepoChild 157 findByEvent - Exit with([])
27 Mar 2025 22:43:21,430 INFO  ro.mpp2025.problema8_fx.Repository.RepoEvent 115 findByAgeGroup - Finding Events by AgeGroup id: 1
27 Mar 2025 22:43:21,431 TRACE ro.mpp2025.problema8_fx.Repository.RepoEvent 133 findByAgeGroup - Exit with([Event{name='Sprint 50m', distance=50, ageGroupId=1}])
27 Mar 2025 22:43:23,567 INFO  ro.mpp2025.problema8_fx.Repository.RepoChild 70 save - Saving Child: Child{name='Mihaila Georgescu', CNP='1231230912'}
27 Mar 2025 22:43:23,577 TRACE ro.mpp2025.problema8_fx.Repository.RepoChild 81 save - Exit with(Child saved successfully)
27 Mar 2025 22:43:23,578 INFO  ro.mpp2025.problema8_fx.Repository.RepoChild 117 findOneCNP - Finding Child by CNP: 1231230912
27 Mar 2025 22:43:23,578 TRACE ro.mpp2025.problema8_fx.Repository.RepoChild 126 findOneCNP - Exit with(Child{name='Mihaila Georgescu', CNP='1231230912'})
27 Mar 2025 22:43:23,579 INFO  ro.mpp2025.problema8_fx.Repository.RepoEnrollment 107 save - Saving Enrollment: Enrollment{child=Child{name='Mihaila Georgescu', CNP='1231230912'}, event=Event{name='Sprint 50m', distance=50, ageGroupId=1}}
27 Mar 2025 22:43:26,197 INFO  ro.mpp2025.problema8_fx.Repository.RepoEvent 115 findByAgeGroup - Finding Events by AgeGroup id: 1
27 Mar 2025 22:43:26,198 TRACE ro.mpp2025.problema8_fx.Repository.RepoEvent 133 findByAgeGroup - Exit with([Event{name='Sprint 50m', distance=50, ageGroupId=1}])
27 Mar 2025 22:43:26,902 INFO  ro.mpp2025.problema8_fx.Repository.RepoChild 139 findByEvent - Finding Children by Event id: 1
27 Mar 2025 22:43:26,903 TRACE ro.mpp2025.problema8_fx.Repository.RepoChild 157 findByEvent - Exit with([Child{name='Mihaila Georgescu', CNP='1231230912'}])
27 Mar 2025 22:43:42,417 INFO  ro.mpp2025.problema8_fx.Repository.RepoAgeGroup 19 <init> - Initializing AgeGroupDBRepository with properties: {jdbc.url=jdbc:sqlite:C:/Users/razva/Desktop/MPP2/mpp-proiect-java-Razvannnnn/Problema8/ConcursSportiv} 
27 Mar 2025 22:43:42,420 INFO  ro.mpp2025.problema8_fx.Repository.RepoEvent 18 <init> - Initializing EventDBRepository with properties: {jdbc.url=jdbc:sqlite:C:/Users/razva/Desktop/MPP2/mpp-proiect-java-Razvannnnn/Problema8/ConcursSportiv} 
27 Mar 2025 22:43:42,422 INFO  ro.mpp2025.problema8_fx.Repository.RepoChild 18 <init> - Initializing ChildDBRepository with properties: {jdbc.url=jdbc:sqlite:C:/Users/razva/Desktop/MPP2/mpp-proiect-java-Razvannnnn/Problema8/ConcursSportiv} 
27 Mar 2025 22:43:42,423 INFO  ro.mpp2025.problema8_fx.Repository.RepoEnrollment 24 <init> - Initializing RepoEnrollment with properties: {jdbc.url=jdbc:sqlite:C:/Users/razva/Desktop/MPP2/mpp-proiect-java-Razvannnnn/Problema8/ConcursSportiv}
27 Mar 2025 22:43:42,424 INFO  ro.mpp2025.problema8_fx.Repository.RepoUser 18 <init> - Initializing UserDBRepository with properties: {jdbc.url=jdbc:sqlite:C:/Users/razva/Desktop/MPP2/mpp-proiect-java-Razvannnnn/Problema8/ConcursSportiv} 
27 Mar 2025 22:43:46,369 INFO  ro.mpp2025.problema8_fx.Repository.RepoUser 111 login - Logging in User with username: admin1
27 Mar 2025 22:43:46,485 TRACE ro.mpp2025.problema8_fx.Repository.RepoUser 118 login - Exit with(User logged in successfully)
27 Mar 2025 22:43:46,521 TRACE ro.mpp2025.problema8_fx.Repository.RepoAgeGroup 49 findAll - Enter finding all AgeGroups
27 Mar 2025 22:43:46,526 TRACE ro.mpp2025.problema8_fx.Repository.RepoAgeGroup 67 findAll - Exit with([AgeGroup{name='6-8 ani', minAge=6, maxAge=8}, AgeGroup{name='9-11 ani', minAge=9, maxAge=11}, AgeGroup{name='12-15 ani', minAge=12, maxAge=15}])
27 Mar 2025 22:43:47,626 INFO  ro.mpp2025.problema8_fx.Repository.RepoEvent 115 findByAgeGroup - Finding Events by AgeGroup id: 1
27 Mar 2025 22:43:47,628 TRACE ro.mpp2025.problema8_fx.Repository.RepoEvent 133 findByAgeGroup - Exit with([Event{name='Sprint 50m', distance=50, ageGroupId=1}])
27 Mar 2025 22:43:48,292 INFO  ro.mpp2025.problema8_fx.Repository.RepoChild 139 findByEvent - Finding Children by Event id: 1
27 Mar 2025 22:43:48,293 TRACE ro.mpp2025.problema8_fx.Repository.RepoChild 157 findByEvent - Exit with([Child{name='Mihaila Georgescu', CNP='1231230912'}])
27 Mar 2025 22:44:37,955 INFO  ro.mpp2025.problema8_fx.Repository.RepoAgeGroup 19 <init> - Initializing AgeGroupDBRepository with properties: {jdbc.url=jdbc:sqlite:C:/Users/razva/Desktop/MPP2/mpp-proiect-java-Razvannnnn/Problema8/ConcursSportiv} 
27 Mar 2025 22:44:37,958 INFO  ro.mpp2025.problema8_fx.Repository.RepoEvent 18 <init> - Initializing EventDBRepository with properties: {jdbc.url=jdbc:sqlite:C:/Users/razva/Desktop/MPP2/mpp-proiect-java-Razvannnnn/Problema8/ConcursSportiv} 
27 Mar 2025 22:44:37,960 INFO  ro.mpp2025.problema8_fx.Repository.RepoChild 18 <init> - Initializing ChildDBRepository with properties: {jdbc.url=jdbc:sqlite:C:/Users/razva/Desktop/MPP2/mpp-proiect-java-Razvannnnn/Problema8/ConcursSportiv} 
27 Mar 2025 22:44:37,961 INFO  ro.mpp2025.problema8_fx.Repository.RepoEnrollment 24 <init> - Initializing RepoEnrollment with properties: {jdbc.url=jdbc:sqlite:C:/Users/razva/Desktop/MPP2/mpp-proiect-java-Razvannnnn/Problema8/ConcursSportiv}
27 Mar 2025 22:44:37,961 INFO  ro.mpp2025.problema8_fx.Repository.RepoUser 18 <init> - Initializing UserDBRepository with properties: {jdbc.url=jdbc:sqlite:C:/Users/razva/Desktop/MPP2/mpp-proiect-java-Razvannnnn/Problema8/ConcursSportiv} 
27 Mar 2025 22:44:41,821 INFO  ro.mpp2025.problema8_fx.Repository.RepoUser 111 login - Logging in User with username: admin1
27 Mar 2025 22:44:41,930 TRACE ro.mpp2025.problema8_fx.Repository.RepoUser 118 login - Exit with(User logged in successfully)
27 Mar 2025 22:44:41,971 TRACE ro.mpp2025.problema8_fx.Repository.RepoAgeGroup 49 findAll - Enter finding all AgeGroups
27 Mar 2025 22:44:41,975 TRACE ro.mpp2025.problema8_fx.Repository.RepoAgeGroup 67 findAll - Exit with([AgeGroup{name='6-8 ani', minAge=6, maxAge=8}, AgeGroup{name='9-11 ani', minAge=9, maxAge=11}, AgeGroup{name='12-15 ani', minAge=12, maxAge=15}])
27 Mar 2025 22:44:43,439 INFO  ro.mpp2025.problema8_fx.Repository.RepoEvent 115 findByAgeGroup - Finding Events by AgeGroup id: 1
27 Mar 2025 22:44:43,442 TRACE ro.mpp2025.problema8_fx.Repository.RepoEvent 133 findByAgeGroup - Exit with([Event{name='Sprint 50m', distance=50, ageGroupId=1}])
27 Mar 2025 22:44:44,082 INFO  ro.mpp2025.problema8_fx.Repository.RepoChild 139 findByEvent - Finding Children by Event id: 1
27 Mar 2025 22:44:44,085 TRACE ro.mpp2025.problema8_fx.Repository.RepoChild 157 findByEvent - Exit with([Child{name='Mihaila Georgescu', CNP='1231230912123'}])
27 Mar 2025 22:44:45,712 INFO  ro.mpp2025.problema8_fx.Repository.RepoEvent 115 findByAgeGroup - Finding Events by AgeGroup id: 2
27 Mar 2025 22:44:45,713 TRACE ro.mpp2025.problema8_fx.Repository.RepoEvent 133 findByAgeGroup - Exit with([Event{name='Sprint 100m', distance=100, ageGroupId=2}, Event{name='Garduri 100m', distance=100, ageGroupId=2}])
27 Mar 2025 22:44:46,292 INFO  ro.mpp2025.problema8_fx.Repository.RepoChild 139 findByEvent - Finding Children by Event id: 2
27 Mar 2025 22:44:46,293 TRACE ro.mpp2025.problema8_fx.Repository.RepoChild 157 findByEvent - Exit with([Child{name='Ana Popescu', CNP='1234567890123'}])
27 Mar 2025 22:45:03,681 INFO  ro.mpp2025.problema8_fx.Repository.RepoAgeGroup 19 <init> - Initializing AgeGroupDBRepository with properties: {jdbc.url=jdbc:sqlite:C:/Users/razva/Desktop/MPP2/mpp-proiect-java-Razvannnnn/Problema8/ConcursSportiv} 
27 Mar 2025 22:45:03,684 INFO  ro.mpp2025.problema8_fx.Repository.RepoEvent 18 <init> - Initializing EventDBRepository with properties: {jdbc.url=jdbc:sqlite:C:/Users/razva/Desktop/MPP2/mpp-proiect-java-Razvannnnn/Problema8/ConcursSportiv} 
27 Mar 2025 22:45:03,686 INFO  ro.mpp2025.problema8_fx.Repository.RepoChild 18 <init> - Initializing ChildDBRepository with properties: {jdbc.url=jdbc:sqlite:C:/Users/razva/Desktop/MPP2/mpp-proiect-java-Razvannnnn/Problema8/ConcursSportiv} 
27 Mar 2025 22:45:03,687 INFO  ro.mpp2025.problema8_fx.Repository.RepoEnrollment 24 <init> - Initializing RepoEnrollment with properties: {jdbc.url=jdbc:sqlite:C:/Users/razva/Desktop/MPP2/mpp-proiect-java-Razvannnnn/Problema8/ConcursSportiv}
27 Mar 2025 22:45:03,688 INFO  ro.mpp2025.problema8_fx.Repository.RepoUser 18 <init> - Initializing UserDBRepository with properties: {jdbc.url=jdbc:sqlite:C:/Users/razva/Desktop/MPP2/mpp-proiect-java-Razvannnnn/Problema8/ConcursSportiv} 
27 Mar 2025 22:45:06,951 INFO  ro.mpp2025.problema8_fx.Repository.RepoUser 111 login - Logging in User with username: admin1
27 Mar 2025 22:45:07,059 TRACE ro.mpp2025.problema8_fx.Repository.RepoUser 118 login - Exit with(User logged in successfully)
27 Mar 2025 22:45:07,096 TRACE ro.mpp2025.problema8_fx.Repository.RepoAgeGroup 49 findAll - Enter finding all AgeGroups
27 Mar 2025 22:45:07,100 TRACE ro.mpp2025.problema8_fx.Repository.RepoAgeGroup 67 findAll - Exit with([AgeGroup{name='6-8 ani', minAge=6, maxAge=8}, AgeGroup{name='9-11 ani', minAge=9, maxAge=11}, AgeGroup{name='12-15 ani', minAge=12, maxAge=15}])
27 Mar 2025 22:45:08,311 INFO  ro.mpp2025.problema8_fx.Repository.RepoEvent 115 findByAgeGroup - Finding Events by AgeGroup id: 1
27 Mar 2025 22:45:08,316 TRACE ro.mpp2025.problema8_fx.Repository.RepoEvent 133 findByAgeGroup - Exit with([Event{name='Sprint 50m', distance=50, ageGroupId=1}])
27 Mar 2025 22:45:08,885 INFO  ro.mpp2025.problema8_fx.Repository.RepoChild 139 findByEvent - Finding Children by Event id: 1
27 Mar 2025 22:45:08,888 TRACE ro.mpp2025.problema8_fx.Repository.RepoChild 157 findByEvent - Exit with([Child{name='Mihaila Georgescu', CNP='1231230912123'}])
27 Mar 2025 22:45:10,328 INFO  ro.mpp2025.problema8_fx.Repository.RepoEvent 115 findByAgeGroup - Finding Events by AgeGroup id: 2
27 Mar 2025 22:45:10,329 TRACE ro.mpp2025.problema8_fx.Repository.RepoEvent 133 findByAgeGroup - Exit with([Event{name='Sprint 100m', distance=100, ageGroupId=2}, Event{name='Garduri 100m', distance=100, ageGroupId=2}])
27 Mar 2025 22:45:10,968 INFO  ro.mpp2025.problema8_fx.Repository.RepoChild 139 findByEvent - Finding Children by Event id: 5
27 Mar 2025 22:45:10,970 TRACE ro.mpp2025.problema8_fx.Repository.RepoChild 157 findByEvent - Exit with([])
27 Mar 2025 22:45:11,801 INFO  ro.mpp2025.problema8_fx.Repository.RepoChild 139 findByEvent - Finding Children by Event id: 2
27 Mar 2025 22:45:11,802 TRACE ro.mpp2025.problema8_fx.Repository.RepoChild 157 findByEvent - Exit with([Child{name='Ana Popescu', CNP='1234567890123'}])
27 Mar 2025 22:45:13,480 INFO  ro.mpp2025.problema8_fx.Repository.RepoEvent 115 findByAgeGroup - Finding Events by AgeGroup id: 3
27 Mar 2025 22:45:13,480 TRACE ro.mpp2025.problema8_fx.Repository.RepoEvent 133 findByAgeGroup - Exit with([Event{name='Sprint 1000m', distance=1000, ageGroupId=3}, Event{name='Sprint 1500m', distance=1500, ageGroupId=3}, Event{name='Garduri 100m', distance=100, ageGroupId=3}, Event{name='Garduri 1000m', distance=1000, ageGroupId=3}])
27 Mar 2025 22:45:14,168 INFO  ro.mpp2025.problema8_fx.Repository.RepoChild 139 findByEvent - Finding Children by Event id: 4
27 Mar 2025 22:45:14,169 TRACE ro.mpp2025.problema8_fx.Repository.RepoChild 157 findByEvent - Exit with([])
27 Mar 2025 22:45:15,050 INFO  ro.mpp2025.problema8_fx.Repository.RepoChild 139 findByEvent - Finding Children by Event id: 3
27 Mar 2025 22:45:15,051 TRACE ro.mpp2025.problema8_fx.Repository.RepoChild 157 findByEvent - Exit with([Child{name='Matei Ionescu', CNP='9876543210123'}])
27 Mar 2025 23:09:20,261 INFO  ro.mpp2025.problema8_fx.Repository.RepoAgeGroup 19 <init> - Initializing AgeGroupDBRepository with properties: {jdbc.url=jdbc:sqlite:C:/Users/razva/Desktop/MPP2/mpp-proiect-java-Razvannnnn/Problema8/ConcursSportiv} 
27 Mar 2025 23:09:20,266 INFO  ro.mpp2025.problema8_fx.Repository.RepoEvent 18 <init> - Initializing EventDBRepository with properties: {jdbc.url=jdbc:sqlite:C:/Users/razva/Desktop/MPP2/mpp-proiect-java-Razvannnnn/Problema8/ConcursSportiv} 
27 Mar 2025 23:09:20,268 INFO  ro.mpp2025.problema8_fx.Repository.RepoChild 18 <init> - Initializing ChildDBRepository with properties: {jdbc.url=jdbc:sqlite:C:/Users/razva/Desktop/MPP2/mpp-proiect-java-Razvannnnn/Problema8/ConcursSportiv} 
27 Mar 2025 23:09:20,270 INFO  ro.mpp2025.problema8_fx.Repository.RepoEnrollment 24 <init> - Initializing RepoEnrollment with properties: {jdbc.url=jdbc:sqlite:C:/Users/razva/Desktop/MPP2/mpp-proiect-java-Razvannnnn/Problema8/ConcursSportiv}
27 Mar 2025 23:09:20,272 INFO  ro.mpp2025.problema8_fx.Repository.RepoUser 18 <init> - Initializing UserDBRepository with properties: {jdbc.url=jdbc:sqlite:C:/Users/razva/Desktop/MPP2/mpp-proiect-java-Razvannnnn/Problema8/ConcursSportiv} 
27 Mar 2025 23:09:32,541 INFO  ro.mpp2025.problema8_fx.Repository.RepoUser 111 login - Logging in User with username: admin1
27 Mar 2025 23:09:32,651 TRACE ro.mpp2025.problema8_fx.Repository.RepoUser 118 login - Exit with(User logged in successfully)
27 Mar 2025 23:09:32,697 TRACE ro.mpp2025.problema8_fx.Repository.RepoAgeGroup 49 findAll - Enter finding all AgeGroups
27 Mar 2025 23:09:32,700 TRACE ro.mpp2025.problema8_fx.Repository.RepoAgeGroup 67 findAll - Exit with([AgeGroup{name='6-8 ani', minAge=6, maxAge=8}, AgeGroup{name='9-11 ani', minAge=9, maxAge=11}, AgeGroup{name='12-15 ani', minAge=12, maxAge=15}])
27 Mar 2025 23:09:36,686 INFO  ro.mpp2025.problema8_fx.Repository.RepoEvent 115 findByAgeGroup - Finding Events by AgeGroup id: 1
27 Mar 2025 23:09:36,688 TRACE ro.mpp2025.problema8_fx.Repository.RepoEvent 133 findByAgeGroup - Exit with([Event{name='Sprint 50m', distance=50, ageGroupId=1}])
27 Mar 2025 23:09:37,619 INFO  ro.mpp2025.problema8_fx.Repository.RepoChild 139 findByEvent - Finding Children by Event id: 1
27 Mar 2025 23:09:37,620 TRACE ro.mpp2025.problema8_fx.Repository.RepoChild 157 findByEvent - Exit with([Child{name='Mihaila Georgescu', CNP='1231230912123'}])
27 Mar 2025 23:09:39,353 INFO  ro.mpp2025.problema8_fx.Repository.RepoEvent 115 findByAgeGroup - Finding Events by AgeGroup id: 2
27 Mar 2025 23:09:39,354 TRACE ro.mpp2025.problema8_fx.Repository.RepoEvent 133 findByAgeGroup - Exit with([Event{name='Sprint 100m', distance=100, ageGroupId=2}, Event{name='Garduri 100m', distance=100, ageGroupId=2}])
27 Mar 2025 23:09:39,940 INFO  ro.mpp2025.problema8_fx.Repository.RepoChild 139 findByEvent - Finding Children by Event id: 2
27 Mar 2025 23:09:39,940 TRACE ro.mpp2025.problema8_fx.Repository.RepoChild 157 findByEvent - Exit with([Child{name='Ana Popescu', CNP='1234567890123'}])
27 Mar 2025 23:11:05,232 INFO  ro.mpp2025.problema8_fx.Repository.RepoEvent 115 findByAgeGroup - Finding Events by AgeGroup id: 1
27 Mar 2025 23:11:05,233 TRACE ro.mpp2025.problema8_fx.Repository.RepoEvent 133 findByAgeGroup - Exit with([Event{name='Sprint 50m', distance=50, ageGroupId=1}])
27 Mar 2025 23:11:06,924 INFO  ro.mpp2025.problema8_fx.Repository.RepoEvent 115 findByAgeGroup - Finding Events by AgeGroup id: 2
27 Mar 2025 23:11:06,925 TRACE ro.mpp2025.problema8_fx.Repository.RepoEvent 133 findByAgeGroup - Exit with([Event{name='Sprint 100m', distance=100, ageGroupId=2}, Event{name='Garduri 100m', distance=100, ageGroupId=2}])
28 Mar 2025 10:33:29,989 INFO  ro.mpp2025.problema8_fx.Repository.RepoAgeGroup 19 <init> - Initializing AgeGroupDBRepository with properties: {jdbc.url=jdbc:sqlite:C:/Users/razva/Desktop/MPP2/mpp-proiect-java-Razvannnnn/Problema8/ConcursSportiv} 
28 Mar 2025 10:33:29,994 INFO  ro.mpp2025.problema8_fx.Repository.RepoEvent 18 <init> - Initializing EventDBRepository with properties: {jdbc.url=jdbc:sqlite:C:/Users/razva/Desktop/MPP2/mpp-proiect-java-Razvannnnn/Problema8/ConcursSportiv} 
28 Mar 2025 10:33:29,996 INFO  ro.mpp2025.problema8_fx.Repository.RepoChild 18 <init> - Initializing ChildDBRepository with properties: {jdbc.url=jdbc:sqlite:C:/Users/razva/Desktop/MPP2/mpp-proiect-java-Razvannnnn/Problema8/ConcursSportiv} 
28 Mar 2025 10:33:29,998 INFO  ro.mpp2025.problema8_fx.Repository.RepoEnrollment 24 <init> - Initializing RepoEnrollment with properties: {jdbc.url=jdbc:sqlite:C:/Users/razva/Desktop/MPP2/mpp-proiect-java-Razvannnnn/Problema8/ConcursSportiv}
28 Mar 2025 10:33:29,999 INFO  ro.mpp2025.problema8_fx.Repository.RepoUser 18 <init> - Initializing UserDBRepository with properties: {jdbc.url=jdbc:sqlite:C:/Users/razva/Desktop/MPP2/mpp-proiect-java-Razvannnnn/Problema8/ConcursSportiv} 
28 Mar 2025 10:33:35,020 INFO  ro.mpp2025.problema8_fx.Repository.RepoUser 111 login - Logging in User with username: admin1
28 Mar 2025 10:33:35,129 TRACE ro.mpp2025.problema8_fx.Repository.RepoUser 118 login - Exit with(User logged in successfully)
28 Mar 2025 10:33:35,177 TRACE ro.mpp2025.problema8_fx.Repository.RepoAgeGroup 49 findAll - Enter finding all AgeGroups
28 Mar 2025 10:33:35,180 TRACE ro.mpp2025.problema8_fx.Repository.RepoAgeGroup 67 findAll - Exit with([AgeGroup{name='6-8 ani', minAge=6, maxAge=8}, AgeGroup{name='9-11 ani', minAge=9, maxAge=11}, AgeGroup{name='12-15 ani', minAge=12, maxAge=15}])
28 Mar 2025 10:33:37,824 INFO  ro.mpp2025.problema8_fx.Repository.RepoEvent 115 findByAgeGroup - Finding Events by AgeGroup id: 1
28 Mar 2025 10:33:37,826 TRACE ro.mpp2025.problema8_fx.Repository.RepoEvent 133 findByAgeGroup - Exit with([Event{name='Sprint 50m', distance=50, ageGroupId=1}])
28 Mar 2025 10:33:39,673 INFO  ro.mpp2025.problema8_fx.Repository.RepoChild 139 findByEvent - Finding Children by Event id: 1
28 Mar 2025 10:33:39,675 TRACE ro.mpp2025.problema8_fx.Repository.RepoChild 157 findByEvent - Exit with([Child{name='Mihaila Georgescu', CNP='1231230912123'}])
28 Mar 2025 10:33:42,716 INFO  ro.mpp2025.problema8_fx.Repository.RepoEvent 115 findByAgeGroup - Finding Events by AgeGroup id: 2
28 Mar 2025 10:33:42,717 TRACE ro.mpp2025.problema8_fx.Repository.RepoEvent 133 findByAgeGroup - Exit with([Event{name='Sprint 100m', distance=100, ageGroupId=2}, Event{name='Garduri 100m', distance=100, ageGroupId=2}])
28 Mar 2025 10:33:43,485 INFO  ro.mpp2025.problema8_fx.Repository.RepoChild 139 findByEvent - Finding Children by Event id: 2
28 Mar 2025 10:33:43,486 TRACE ro.mpp2025.problema8_fx.Repository.RepoChild 157 findByEvent - Exit with([Child{name='Ana Popescu', CNP='1234567890123'}])
28 Mar 2025 10:33:44,614 INFO  ro.mpp2025.problema8_fx.Repository.RepoChild 139 findByEvent - Finding Children by Event id: 5
28 Mar 2025 10:33:44,616 TRACE ro.mpp2025.problema8_fx.Repository.RepoChild 157 findByEvent - Exit with([])
28 Mar 2025 10:34:51,317 INFO  ro.mpp2025.problema8_fx.Repository.RepoEvent 115 findByAgeGroup - Finding Events by AgeGroup id: 1
28 Mar 2025 10:34:51,318 TRACE ro.mpp2025.problema8_fx.Repository.RepoEvent 133 findByAgeGroup - Exit with([Event{name='Sprint 50m', distance=50, ageGroupId=1}])
28 Mar 2025 10:34:51,904 INFO  ro.mpp2025.problema8_fx.Repository.RepoChild 139 findByEvent - Finding Children by Event id: 1
28 Mar 2025 10:34:51,905 TRACE ro.mpp2025.problema8_fx.Repository.RepoChild 157 findByEvent - Exit with([Child{name='Mihaila Georgescu', CNP='1231230912123'}])
28 Mar 2025 10:38:19,515 INFO  ro.mpp2025.problema8_fx.Repository.RepoAgeGroup 19 <init> - Initializing AgeGroupDBRepository with properties: {jdbc.url=jdbc:sqlite:C:/Users/razva/Desktop/MPP2/mpp-proiect-java-Razvannnnn/Problema8/ConcursSportiv} 
28 Mar 2025 10:38:19,518 INFO  ro.mpp2025.problema8_fx.Repository.RepoEvent 18 <init> - Initializing EventDBRepository with properties: {jdbc.url=jdbc:sqlite:C:/Users/razva/Desktop/MPP2/mpp-proiect-java-Razvannnnn/Problema8/ConcursSportiv} 
28 Mar 2025 10:38:19,520 INFO  ro.mpp2025.problema8_fx.Repository.RepoChild 18 <init> - Initializing ChildDBRepository with properties: {jdbc.url=jdbc:sqlite:C:/Users/razva/Desktop/MPP2/mpp-proiect-java-Razvannnnn/Problema8/ConcursSportiv} 
28 Mar 2025 10:38:19,521 INFO  ro.mpp2025.problema8_fx.Repository.RepoEnrollment 24 <init> - Initializing RepoEnrollment with properties: {jdbc.url=jdbc:sqlite:C:/Users/razva/Desktop/MPP2/mpp-proiect-java-Razvannnnn/Problema8/ConcursSportiv}
28 Mar 2025 10:38:19,522 INFO  ro.mpp2025.problema8_fx.Repository.RepoUser 18 <init> - Initializing UserDBRepository with properties: {jdbc.url=jdbc:sqlite:C:/Users/razva/Desktop/MPP2/mpp-proiect-java-Razvannnnn/Problema8/ConcursSportiv} 
28 Mar 2025 10:38:23,675 INFO  ro.mpp2025.problema8_fx.Repository.RepoUser 111 login - Logging in User with username: admin1
28 Mar 2025 10:38:23,767 TRACE ro.mpp2025.problema8_fx.Repository.RepoUser 118 login - Exit with(User logged in successfully)
28 Mar 2025 10:38:23,808 TRACE ro.mpp2025.problema8_fx.Repository.RepoAgeGroup 49 findAll - Enter finding all AgeGroups
28 Mar 2025 10:38:23,811 TRACE ro.mpp2025.problema8_fx.Repository.RepoAgeGroup 67 findAll - Exit with([AgeGroup{name='6-8 ani', minAge=6, maxAge=8}, AgeGroup{name='9-11 ani', minAge=9, maxAge=11}, AgeGroup{name='12-15 ani', minAge=12, maxAge=15}])
28 Mar 2025 10:38:25,196 INFO  ro.mpp2025.problema8_fx.Repository.RepoEvent 115 findByAgeGroup - Finding Events by AgeGroup id: 2
28 Mar 2025 10:38:25,198 TRACE ro.mpp2025.problema8_fx.Repository.RepoEvent 133 findByAgeGroup - Exit with([Event{name='Sprint 100m', distance=100, ageGroupId=2}, Event{name='Garduri 100m', distance=100, ageGroupId=2}])
28 Mar 2025 10:38:26,529 INFO  ro.mpp2025.problema8_fx.Repository.RepoChild 139 findByEvent - Finding Children by Event id: 2
28 Mar 2025 10:38:26,532 TRACE ro.mpp2025.problema8_fx.Repository.RepoChild 157 findByEvent - Exit with([Child{name='Ana Popescu', CNP='1234567890123'}])
28 Mar 2025 13:22:52,751 INFO  ro.mpp2025.problema8_fx.Repository.RepoAgeGroup 19 <init> - Initializing AgeGroupDBRepository with properties: {jdbc.url=jdbc:sqlite:C:/Users/razva/Desktop/MPP2/mpp-proiect-java-Razvannnnn/Problema8/ConcursSportiv} 
28 Mar 2025 13:22:52,757 INFO  ro.mpp2025.problema8_fx.Repository.RepoEvent 18 <init> - Initializing EventDBRepository with properties: {jdbc.url=jdbc:sqlite:C:/Users/razva/Desktop/MPP2/mpp-proiect-java-Razvannnnn/Problema8/ConcursSportiv} 
28 Mar 2025 13:22:52,760 INFO  ro.mpp2025.problema8_fx.Repository.RepoChild 18 <init> - Initializing ChildDBRepository with properties: {jdbc.url=jdbc:sqlite:C:/Users/razva/Desktop/MPP2/mpp-proiect-java-Razvannnnn/Problema8/ConcursSportiv} 
28 Mar 2025 13:22:52,763 INFO  ro.mpp2025.problema8_fx.Repository.RepoEnrollment 24 <init> - Initializing RepoEnrollment with properties: {jdbc.url=jdbc:sqlite:C:/Users/razva/Desktop/MPP2/mpp-proiect-java-Razvannnnn/Problema8/ConcursSportiv}
28 Mar 2025 13:22:52,766 INFO  ro.mpp2025.problema8_fx.Repository.RepoUser 18 <init> - Initializing UserDBRepository with properties: {jdbc.url=jdbc:sqlite:C:/Users/razva/Desktop/MPP2/mpp-proiect-java-Razvannnnn/Problema8/ConcursSportiv} 
28 Mar 2025 13:22:57,057 INFO  ro.mpp2025.problema8_fx.Repository.RepoUser 111 login - Logging in User with username: admin1
28 Mar 2025 13:22:57,283 TRACE ro.mpp2025.problema8_fx.Repository.RepoUser 118 login - Exit with(User logged in successfully)
28 Mar 2025 13:22:57,346 TRACE ro.mpp2025.problema8_fx.Repository.RepoAgeGroup 49 findAll - Enter finding all AgeGroups
28 Mar 2025 13:22:57,352 TRACE ro.mpp2025.problema8_fx.Repository.RepoAgeGroup 67 findAll - Exit with([AgeGroup{name='6-8 ani', minAge=6, maxAge=8}, AgeGroup{name='9-11 ani', minAge=9, maxAge=11}, AgeGroup{name='12-15 ani', minAge=12, maxAge=15}])
28 Mar 2025 13:23:01,323 INFO  ro.mpp2025.problema8_fx.Repository.RepoEvent 115 findByAgeGroup - Finding Events by AgeGroup id: 1
28 Mar 2025 13:23:01,328 TRACE ro.mpp2025.problema8_fx.Repository.RepoEvent 133 findByAgeGroup - Exit with([Event{name='Sprint 50m', distance=50, ageGroupId=1}])
28 Mar 2025 13:23:02,518 INFO  ro.mpp2025.problema8_fx.Repository.RepoChild 139 findByEvent - Finding Children by Event id: 1
28 Mar 2025 13:23:02,527 TRACE ro.mpp2025.problema8_fx.Repository.RepoChild 157 findByEvent - Exit with([Child{name='Mihaila Georgescu', CNP='1231230912123'}])
28 Mar 2025 13:23:04,685 INFO  ro.mpp2025.problema8_fx.Repository.RepoEvent 115 findByAgeGroup - Finding Events by AgeGroup id: 2
28 Mar 2025 13:23:04,687 TRACE ro.mpp2025.problema8_fx.Repository.RepoEvent 133 findByAgeGroup - Exit with([Event{name='Sprint 100m', distance=100, ageGroupId=2}, Event{name='Garduri 100m', distance=100, ageGroupId=2}])
28 Mar 2025 13:23:08,811 INFO  ro.mpp2025.problema8_fx.Repository.RepoChild 139 findByEvent - Finding Children by Event id: 2
28 Mar 2025 13:23:08,812 TRACE ro.mpp2025.problema8_fx.Repository.RepoChild 157 findByEvent - Exit with([Child{name='Ana Popescu', CNP='1234567890123'}])
28 Mar 2025 13:23:13,929 INFO  ro.mpp2025.problema8_fx.Repository.RepoEvent 115 findByAgeGroup - Finding Events by AgeGroup id: 3
28 Mar 2025 13:23:13,929 TRACE ro.mpp2025.problema8_fx.Repository.RepoEvent 133 findByAgeGroup - Exit with([Event{name='Sprint 1000m', distance=1000, ageGroupId=3}, Event{name='Sprint 1500m', distance=1500, ageGroupId=3}, Event{name='Garduri 100m', distance=100, ageGroupId=3}, Event{name='Garduri 1000m', distance=1000, ageGroupId=3}])
28 Mar 2025 13:23:14,886 INFO  ro.mpp2025.problema8_fx.Repository.RepoChild 139 findByEvent - Finding Children by Event id: 3
28 Mar 2025 13:23:14,887 TRACE ro.mpp2025.problema8_fx.Repository.RepoChild 157 findByEvent - Exit with([Child{name='Matei Ionescu', CNP='9876543210123'}])
28 Mar 2025 13:23:15,962 INFO  ro.mpp2025.problema8_fx.Repository.RepoChild 139 findByEvent - Finding Children by Event id: 4
28 Mar 2025 13:23:15,965 TRACE ro.mpp2025.problema8_fx.Repository.RepoChild 157 findByEvent - Exit with([])
28 Mar 2025 13:23:17,043 INFO  ro.mpp2025.problema8_fx.Repository.RepoChild 139 findByEvent - Finding Children by Event id: 6
28 Mar 2025 13:23:17,044 TRACE ro.mpp2025.problema8_fx.Repository.RepoChild 157 findByEvent - Exit with([])
28 Mar 2025 13:23:18,508 INFO  ro.mpp2025.problema8_fx.Repository.RepoChild 139 findByEvent - Finding Children by Event id: 7
28 Mar 2025 13:23:18,510 TRACE ro.mpp2025.problema8_fx.Repository.RepoChild 157 findByEvent - Exit with([])
28 Mar 2025 13:23:20,030 INFO  ro.mpp2025.problema8_fx.Repository.RepoEvent 115 findByAgeGroup - Finding Events by AgeGroup id: 1
28 Mar 2025 13:23:20,031 TRACE ro.mpp2025.problema8_fx.Repository.RepoEvent 133 findByAgeGroup - Exit with([Event{name='Sprint 50m', distance=50, ageGroupId=1}])
28 Mar 2025 13:23:20,752 INFO  ro.mpp2025.problema8_fx.Repository.RepoChild 139 findByEvent - Finding Children by Event id: 1
28 Mar 2025 13:23:20,753 TRACE ro.mpp2025.problema8_fx.Repository.RepoChild 157 findByEvent - Exit with([Child{name='Mihaila Georgescu', CNP='1231230912123'}])
28 Mar 2025 13:48:41,660 INFO  ro.mpp2025.problema8_fx.Repository.RepoAgeGroup 19 <init> - Initializing AgeGroupDBRepository with properties: {jdbc.url=jdbc:sqlite:C:/Users/razva/Desktop/MPP2/mpp-proiect-java-Razvannnnn/Problema8/ConcursSportiv} 
28 Mar 2025 13:48:41,665 INFO  ro.mpp2025.problema8_fx.Repository.RepoEvent 18 <init> - Initializing EventDBRepository with properties: {jdbc.url=jdbc:sqlite:C:/Users/razva/Desktop/MPP2/mpp-proiect-java-Razvannnnn/Problema8/ConcursSportiv} 
28 Mar 2025 13:48:41,666 INFO  ro.mpp2025.problema8_fx.Repository.RepoChild 18 <init> - Initializing ChildDBRepository with properties: {jdbc.url=jdbc:sqlite:C:/Users/razva/Desktop/MPP2/mpp-proiect-java-Razvannnnn/Problema8/ConcursSportiv} 
28 Mar 2025 13:48:41,668 INFO  ro.mpp2025.problema8_fx.Repository.RepoEnrollment 24 <init> - Initializing RepoEnrollment with properties: {jdbc.url=jdbc:sqlite:C:/Users/razva/Desktop/MPP2/mpp-proiect-java-Razvannnnn/Problema8/ConcursSportiv}
28 Mar 2025 13:48:41,670 INFO  ro.mpp2025.problema8_fx.Repository.RepoUser 18 <init> - Initializing UserDBRepository with properties: {jdbc.url=jdbc:sqlite:C:/Users/razva/Desktop/MPP2/mpp-proiect-java-Razvannnnn/Problema8/ConcursSportiv} 
28 Mar 2025 13:48:46,572 INFO  ro.mpp2025.problema8_fx.Repository.RepoUser 111 login - Logging in User with username: admin1
28 Mar 2025 13:48:46,733 TRACE ro.mpp2025.problema8_fx.Repository.RepoUser 118 login - Exit with(User logged in successfully)
28 Mar 2025 13:48:46,776 TRACE ro.mpp2025.problema8_fx.Repository.RepoAgeGroup 49 findAll - Enter finding all AgeGroups
28 Mar 2025 13:48:46,779 TRACE ro.mpp2025.problema8_fx.Repository.RepoAgeGroup 67 findAll - Exit with([AgeGroup{name='6-8 ani', minAge=6, maxAge=8}, AgeGroup{name='9-11 ani', minAge=9, maxAge=11}, AgeGroup{name='12-15 ani', minAge=12, maxAge=15}])
28 Mar 2025 13:48:49,688 INFO  ro.mpp2025.problema8_fx.Repository.RepoEvent 115 findByAgeGroup - Finding Events by AgeGroup id: 1
28 Mar 2025 13:48:49,693 TRACE ro.mpp2025.problema8_fx.Repository.RepoEvent 133 findByAgeGroup - Exit with([Event{name='Sprint 50m', distance=50, ageGroupId=1}])
28 Mar 2025 13:48:54,427 INFO  ro.mpp2025.problema8_fx.Repository.RepoChild 139 findByEvent - Finding Children by Event id: 1
28 Mar 2025 13:48:54,432 TRACE ro.mpp2025.problema8_fx.Repository.RepoChild 157 findByEvent - Exit with([Child{name='Mihaila Georgescu', CNP='1231230912123'}])
28 Mar 2025 13:49:39,520 INFO  ro.mpp2025.problema8_fx.Repository.RepoEvent 115 findByAgeGroup - Finding Events by AgeGroup id: 1
28 Mar 2025 13:49:39,521 TRACE ro.mpp2025.problema8_fx.Repository.RepoEvent 133 findByAgeGroup - Exit with([Event{name='Sprint 50m', distance=50, ageGroupId=1}])
02 Apr 2025 00:38:09,434 INFO  ro.mpp2025.problema8_fx.Repository.RepoAgeGroup 19 <init> - Initializing AgeGroupDBRepository with properties: {jdbc.url=jdbc:sqlite:C:/Users/razva/Desktop/MPP2/mpp-proiect-java-Razvannnnn/Problema8/ConcursSportiv} 
02 Apr 2025 00:38:09,437 INFO  ro.mpp2025.problema8_fx.Repository.RepoEvent 18 <init> - Initializing EventDBRepository with properties: {jdbc.url=jdbc:sqlite:C:/Users/razva/Desktop/MPP2/mpp-proiect-java-Razvannnnn/Problema8/ConcursSportiv} 
02 Apr 2025 00:38:09,438 INFO  ro.mpp2025.problema8_fx.Repository.RepoChild 18 <init> - Initializing ChildDBRepository with properties: {jdbc.url=jdbc:sqlite:C:/Users/razva/Desktop/MPP2/mpp-proiect-java-Razvannnnn/Problema8/ConcursSportiv} 
02 Apr 2025 00:38:09,439 INFO  ro.mpp2025.problema8_fx.Repository.RepoEnrollment 24 <init> - Initializing RepoEnrollment with properties: {jdbc.url=jdbc:sqlite:C:/Users/razva/Desktop/MPP2/mpp-proiect-java-Razvannnnn/Problema8/ConcursSportiv}
02 Apr 2025 00:38:09,440 INFO  ro.mpp2025.problema8_fx.Repository.RepoUser 18 <init> - Initializing UserDBRepository with properties: {jdbc.url=jdbc:sqlite:C:/Users/razva/Desktop/MPP2/mpp-proiect-java-Razvannnnn/Problema8/ConcursSportiv} 
02 Apr 2025 00:38:15,483 INFO  ro.mpp2025.problema8_fx.Repository.RepoUser 111 login - Logging in User with username: admin1
02 Apr 2025 00:38:15,626 TRACE ro.mpp2025.problema8_fx.Repository.RepoUser 118 login - Exit with(User logged in successfully)
02 Apr 2025 00:38:15,670 TRACE ro.mpp2025.problema8_fx.Repository.RepoAgeGroup 49 findAll - Enter finding all AgeGroups
02 Apr 2025 00:38:15,674 TRACE ro.mpp2025.problema8_fx.Repository.RepoAgeGroup 67 findAll - Exit with([AgeGroup{name='6-8 ani', minAge=6, maxAge=8}, AgeGroup{name='9-11 ani', minAge=9, maxAge=11}, AgeGroup{name='12-15 ani', minAge=12, maxAge=15}])
04 Apr 2025 00:46:18,556 INFO  ro.mpp2025.problema8_fx.Repository.RepoAgeGroup 19 <init> - Initializing AgeGroupDBRepository with properties: {jdbc.url=jdbc:sqlite:C:/Users/razva/Desktop/MPP2/mpp-proiect-java-Razvannnnn/Problema8/ConcursSportiv} 
04 Apr 2025 00:46:18,560 INFO  ro.mpp2025.problema8_fx.Repository.RepoEvent 18 <init> - Initializing EventDBRepository with properties: {jdbc.url=jdbc:sqlite:C:/Users/razva/Desktop/MPP2/mpp-proiect-java-Razvannnnn/Problema8/ConcursSportiv} 
04 Apr 2025 00:46:18,561 INFO  ro.mpp2025.problema8_fx.Repository.RepoChild 18 <init> - Initializing ChildDBRepository with properties: {jdbc.url=jdbc:sqlite:C:/Users/razva/Desktop/MPP2/mpp-proiect-java-Razvannnnn/Problema8/ConcursSportiv} 
04 Apr 2025 00:46:18,562 INFO  ro.mpp2025.problema8_fx.Repository.RepoEnrollment 24 <init> - Initializing RepoEnrollment with properties: {jdbc.url=jdbc:sqlite:C:/Users/razva/Desktop/MPP2/mpp-proiect-java-Razvannnnn/Problema8/ConcursSportiv}
04 Apr 2025 00:46:18,563 INFO  ro.mpp2025.problema8_fx.Repository.RepoUser 18 <init> - Initializing UserDBRepository with properties: {jdbc.url=jdbc:sqlite:C:/Users/razva/Desktop/MPP2/mpp-proiect-java-Razvannnnn/Problema8/ConcursSportiv} 
04 Apr 2025 00:46:22,898 INFO  ro.mpp2025.problema8_fx.Repository.RepoUser 111 login - Logging in User with username: admin1
04 Apr 2025 00:46:23,046 TRACE ro.mpp2025.problema8_fx.Repository.RepoUser 118 login - Exit with(User logged in successfully)
04 Apr 2025 00:46:23,092 TRACE ro.mpp2025.problema8_fx.Repository.RepoAgeGroup 49 findAll - Enter finding all AgeGroups
04 Apr 2025 00:46:23,096 TRACE ro.mpp2025.problema8_fx.Repository.RepoAgeGroup 67 findAll - Exit with([AgeGroup{name='6-8 ani', minAge=6, maxAge=8}, AgeGroup{name='9-11 ani', minAge=9, maxAge=11}, AgeGroup{name='12-15 ani', minAge=12, maxAge=15}])
04 Apr 2025 00:46:24,282 INFO  ro.mpp2025.problema8_fx.Repository.RepoEvent 115 findByAgeGroup - Finding Events by AgeGroup id: 2
04 Apr 2025 00:46:24,286 TRACE ro.mpp2025.problema8_fx.Repository.RepoEvent 133 findByAgeGroup - Exit with([Event{name='Sprint 100m', distance=100, ageGroupId=2}, Event{name='Garduri 100m', distance=100, ageGroupId=2}])
04 Apr 2025 00:46:25,057 INFO  ro.mpp2025.problema8_fx.Repository.RepoChild 139 findByEvent - Finding Children by Event id: 2
04 Apr 2025 00:46:25,058 TRACE ro.mpp2025.problema8_fx.Repository.RepoChild 157 findByEvent - Exit with([Child{name='Ana Popescu', CNP='1234567890123'}])
04 Apr 2025 00:46:30,291 INFO  ro.mpp2025.problema8_fx.Repository.RepoEvent 115 findByAgeGroup - Finding Events by AgeGroup id: 1
04 Apr 2025 00:46:30,291 TRACE ro.mpp2025.problema8_fx.Repository.RepoEvent 133 findByAgeGroup - Exit with([Event{name='Sprint 50m', distance=50, ageGroupId=1}])
04 Apr 2025 00:46:32,912 INFO  ro.mpp2025.problema8_fx.Repository.RepoChild 70 save - Saving Child: Child{name='dadada', CNP='3242342352'}
04 Apr 2025 00:46:32,923 TRACE ro.mpp2025.problema8_fx.Repository.RepoChild 81 save - Exit with(Child saved successfully)
04 Apr 2025 00:46:32,924 INFO  ro.mpp2025.problema8_fx.Repository.RepoChild 117 findOneCNP - Finding Child by CNP: 3242342352
04 Apr 2025 00:46:32,924 TRACE ro.mpp2025.problema8_fx.Repository.RepoChild 126 findOneCNP - Exit with(Child{name='dadada', CNP='3242342352'})
04 Apr 2025 00:46:32,925 INFO  ro.mpp2025.problema8_fx.Repository.RepoEnrollment 107 save - Saving Enrollment: Enrollment{child=Child{name='dadada', CNP='3242342352'}, event=Event{name='Sprint 50m', distance=50, ageGroupId=1}}
04 Apr 2025 00:46:36,457 INFO  ro.mpp2025.problema8_fx.Repository.RepoEvent 115 findByAgeGroup - Finding Events by AgeGroup id: 1
04 Apr 2025 00:46:36,459 TRACE ro.mpp2025.problema8_fx.Repository.RepoEvent 133 findByAgeGroup - Exit with([Event{name='Sprint 50m', distance=50, ageGroupId=1}])
04 Apr 2025 00:46:37,123 INFO  ro.mpp2025.problema8_fx.Repository.RepoChild 139 findByEvent - Finding Children by Event id: 1
04 Apr 2025 00:46:37,124 TRACE ro.mpp2025.problema8_fx.Repository.RepoChild 157 findByEvent - Exit with([Child{name='Mihaila Georgescu', CNP='1231230912123'}, Child{name='dadada', CNP='3242342352'}])
10 Apr 2025 20:44:04,632 INFO  ro.mpp2025.problema8_fx.Repository.RepoAgeGroup 19 <init> - Initializing AgeGroupDBRepository with properties: {jdbc.url=jdbc:sqlite:C:/Users/razva/Desktop/MPP2/mpp-proiect-java-Razvannnnn/Problema8/ConcursSportiv} 
10 Apr 2025 20:44:04,637 INFO  ro.mpp2025.problema8_fx.Repository.RepoEvent 18 <init> - Initializing EventDBRepository with properties: {jdbc.url=jdbc:sqlite:C:/Users/razva/Desktop/MPP2/mpp-proiect-java-Razvannnnn/Problema8/ConcursSportiv} 
10 Apr 2025 20:44:04,639 INFO  ro.mpp2025.problema8_fx.Repository.RepoChild 18 <init> - Initializing ChildDBRepository with properties: {jdbc.url=jdbc:sqlite:C:/Users/razva/Desktop/MPP2/mpp-proiect-java-Razvannnnn/Problema8/ConcursSportiv} 
10 Apr 2025 20:44:04,640 INFO  ro.mpp2025.problema8_fx.Repository.RepoEnrollment 24 <init> - Initializing RepoEnrollment with properties: {jdbc.url=jdbc:sqlite:C:/Users/razva/Desktop/MPP2/mpp-proiect-java-Razvannnnn/Problema8/ConcursSportiv}
10 Apr 2025 20:44:04,643 INFO  ro.mpp2025.problema8_fx.Repository.RepoUser 18 <init> - Initializing UserDBRepository with properties: {jdbc.url=jdbc:sqlite:C:/Users/razva/Desktop/MPP2/mpp-proiect-java-Razvannnnn/Problema8/ConcursSportiv} 
10 Apr 2025 20:44:08,724 INFO  ro.mpp2025.problema8_fx.Repository.RepoUser 111 login - Logging in User with username: admin1
10 Apr 2025 20:44:08,839 TRACE ro.mpp2025.problema8_fx.Repository.RepoUser 118 login - Exit with(User logged in successfully)
10 Apr 2025 20:44:08,880 TRACE ro.mpp2025.problema8_fx.Repository.RepoAgeGroup 49 findAll - Enter finding all AgeGroups
10 Apr 2025 20:44:08,884 TRACE ro.mpp2025.problema8_fx.Repository.RepoAgeGroup 67 findAll - Exit with([AgeGroup{name='Junior', minAge=5, maxAge=10}, AgeGroup{name='Middle', minAge=11, maxAge=17}, AgeGroup{name='Senior', minAge=17, maxAge=25}])
10 Apr 2025 20:44:11,025 INFO  ro.mpp2025.problema8_fx.Repository.RepoEvent 115 findByAgeGroup - Finding Events by AgeGroup id: 2
10 Apr 2025 20:44:11,033 ERROR ro.mpp2025.problema8_fx.Repository.RepoEvent 130 findByAgeGroup - org.sqlite.SQLiteException: [SQLITE_ERROR] SQL error or missing database (no such column: age_group_id)
10 Apr 2025 20:44:11,033 TRACE ro.mpp2025.problema8_fx.Repository.RepoEvent 133 findByAgeGroup - Exit with([])
10 Apr 2025 20:44:14,108 INFO  ro.mpp2025.problema8_fx.Repository.RepoEvent 115 findByAgeGroup - Finding Events by AgeGroup id: 1
10 Apr 2025 20:44:14,109 ERROR ro.mpp2025.problema8_fx.Repository.RepoEvent 130 findByAgeGroup - org.sqlite.SQLiteException: [SQLITE_ERROR] SQL error or missing database (no such column: age_group_id)
10 Apr 2025 20:44:14,109 TRACE ro.mpp2025.problema8_fx.Repository.RepoEvent 133 findByAgeGroup - Exit with([])
27 Apr 2025 19:15:22,456 INFO  ro.mpp2025.problema8_fx.Repository.RepoAgeGroup 19 <init> - Initializing AgeGroupDBRepository with properties: {jdbc.url=jdbc:sqlite:C:/Users/razva/Desktop/MPP2/mpp-proiect-java-Razvannnnn/Problema8/ConcursSportiv} 
27 Apr 2025 19:15:22,463 INFO  ro.mpp2025.problema8_fx.Repository.RepoEvent 18 <init> - Initializing EventDBRepository with properties: {jdbc.url=jdbc:sqlite:C:/Users/razva/Desktop/MPP2/mpp-proiect-java-Razvannnnn/Problema8/ConcursSportiv} 
27 Apr 2025 19:15:22,466 INFO  ro.mpp2025.problema8_fx.Repository.RepoChild 18 <init> - Initializing ChildDBRepository with properties: {jdbc.url=jdbc:sqlite:C:/Users/razva/Desktop/MPP2/mpp-proiect-java-Razvannnnn/Problema8/ConcursSportiv} 
27 Apr 2025 19:15:22,469 INFO  ro.mpp2025.problema8_fx.Repository.RepoEnrollment 24 <init> - Initializing RepoEnrollment with properties: {jdbc.url=jdbc:sqlite:C:/Users/razva/Desktop/MPP2/mpp-proiect-java-Razvannnnn/Problema8/ConcursSportiv}
27 Apr 2025 19:15:22,471 INFO  ro.mpp2025.problema8_fx.Repository.RepoUser 18 <init> - Initializing UserDBRepository with properties: {jdbc.url=jdbc:sqlite:C:/Users/razva/Desktop/MPP2/mpp-proiect-java-Razvannnnn/Problema8/ConcursSportiv} 
27 Apr 2025 19:15:24,029 INFO  ro.mpp2025.problema8_fx.Repository.RepoAgeGroup 19 <init> - Initializing AgeGroupDBRepository with properties: {jdbc.url=jdbc:sqlite:C:/Users/razva/Desktop/MPP2/mpp-proiect-java-Razvannnnn/Problema8/ConcursSportiv} 
27 Apr 2025 19:15:24,033 INFO  ro.mpp2025.problema8_fx.Repository.RepoEvent 18 <init> - Initializing EventDBRepository with properties: {jdbc.url=jdbc:sqlite:C:/Users/razva/Desktop/MPP2/mpp-proiect-java-Razvannnnn/Problema8/ConcursSportiv} 
27 Apr 2025 19:15:24,034 INFO  ro.mpp2025.problema8_fx.Repository.RepoChild 18 <init> - Initializing ChildDBRepository with properties: {jdbc.url=jdbc:sqlite:C:/Users/razva/Desktop/MPP2/mpp-proiect-java-Razvannnnn/Problema8/ConcursSportiv} 
27 Apr 2025 19:15:24,035 INFO  ro.mpp2025.problema8_fx.Repository.RepoEnrollment 24 <init> - Initializing RepoEnrollment with properties: {jdbc.url=jdbc:sqlite:C:/Users/razva/Desktop/MPP2/mpp-proiect-java-Razvannnnn/Problema8/ConcursSportiv}
27 Apr 2025 19:15:24,036 INFO  ro.mpp2025.problema8_fx.Repository.RepoUser 18 <init> - Initializing UserDBRepository with properties: {jdbc.url=jdbc:sqlite:C:/Users/razva/Desktop/MPP2/mpp-proiect-java-Razvannnnn/Problema8/ConcursSportiv} 
