1250 1577 1701 1719 1938 1750 1740 1553 1511 1496 
1362 1388 1823 2247 1971 1585 2092 1884 1725 1961 
1255 1476 1217 1191 1590 1208 1238 1558 1592 1544 
1664 1670 1747 1649 1393 1105 1225 1302 1470 1678 
1434 1365 1070 1113 1157 995 1094 1317 1381 1625 
1685 1539 1675 1435 1344 1363 1209 1417 1459 1638 
1651 1384 1499 1545 1427 1437 1202 1361 1940 1921 
1257 1311 1565 1454 1305 1509 1520 1897 2030 1773 
1633 1906 1805 1147 1640 2007 1554 1861 1756 1996 
1236 1292 1609 1629 1448 1687 1798 2032 1820 2035 
1932 1944 1840 2042 1916 1863 2072 1907 1405 1626 
1877 1937 1772 1582 1853 2058 2145 1536 1622 1599 
1971 1724 1856 2087 2093 2005 2013 1840 1600 1460 
1800 1837 1786 1629 2028 1932 1649 1889 1721 1343 
1751 1484 1635 2071 1936 1619 1461 1794 1604 1182 
1661 1435 1212 1815 2041 2017 1839 1840 1608 1535 
1315 1384 1495 1696 1904 2158 1632 1589 2012 1834 
1199 1664 1626 1523 1659 2402 2281 1935 1774 1630 
1540 1958 1812 1524 1940 2026 1646 1712 1741 1547 
1482 1625 1442 1438 1844 1861 1605 1438 1493 1146 
1686 1579 1323 1897 1596 1294 1502 1293 1217 1067 
1840 1721 1285 1489 1736 1596 1410 1203 774 624 
1347 1409 1392 922 1520 1625 1278 1255 1283 1413 
1471 1462 1501 1161 1554 1603 1536 1733 1331 1096 
1709 1705 1624 1203 1407 1657 1689 1647 1380 1326 
1873 1692 1529 1911 1742 1461 1786 1574 1741 1582 
1737 1772 1698 1795 1335 1658 1620 1349 1658 1458 
2179 2027 1872 1976 1916 1695 1945 1396 1370 1249 
1613 1528 1465 1504 1409 1596 1370 1156 1035 1190 
2234 1920 1815 1728 1926 1623 1325 1487 1280 1385 
1355 1319 1369 1444 1685 1842 1588 1565 1992 1647 
1893 2064 1790 1946 1955 1868 1715 1871 2154 2059 
1565 1825 1648 1550 1661 1857 2034 1897 2115 2410 
1662 1748 1962 1876 1397 2080 2458 1967 1995 2427 
1926 1959 1862 1752 1888 1797 1936 1780 1565 1847 
1620 1673 1676 1457 1654 1780 1738 1865 1855 1882 
1809 1705 2020 1671 1797 1601 1446 1958 1917 1614 
1422 1687 1753 1326 1563 1541 1510 1869 2132 2012 
1213 1688 1707 1664 1429 1420 1332 1539 1984 2001 
1383 1679 1231 1309 1327 888 972 1327 1767 1988 
983 1280 1089 1617 1687 1099 1236 1221 1397 1695 
1343 1500 1591 1830 1663 1391 1373 1367 1329 1685 
1838 1620 1720 1631 1609 1766 1566 1205 1161 1452 
1623 1462 1586 2049 2243 2147 1918 1823 1570 1546 
1894 2062 1777 1950 2064 2112 1614 1725 1729 1430 
1747 1875 1591 1630 1714 1976 1896 1792 2032 1987 
1961 1778 1847 1721 1604 1626 2080 2097 1895 1907 
1540 1630 1616 1575 1396 1665 2070 1806 1771 2115 
1917 2225 2090 1370 1333 1368 1782 1912 1607 1766 
1508 1712 1709 1497 1346 1454 1308 1435 1680 1816 
1524 1972 2023 1472 1386 1714 1856 1738 1494 1144 
1765 1593 1884 1883 1602 1354 1698 1342 996 1112 
1810 1588 1630 1950 2090 1693 1572 1622 1212 1068 
2291 1859 1874 2011 1983 1303 1452 1537 1284 852 
2147 1939 1806 1823 2113 2001 1623 1417 1135 845 
1962 1753 1974 2058 1911 1897 1690 1231 1266 1161 
1516 1249 1743 1857 1789 1905 1604 1450 1333 1156 
1516 1146 1617 1935 1608 1837 1522 1580 1715 1490 
1609 1729 1537 1646 1658 2106 1912 1707 1879 1585 
1175 1561 1376 1459 1816 1860 1628 1578 1695 2021 
1809 2157 1778 1607 1823 1539 1596 1342 1427 1530 
1431 1860 1694 1381 1779 1814 1772 1697 1528 1535 
1661 1558 1923 1727 1381 1389 1663 1318 718 1182 
1822 1707 1660 1633 1141 1387 1698 1431 952 985 
1609 1406 1548 1639 1245 1499 1784 1229 1034 1035 
2087 1720 1707 1962 1636 1398 1592 1535 1445 988 
2009 1971 1399 1554 1652 1430 1418 1309 1442 1464 
2119 2198 1753 1854 2208 1581 1558 2218 1971 1692 
1953 2105 1702 1428 2036 1875 1511 1672 1453 1583 
1962 2153 1981 1794 1854 1758 1440 1400 1665 1666 
1987 2139 2087 1508 1478 1759 1657 1385 1210 1507 
1616 1719 1884 1789 1265 1284 1719 1741 1341 1470 
1522 1716 1799 1898 1533 1306 1660 1933 1741 1606 
1181 1563 1671 1748 1707 1625 1669 1865 1976 1932 
1181 1295 1788 1691 1937 2073 1649 1812 2442 2086 
1294 1337 1437 1394 1663 2083 1655 1471 1720 1950 
1612 1651 1473 1219 1524 1713 1714 1912 1959 2098 
1363 1286 1176 1268 1491 1245 1405 1877 1664 1988 
1611 1917 1482 1307 1470 1053 1375 2021 1699 2001 
1150 1571 1613 1014 1198 1266 1184 1554 1720 1778 
1161 1520 1569 1061 961 1266 1411 1490 1724 1854 
1169 1428 1771 1523 1130 1502 1462 1154 1652 1651 
1725 1422 1664 1589 1099 1370 1650 1490 1571 1498 
1602 1223 1480 1792 1430 1413 1130 1200 1419 1613 
1738 1568 1729 1871 1449 1411 1646 1440 1645 1717 
1788 1714 1883 1986 1566 1468 1663 1619 1835 1795 
1637 1497 1918 1842 1252 1621 1941 1663 1603 1903 
1825 2129 1928 1949 1701 1578 1379 1868 2219 2181 
1266 1507 1784 1714 1491 1381 1785 1996 1889 2121 
1429 1376 1572 1574 1839 1362 1242 1882 1961 1896 
1457 1325 1845 1613 1367 1579 1544 1487 1223 1907 
1665 1347 1715 1764 1541 1515 1553 1534 1614 1619 
1570 1422 1895 1785 1497 1903 1583 1225 1571 1447 
2124 1853 2156 2357 2007 1902 1762 1474 1770 1459 
2207 2060 1682 1848 1814 1798 1475 1108 1677 1273 
1774 1770 1414 1672 2081 2037 1874 1444 977 1208 
2120 2163 1646 1652 1570 1473 1563 1262 1153 1261 
1645 1777 1463 1493 1234 1609 2134 1481 1122 1409 
1577 1580 1932 1937 1457 1444 1790 1745 1544 1484 
1951 2035 2036 1615 1581 1589 1503 1653 1882 1683 
1684 1615 2231 1979 1933 1880 1606 1797 1836 1586 
2350 2240 2422 1870 2281 2076 1564 1596 1648 1674 
1998 1781 1691 2168 1897 1759 1472 1213 1208 1001 
2276 2003 1796 1936 1694 1738 1773 1147 811 1040 
1778 1490 1190 1541 1493 1157 1613 1242 1055 1272 
1571 1531 1395 1451 1122 1165 1984 2052 1260 1299 
1553 1540 1076 1261 1427 1050 1358 1739 1208 1280 
1463 1371 1384 1719 1200 1156 1663 1816 1868 1842 
1946 1574 1259 1743 1812 1126 1346 1953 1841 1731 
1994 1680 1634 1617 1417 1334 1256 1688 1702 1403 
1788 1194 1377 1659 1591 1494 1458 1629 1594 1790 
1847 1581 1526 1735 1759 1638 1285 1403 1521 1619 
1419 1128 1275 1091 1362 1910 1863 1670 1667 1659 
1280 1140 1369 1922 2095 2089 1771 1665 2008 1714 
1438 1650 1569 1425 1653 1827 1851 1795 2293 1905 
1314 1345 1829 1744 2158 2097 1746 2090 1798 1689 
1791 1832 1933 1724 1522 2046 1786 1831 2067 2056 
1929 2110 1878 1737 1575 1895 2111 1764 1721 2236 
1923 2193 1789 1814 1818 1569 2043 2313 1982 2094 
1888 2143 2196 1663 1763 1479 1434 1665 1952 1919 
2040 1767 1812 1609 1602 1432 1528 1815 2090 1979 
1676 1424 1463 1670 1736 1384 1270 2033 2028 1839 
2113 1655 1666 1508 1549 1422 1349 1260 1798 1718 
1657 1450 1159 1424 1414 1236 1537 1839 1946 1891 
1983 1953 1367 1074 1263 1726 1394 1379 1780 2025 
1559 1700 1216 1395 1393 1690 1364 1398 2066 1725 
1521 1602 1214 1358 1511 1331 1589 1763 1863 1983 
1563 1296 1373 1362 1770 1579 1789 1976 1529 1507 
1883 1597 1491 1652 1936 1590 1425 1536 1254 1359 
1427 1479 1558 1305 1539 1758 1848 1613 1340 1448 
2220 2125 1993 1688 1625 1655 1326 1358 1679 1459 
1942 1755 1570 1323 862 1364 1656 1519 1652 1408 
2075 2076 1615 1849 1815 1427 1287 1381 1347 1437 
1623 1748 1349 1368 1371 1283 936 998 1639 1596 
2068 1948 1591 1656 1468 1478 1870 1607 1536 1580 
1378 1316 1030 1556 1656 1548 1717 1411 1525 1536 
1812 1939 1621 1638 1892 1486 1926 1776 1458 1790 
1307 1224 1596 1509 2028 1617 1356 1994 1811 1644 
1486 1395 1958 1689 1682 1839 1528 1824 1628 1409 
1681 1624 1749 1302 1427 1992 1504 1391 1316 1295 
1943 1897 1715 1801 1714 1954 1862 1401 1438 1418 
1911 1830 1232 1470 1559 1287 1519 1290 1183 1320 
1794 1725 1590 1564 1778 1481 1625 1747 1379 1326 
1896 1469 1670 1495 1102 1064 1414 1415 1491 1434 
1729 1369 1787 1779 1322 1577 1412 1487 1748 1747 
1133 912 1590 1477 1239 1493 1541 1497 1786 1806 
1495 1698 1548 1810 1578 1613 1506 1438 1667 1659 
1221 1514 950 1289 1801 1166 1313 1523 1423 1653 
1520 1681 1542 1569 1610 1356 1536 1579 1260 1374 
1505 1582 1418 1577 1301 1367 1573 1268 1259 1466 
1796 1788 1997 2054 1566 1399 1472 1636 1575 1737 
1964 1861 1820 1778 1641 1408 1664 1961 2066 1976 
1603 1590 1641 2112 1924 1611 1662 1481 1493 1825 
1811 1611 1866 2025 2129 1712 1668 1842 1729 1897 
1593 1243 1576 1907 1505 1700 1902 1607 1625 1855 
1734 1679 1565 2036 1757 1858 2149 2045 1740 1879 
1576 2019 1796 1339 1447 1844 1860 2122 2125 2308 
1847 2239 1753 1372 1797 1761 1664 2042 2483 2146 
1715 2045 1867 1093 1308 1597 1311 1812 2105 2352 
2019 1883 1851 1530 1295 1356 1256 1807 2154 1949 
1731 1823 1661 1447 1122 1654 1699 1359 1654 1904 
2008 1908 1794 1713 1585 1649 1566 1228 1654 1678 
1450 1371 1648 2152 1966 1610 1628 1498 1655 1454 
1907 1682 1959 2065 1908 1734 1812 1880 1857 1953 
1924 1516 1463 1624 1745 1864 1898 2021 1842 1970 
1898 1775 1131 1634 2010 1746 1917 2227 2217 2266 
1503 1692 1352 1322 1542 1496 1631 1862 2004 2540 
1802 1771 1187 1480 1728 1291 1609 2335 2012 1998 
1180 1344 1116 968 1514 1589 1385 1548 1469 1679 
1475 1472 1576 1475 1669 1511 1386 1494 1379 1489 
1046 1437 1424 1245 1478 1939 1454 1356 1452 1247 
1762 2166 1829 1233 1643 1838 1495 1282 1407 1132 
1664 1658 1878 1711 1809 1698 1530 1601 1585 1479 
1947 2065 1828 1911 1728 1682 1489 1518 1459 1553 
1938 2032 2188 1851 1328 1592 1944 1425 1642 1711 
1617 1554 1604 1898 1594 1401 1899 1659 1698 2065 
1642 2046 1889 1402 1159 1608 1402 1518 1522 1675 
1047 1055 1471 1537 1439 1311 1347 1739 1561 1483 
1194 1117 1662 1535 1450 1303 1188 1509 1299 1333 
1385 1021 1464 1772 1449 1248 1431 1608 1390 1576 
1247 922 875 1475 1521 1200 1481 1522 1341 1278 
1339 1470 1329 1577 1838 2002 2168 1736 1800 1862 
1831 2142 1581 1096 1336 1685 1581 1236 1719 1664 
1599 1595 1373 1338 1664 1938 1876 2056 2108 1902 
1304 1550 1584 1500 1758 1975 1740 1570 1433 1459 
1641 1742 2073 1940 1806 1636 1987 2140 1889 1871 
1246 1181 1383 1848 1804 1705 2241 2330 1789 2121 
1446 1330 1975 2133 2122 2166 2175 2473 2339 2163 
1697 1430 1713 2126 1852 2067 2025 1986 2414 2359 
1521 1483 1788 1848 2004 2177 1961 1937 2061 2019 
1833 1918 1916 1376 1527 1890 1986 1837 1700 1936 
1671 1807 1384 1483 1748 1432 1619 1773 1637 1570 
1985 2139 1708 1361 1756 1477 1678 1811 1394 1423 
1659 1341 1722 1758 1186 1347 1603 1666 1614 1396 
2142 1939 1725 1852 1514 1886 1732 1453 1535 1529 
1647 1622 1720 1855 1456 1738 2292 1516 1537 1590 
1798 1789 1578 1871 2039 1454 1963 1983 1842 1962 
1438 1606 1831 1704 1694 1733 2013 2271 1901 1951 
1383 1580 1800 1997 1664 1362 1588 2039 1903 1893 
1306 1637 1815 1775 1715 1538 1516 1680 1564 1723 
1735 1809 1778 2155 1703 1271 1072 1649 1674 1777 
1620 1822 1642 2179 1902 1418 1625 1645 1832 1934 
1313 1474 1586 1778 1910 1417 1712 1944 1778 1894 
1759 1773 1943 1826 2168 2296 1699 1559 1696 1685 
1682 1690 1816 1535 1643 1705 1692 1593 1580 1727 
1398 1421 1953 1471 1729 2067 1485 1669 1824 1398 
1783 1929 1955 1560 1330 1633 1703 1487 1419 1466 
1084 1391 1644 1727 1762 1426 1258 1426 1692 1526 
1995 1950 2154 1809 1449 1301 1639 1318 1568 1763 
1603 1389 1338 1648 1477 1607 1505 1174 1403 1581 
2133 1765 1465 1677 1584 1731 1218 1046 1511 1254 
1871 1984 1389 1461 1674 1894 1651 1385 1503 1522 
1542 1665 1532 1504 1574 1384 1683 1973 1342 1315 
1754 1840 1938 1540 1966 1810 1907 1948 1352 1174 
1574 1518 1630 1819 1956 1467 1661 1943 1452 1422 
1885 1929 1688 1424 1888 1856 1109 1500 1636 1246 
1195 1192 1451 1630 1932 1568 1313 1375 1466 1460 
1995 2137 1638 1472 1588 1220 755 1198 1557 1579 
1893 1780 1404 1652 1488 1502 1408 1448 1583 1815 
2133 1999 1424 1769 1798 1447 1421 1393 1498 1523 
1889 2037 1942 1707 1772 2193 1691 1289 1424 1729 
2170 2053 2144 1851 1558 1714 1799 1656 1625 1655 
1673 1534 1929 1491 1454 2012 2129 1892 1738 1561 
1600 1378 1819 2038 1648 1871 1912 1679 1582 1462 
1425 1323 1439 1704 1592 1376 1679 1676 1312 1520 
1465 1115 1410 1759 1680 1684 2029 2224 1541 1439 
1549 1336 1269 1369 1614 1521 1450 1805 1896 1754 
1486 1637 1437 1527 1610 1693 1883 2029 2290 1665 
1509 1930 1512 1376 1738 1799 1546 1597 1928 1995 
1851 1825 1720 1385 1258 1824 1795 1707 1788 1741 
2288 1937 1720 1947 1900 1911 1805 1689 1812 1756 
2007 1753 1705 1733 1425 1847 1757 1558 1530 1284 
2518 2122 2146 1942 1754 1882 1827 1371 1619 1634 
1816 1321 1619 1902 1769 1664 2141 1742 1178 1241 
1849 1829 1744 1830 2019 1617 1852 1851 1637 1612 
1491 1285 1645 1870 1785 1639 2182 2276 1730 1726 
2069 2060 1333 1596 2054 1779 1902 1948 2249 1964 
1607 1497 1410 1747 1880 1736 2082 2317 2338 2195 
1899 1988 1464 1527 2100 1918 1738 2004 1798 1939 
1628 1808 1851 1554 1923 1974 1864 2063 1795 1932 
2077 1906 1876 1532 1747 1996 1675 1972 1689 1819 
1578 1458 1759 1618 1420 1936 1826 1913 2139 1648 
2070 1909 2042 2052 1539 1678 1917 1651 1846 1735 
1976 1902 1810 1705 1523 1373 1524 1691 2084 1807 
1965 1926 2040 1720 1576 1717 1690 1465 1591 1806 
1795 1729 2021 1791 1494 1368 1624 1457 1265 1521 
2121 2293 1951 1465 1953 1836 1518 1259 1358 1335 
1607 1389 1807 1592 1357 1483 1478 1379 709 1101 
2373 2127 1820 1790 1491 1737 1471 1480 1402 1125 
1915 1838 1653 1973 1295 1306 1881 1389 1048 1081 
2329 2351 1708 1642 1394 1159 1519 1333 1591 1514 
1816 1965 1774 1530 1626 1055 1492 1686 1336 1307 
2225 2119 2041 1174 1281 1528 1184 1376 1532 1508 
1309 1202 1614 1455 1299 1727 1762 1775 1760 1897 
1565 1730 1720 1515 1419 1522 1306 1538 1511 1548 
1108 1437 1433 1476 1322 1715 1953 1846 2303 2199 
1395 1234 1429 2039 1726 1417 1770 2047 1972 1994 
1497 1558 1432 1526 1601 1701 1622 1688 2011 2117 
1011 902 1619 2046 1312 1351 1868 1848 1779 1933 
1232 1284 1173 1400 1424 1417 1417 1438 1626 1729 
1377 1242 1333 1487 1168 1179 1741 1434 885 1108 
1404 1211 1120 1514 1792 1317 1337 1371 1428 1449 
1465 1543 1433 1499 1548 1413 1580 1651 1540 1421 
1659 1658 1683 1424 1949 2023 1630 1778 1970 2026 
1544 1576 1762 1411 1476 1945 1920 2063 2650 2341 
1606 1818 1813 1470 1333 1794 1971 1593 1788 2038 
1427 1535 1696 1710 1610 1579 1947 2174 2125 2266 
1781 1784 1763 1940 1840 1465 1728 2225 2088 2095 
1599 1546 1773 1953 2078 1989 1972 2227 2381 2257 
1868 2102 1547 1780 1993 1784 1809 2244 2297 2213 
1581 2016 1552 1557 1912 2264 2115 1752 2071 2161 
1783 1845 1784 1964 1636 1575 1990 1584 1808 2055 
1700 1727 1894 1660 1605 1718 1835 1498 1439 1646 
1808 1586 1781 2028 1589 1594 1608 1462 2039 2001 
1585 1621 1416 1703 1893 1727 1559 1600 1611 1563 
1506 1355 1518 1800 1824 1801 1887 1817 1660 1987 
1038 1003 1187 1677 2108 1754 1573 1856 1642 1541 
1522 1718 1393 1109 1768 1769 1897 2378 2119 2202 
1738 1453 1581 1383 1649 1830 1736 2070 2012 1729 
2109 1831 1534 1649 1670 1648 1766 2018 1955 2045 
1829 1851 1725 1796 1263 1261 1511 1430 1301 1541 
1470 1424 1406 1709 1753 1435 1584 2002 1959 1972 
1331 1408 1586 1620 1837 1760 1607 1788 1868 1789 
1071 1288 1295 1476 1666 2075 2192 1882 2166 2083 
1227 1477 1559 2121 1966 1923 2100 2054 2282 2268 
1559 1808 2048 1997 2056 2018 2167 1849 1757 1778 
1568 1546 2119 2270 1993 1761 1620 1602 1601 1453 
2051 2043 2337 2163 2113 2304 2051 1829 1568 1797 
1709 1939 1999 2166 2219 1920 1755 1705 1660 1387 
1814 1961 2108 1890 1777 1973 1988 1660 1811 1715 
1874 1730 1562 1897 1948 1953 1770 1390 1506 1623 
1460 1391 1504 1538 1460 1735 1727 1592 1395 1336 
1467 1320 1870 1753 1407 1697 1583 1300 1080 1157 
1447 1626 1632 1639 1306 1294 1463 1834 1392 1388 
1284 1748 1771 1483 1693 1722 974 1471 1660 1209 
1870 2200 1817 1673 1555 1617 1450 1376 1924 1709 
1443 1522 1208 1649 1699 1268 1408 1734 1753 1906 
2085 1589 2039 1967 1677 1619 1944 1512 1418 1825 
1658 1175 1772 1995 1513 1621 2048 1944 1505 1859 
1676 1544 1597 1843 1881 2093 1936 1467 1552 1572 
1370 1498 1666 2166 1782 1882 2218 1978 1526 1389 
1737 1766 1401 1894 2131 1759 1759 1522 1515 1013 
1666 1827 1511 1972 2114 1964 2131 1570 1284 1185 
2123 2334 1757 1731 1985 1826 1698 1594 1551 1462 
1436 1726 1754 1742 2107 1804 1666 1751 1396 1061 
1842 1576 1719 1916 1533 1409 1678 1423 1174 1429 
1249 1212 1177 1197 1677 1681 1739 1714 1377 1573 
1551 1430 1592 1295 1361 1449 1520 1572 1319 1099 
1134 1522 1082 924 1693 1813 1137 1665 1804 1599 
1512 1868 1397 1099 1313 1535 998 1698 1917 1479 
1261 1626 1104 1127 1876 1513 1090 1873 2191 1888 
1402 1269 1450 1148 1613 1649 1266 1429 1851 1828 
1672 1455 1238 1196 1314 1488 1235 1545 1999 2260 
1481 1205 1478 1516 1237 1677 1721 1571 2055 2019 
1528 1583 1618 1400 1347 1835 1996 1597 1718 2199 
1751 1823 1840 1417 1470 1753 1798 1532 1754 1878 
1525 1462 1588 1545 1596 1652 1945 2106 1951 2030 
1960 1889 1722 1243 1588 1628 1546 1685 1682 1623 
1240 1047 1143 1524 1707 1512 1349 1895 2066 1849 
1680 1474 1524 1348 1267 1657 1512 1432 1480 1345 
1659 1451 1680 1389 1087 1668 1705 1485 1711 2057 
1456 1366 1456 1380 995 1287 1908 1432 1257 1312 
1640 1833 1676 1245 1283 1339 1478 1523 1649 1649 
1722 1768 1726 1750 1791 1689 1592 1794 1666 1828 
1327 1716 1394 1214 1502 1373 1138 1775 2062 1692 
1783 1847 1781 1570 1921 1568 1725 2138 2004 1878 
1549 1327 1513 1446 1375 1369 1587 1725 1726 1953 
1673 1642 1399 1522 1592 1208 1797 2214 1971 2190 
1756 1758 1826 1187 1462 1709 1645 1736 1820 1939 
1520 1465 1334 1415 1591 1716 1365 1573 1930 1699 
1834 2089 2033 1474 1792 2063 1717 1744 1901 1753 
1493 1652 1461 1642 1974 2052 1846 1603 1469 1248 
1439 1976 1842 1521 1736 2036 1931 1517 1287 1218 
1277 1319 1547 1374 1844 1980 1984 1484 1332 958 
1447 1737 1917 1804 1738 2103 1843 1520 1545 1369 
1437 1552 1838 1949 1499 2024 1818 1638 1587 1230 
1614 1979 1525 2100 2041 2061 2257 1773 1365 1402 
2006 2010 2155 2113 2343 2217 2359 1854 1395 1530 
1902 1777 1910 1884 1984 2114 1755 2068 1977 1825 
1916 1932 2101 1790 1735 1916 2019 2044 1896 1514 
1797 1749 1789 1574 1675 1955 1722 1731 2151 2052 
2335 1986 1580 1819 1731 1500 1801 1787 1501 1727 
1776 1595 1346 1525 1672 1462 1699 1760 1452 1887 
2113 2329 1870 1689 1503 1293 1581 1725 1997 1803 
1453 1515 1701 1339 1195 1455 1738 1637 1509 1553 
1507 1255 1679 1711 1343 1582 1332 1433 1396 1537 
1182 1396 1354 1554 1265 1191 1469 1593 1454 1519 
1357 1329 1683 1924 1612 1177 1645 1719 927 1258 
1635 1359 1416 1811 1511 1031 1548 1598 1367 1363 
1547 1503 1464 2325 2009 1643 1745 1599 1596 1491 
1912 2082 1925 2149 2155 1863 1575 1451 1690 1517 
2099 2090 1873 1654 1921 2140 1926 1741 2107 1928 
2077 1881 2067 1809 1972 2259 1673 1698 1677 1762 
1768 1369 2095 1595 1362 1746 1444 1580 1949 1484 
2166 2041 1762 1685 1682 1876 1819 1535 1503 1822 
2082 1709 1644 1843 1711 1342 1338 1594 1474 1476 
2046 1982 1248 1470 1772 1550 1748 1640 1852 2012 
1964 1942 1887 1882 1647 1690 1937 1838 1792 1706 
2329 1890 1756 1973 1684 1699 1695 1451 1797 1666 
1901 1582 1778 2064 1864 1879 1967 1537 1402 1482 
2558 2359 1891 1880 1859 2052 1918 1615 1367 1470 
1772 1768 1814 1927 1907 2149 2337 2089 1847 1712 
2273 2552 2284 2002 2008 1950 2038 2146 2084 1994 
1808 2177 2196 2174 1930 1663 2036 2183 2665 2461 
2128 2278 2113 2139 2270 2005 1953 2193 2488 2569 
1829 1848 2056 2088 1966 2001 2048 1691 1811 2365 
2010 1808 1813 1896 1879 1725 1831 2176 2153 2525 
1571 1347 1575 1654 1775 1979 1905 2041 1993 1943 
1264 1003 1522 2028 1722 1534 1624 1622 1668 1711 
1332 1409 1352 1657 1774 1774 1666 1542 1743 1601 
1039 1326 1112 1520 1851 2067 1929 1437 1423 1361 
1391 1649 1573 1816 1983 1983 1663 1250 1144 987 
1564 1751 1834 1643 2118 1731 1602 1860 1461 1421 
1250 1371 2010 1546 2058 2239 1816 1941 1443 1216 
1295 1419 1856 1873 1869 1992 1832 1795 1649 1525 
1747 1744 1579 1796 1660 1664 2005 1688 1690 1775 
1238 1064 865 1768 1737 1482 1801 1770 1944 1790 
2126 1888 1554 1846 1626 1213 1503 1913 1842 1872 
1651 1689 1369 1378 1657 1683 1371 1839 2166 2124 
2012 2181 1913 1784 1649 1437 1803 1745 1798 2338 
1383 1759 1629 1450 1776 1665 1488 1871 1873 1870 
1419 1747 1854 1725 1590 1619 1556 1661 1822 1958 
1357 1652 1716 1400 1872 1856 1598 1876 1819 1806 
1588 1404 1914 1610 1579 2027 1572 1547 1725 1566 
1745 1755 1689 2221 1875 1970 2245 1905 1884 2111 
1538 1785 1791 2088 1668 1632 2199 1656 1905 2044 
2237 2165 1889 2007 1932 1583 1837 2006 2160 1951 
2093 1792 1581 1625 1793 1523 1281 1821 2419 2392 
2408 2182 1756 1305 1768 1779 1431 1985 2299 2177 
2054 1717 1761 1615 1316 1721 1646 1762 1841 2216 
1888 1443 1788 1584 1148 1749 2125 2002 2201 2464 
2108 1833 1989 1822 1414 1909 2280 1970 2080 1957 
1857 1841 1972 2003 1669 1845 2297 1693 1744 1850 
1622 1535 2003 2028 1919 1700 1855 1847 1748 1680 
2016 2113 2080 2103 2214 2105 1536 1421 1357 1120 
1404 1129 1810 2213 1551 1502 1541 1223 1116 1187 
2221 1954 1770 2287 1903 1595 1573 1253 852 909 
1412 1370 1703 2046 1790 1628 1753 1431 1226 1209 
2141 2106 1771 2050 2084 1401 1650 1556 1120 1388 
1833 2047 1548 1683 1858 1239 1256 2097 1797 1612 
1735 1940 1553 1591 1989 1560 1878 2140 1855 2049 
1685 1896 1688 1639 1689 1428 1453 1579 1516 1704 
1544 1717 1668 1452 1602 1865 1809 1683 1834 1779 
1826 1921 2119 1690 1660 1723 1795 1555 1437 1380 
1773 2102 1795 1706 1808 1725 1871 1860 1592 1309 
1639 1873 1980 1876 1852 1772 1875 1714 1553 1546 
2193 2193 1938 2235 2022 1641 1553 2041 1827 1640 
1904 2144 1926 1794 1894 1813 1581 1644 1768 1810 
1861 1972 2137 1787 1470 1382 1489 1493 1323 1501 
1351 1381 1945 1989 1892 1661 1536 1543 1156 1303 
1712 1496 1731 1709 1566 1330 1254 1380 1364 1265 
1467 1108 1572 1577 1641 1572 1568 1674 1620 1348 
1330 1180 1262 1292 1178 1315 1316 1457 1495 1317 
1371 1655 1163 1043 1422 1619 1809 1162 1144 1301 
1682 1354 1349 1386 1177 1043 1226 930 730 987 
1741 1777 1194 1277 1588 1127 1025 1166 905 836 
1755 2169 1892 1400 1367 1118 1433 1402 601 605 
1593 1907 1629 1640 1973 1774 1421 1472 934 751 
2175 2527 2122 1757 2093 1547 1340 1467 1124 1077 
1818 1824 2113 2439 2359 2046 1487 1518 1755 1060 
2228 2386 2216 2318 2063 1870 1528 1591 1681 1484 
1865 2006 2232 2369 2527 2240 1940 1717 1706 1679 
2093 2109 2446 2396 2133 2096 1664 1641 1462 1594 
2102 2202 2099 2140 2092 1866 1518 1528 1761 1631 
1772 1816 2139 1870 1981 1924 1819 1525 1739 1866 
1902 1600 1966 1779 1177 1713 1773 1423 1700 1927 
1641 1607 1741 1841 1453 1575 2069 1685 1580 1758 
1630 1392 1654 1834 1418 1374 1709 1605 1491 1839 
1273 1072 1393 1518 1726 1638 1370 1829 1551 1413 
1370 1231 1328 1827 1898 1697 1420 1542 1686 1386 
1138 1673 1092 1306 1653 1460 1360 1514 1584 1348 
742 1149 1305 1583 1807 1665 1979 1870 1838 2091 
1043 1523 1431 1877 1876 1444 1807 1845 1736 1969 
1328 1473 1682 1355 1376 1752 2046 1508 1797 2161 
1437 1484 1337 1489 1811 1565 1977 1846 1474 1863 
1753 1791 1755 1989 1596 1445 1706 1747 1558 1730 
1472 1595 1226 1576 1577 1227 1819 2053 1329 1270 
2038 2030 1814 1852 1942 1437 1525 1935 1383 1246 
1976 1677 1398 1655 1679 1487 1695 1795 1531 1529 
2392 2306 1943 1489 1756 1790 1648 1654 1261 1200 
2106 1731 1985 1712 967 1722 1888 1383 1496 1511 
2318 2353 2136 1689 1442 1963 1745 1402 1439 1416 
1682 1650 2243 1834 1307 1731 1692 1553 1665 1557 
2089 2015 1742 1616 1654 1395 1264 1312 1477 906 
2057 1991 1659 1656 1568 1578 1867 1188 1058 1043 
1988 1801 1245 1621 1563 1195 1292 940 908 1120 
1672 1761 1396 1405 1410 1535 1802 1746 1552 1428 
1599 1482 1315 1235 1495 1547 1628 1685 1502 1587 
1401 1134 1204 953 1284 1558 1604 2039 1983 1909 
1226 1026 1159 1341 1318 1465 1477 2112 2167 2015 
1267 1391 1241 1006 1212 1576 1416 1771 2038 1820 
1576 1358 1509 1536 1429 1692 1761 1518 1847 1637 
1816 1627 1403 1504 1704 1631 1597 1297 1599 1539 
1970 2106 1828 1905 2025 2032 2116 1516 1197 1185 
1720 1894 1743 2169 2148 1524 1911 1461 1181 1167 
1690 1727 1914 2060 2179 1822 1795 1810 1274 1331 
1335 1313 1685 1805 1579 1843 1832 1683 1151 1060 
1139 1258 1511 1759 1797 1746 1649 1134 1502 1480 
1206 1861 1586 1027 1583 1961 1403 1467 1786 1659 
1264 1747 1787 1607 1592 1860 1835 1600 1805 1662 
1648 1739 1812 1945 1547 1685 1664 1688 2101 2103 
1256 1493 1757 2006 1836 1754 2138 1830 1212 1689 
1881 1851 2140 2294 1673 1442 1794 1603 1563 1707 
1184 1026 1426 1936 1945 2035 1838 1679 1409 1404 
1814 1869 1987 1928 1963 1755 1215 1320 1631 1285 
1357 1495 1663 1637 1932 2045 1711 1660 2146 1757 
1802 1966 1975 1436 1775 2262 1721 1731 1697 1939 
1746 1582 1572 1754 1604 1479 1466 1635 1829 2104 
1481 1307 1471 1567 1489 1584 2022 1987 2018 2392 
1738 1388 1577 1538 1368 1304 1349 1647 2020 1916 
1464 1719 1063 1218 1677 1601 1553 1888 2111 2277 
1480 1787 1445 1459 1824 1416 1254 1780 2030 2062 
1519 1690 1503 1610 1833 1553 1530 2017 1766 1637 
1505 1799 1689 1777 1614 1418 1685 1560 1484 2030 
1373 1704 1693 1569 1715 1924 1983 1660 1856 1789 
1133 1385 1469 1715 2009 1984 1712 1491 1687 1843 
1326 1441 1857 1841 1990 2001 1919 1893 2157 1878 
1031 978 1142 1991 2083 1688 1598 1821 1939 1727 
1135 1405 1155 1517 2383 2117 1599 1573 1533 1398 
1231 1101 1324 1547 1880 1821 1654 1378 1279 1327 
1518 1531 1483 1452 1684 1820 1543 1325 981 974 
1534 1517 1985 1256 1303 1798 1408 1338 1064 1041 
1894 1648 2132 1861 1398 1993 1616 1189 1131 918 
1435 1480 1630 1793 1620 1804 1658 1368 1731 1626 
1754 1508 1949 1998 1520 1894 2208 1672 1601 1630 
1410 1312 1132 1568 1911 1926 1984 2243 2166 2074 
1349 1383 1540 1474 2018 2148 1907 2034 2187 2270 
1706 1756 1504 1647 1986 1837 1638 1857 1713 1895 
1642 1942 1701 1361 1552 1918 1629 1975 2097 1807 
1703 1851 1727 1524 1536 1853 1798 1561 1738 2205 
2064 2432 1932 1518 1389 1529 1644 2105 2039 1661 
1393 1489 1503 1596 1628 1483 1474 1532 1865 2002 
1617 1462 1809 1838 1433 1546 1749 1656 1787 2013 
1640 1452 1522 1874 1671 1614 1922 1848 1400 1405 
1614 1168 1653 1742 1439 1935 1738 1377 1375 1755 
1938 1485 1464 1519 1311 1652 2174 1845 1344 1399 
1547 1244 1491 1553 1542 1535 1960 1648 1349 1335 
2086 1512 1688 1524 1110 1342 1794 1833 1595 1577 
1423 1178 1341 1871 1556 1708 1878 1658 1534 1297 
1869 1862 1627 2074 1743 1367 1646 1789 1794 1536 
1363 1308 1565 2001 2119 2088 2033 1731 1670 1409 
1828 1798 1838 2023 2243 1946 2174 1681 1482 1571 
2013 1880 2025 1755 1566 1789 1959 1872 1323 1386 
1795 1672 1518 1508 1646 2029 1737 1574 1578 1382 
1710 1915 1777 1542 1569 1442 1753 1664 1420 1678 
1287 1065 1433 1551 1448 1366 1163 1821 1861 1409 
1619 1465 1422 1233 1316 1459 1419 1502 1486 1511 
1474 1072 1580 1677 1484 1616 1193 1506 1804 1667 
1759 1643 1415 1652 1479 1632 1540 1588 1794 1842 
1625 1798 1426 1697 1759 1372 1771 1822 2001 2171 
1665 1626 1458 1531 1596 1314 1703 1756 2020 2243 
1716 1455 1530 1762 1780 1240 1933 2099 2346 2425 
1394 1371 1505 1172 1610 1709 1572 1625 2005 2213 
1550 1649 1609 1450 1482 1552 1789 2029 1786 2245 
1292 1560 1269 1315 1431 1578 1493 1833 1792 2019 
1709 2001 1512 1229 1465 1170 1500 1650 1476 1606 
1336 1581 1612 1302 1573 1185 1124 1502 1238 1312 
2039 1990 1988 1672 1487 1475 1348 1403 1348 1338 
1552 1400 1638 1915 1811 1467 1458 1635 1475 1128 
1697 1323 1947 2239 1583 1718 1622 1733 1344 1075 
1984 1713 1482 1623 1706 1703 1528 1442 1822 1607 
1864 1399 1396 1389 1485 1850 1773 1739 1699 1601 
1711 1591 1315 1329 1189 1627 1832 1619 1382 1568 
1576 1454 1641 1613 1332 1079 1710 1713 1735 1899 
1503 1325 1451 1521 1441 1540 1691 2054 1961 1980 
1823 1682 1450 1759 1722 1333 1605 1660 1804 1629 
1681 1991 1486 1509 2293 1713 1508 1920 1851 1815 
1533 1819 1988 1679 1249 1596 1774 1668 1706 1888 
1841 2015 1541 1576 1705 1617 1799 1870 1969 1924 
1277 1070 1566 1337 1280 2016 1848 1584 2002 1939 
1897 1488 1544 1833 1477 1509 1489 1693 2075 1790 
1161 1165 1223 1219 1054 1439 1546 1252 1269 1372 
1684 1658 1578 1664 1484 1526 1918 1601 1118 1454 
1603 1539 1646 1834 1560 1381 1761 1329 852 1041 
1889 1450 1787 1798 1666 1344 1695 1556 1023 713 
2122 1515 1711 2216 2060 1902 1625 1103 996 1022 
1965 1441 1590 1831 1777 1714 1347 1418 1045 426 
1975 1746 1686 1585 1782 2132 1269 975 1363 908 
1711 2020 1752 1655 1713 1945 1610 1152 1136 793 
1641 1906 1884 1569 1942 1893 1559 1424 1125 952 
1883 1891 2183 1925 2153 2071 1563 1108 1307 1253 
1797 1776 2168 1837 1688 1849 2130 1522 1161 1229 
1801 1727 2118 1772 1679 2013 1925 1333 1287 1214 
1593 1597 1752 1694 1519 1666 1763 1356 1189 1106 
1358 1494 1600 1455 1386 1551 1752 1469 1286 1343 
1597 1487 1632 1728 1662 1563 1658 1690 1325 1340 
1580 1452 1534 1479 1124 1674 1619 1467 1785 1608 
1443 1445 1474 1695 1536 1383 1856 1657 1402 1384 
1650 1395 1732 1527 1668 1359 1223 1617 1603 1422 
1361 1131 1396 1519 1835 1765 1813 1621 1114 1352 
1881 1755 1847 2019 1844 1592 1652 1863 1414 1137 
1730 1776 1522 1603 1801 2041 2070 1762 1776 1764 
1911 1967 1857 1631 1595 1772 1853 1944 1934 1812 
1942 1754 1862 1929 1448 1799 1639 1737 2226 2047 
1748 1957 1583 1290 1558 1297 1522 1610 1931 1964 
1870 1959 2002 1459 1533 1476 1582 1700 1995 1932 
1369 1398 1571 1563 1386 1476 1552 1412 1659 2064 
1614 1739 2122 1718 1539 1493 1504 1581 1715 1651 
1385 802 1447 1917 1231 1359 1940 1507 1520 1692 
2088 1585 1531 2229 1825 1682 1979 1461 768 1397 
1741 1693 1435 2070 1748 1296 1825 1801 1011 1079 
1812 1779 1621 2160 1995 1572 1937 1746 1132 866 
2268 2194 1628 1641 2113 1729 1383 1899 1595 1186 
1736 1601 1700 1554 2159 2008 1739 2135 1848 1422 
2005 1913 2080 1384 1949 2008 1483 1661 1707 1570 
1642 1699 1824 1798 1938 1971 1709 1939 1989 1929 
1413 1777 1694 1659 1781 1613 1597 1770 1790 1603 
1240 1633 1835 1850 1840 1862 1749 1705 1620 1552 
1328 1867 1775 1768 1747 1917 1650 1848 1720 1778 
1333 1601 1744 1689 1648 1982 1552 1382 1834 1602 
1715 1898 1719 1876 1945 1899 1584 1435 1888 1480 
1699 1909 1680 1452 1652 1854 1853 1050 1250 1299 
2021 1996 1924 1950 1770 1586 1538 1285 761 942 
2120 1995 2148 1954 1670 1392 1716 1495 761 763 
2111 2017 1654 1786 1920 1197 1558 1651 931 931 
1941 1835 1787 1910 2178 1878 1463 1767 1191 1014 
1981 1958 1568 1341 1836 1659 1124 1686 1697 1236 
1483 1606 1604 1387 1391 1891 1597 1406 2040 1712 
1540 1643 1454 1140 1308 1835 2063 1943 2189 2040 
1468 1672 1586 1470 1645 2002 2029 1707 1820 1785 
1735 1528 1866 1463 1368 1717 1804 1576 1731 2012 
1746 1363 1723 1684 1747 1587 1647 1936 1529 1404 
1895 1747 1466 1595 1930 1316 1536 1505 1041 1072 
2130 1899 1570 1849 1937 1339 1508 1745 1016 941 
2006 2007 1355 1707 2051 1935 1641 1490 1207 1194 
1496 1707 1913 2187 1748 1761 1715 1614 1577 1284 
1991 2068 2036 1719 1536 1877 1800 1626 1692 1366 
1579 1536 1889 1973 1787 1718 1672 1557 1424 1393 
2051 2000 1974 2034 1840 1417 1398 1588 1462 1569 
1846 1942 1810 1564 1701 1645 1430 1427 1465 1800 
2066 1506 2111 2002 1385 1699 1816 1739 1984 1969 
1865 1355 1948 2453 1561 1457 1829 1546 2176 2298 
1825 1619 1750 2066 1471 1146 1840 1748 2107 2435 
1703 1645 1654 2012 2035 1346 1353 1866 1858 2000 
1578 1825 1914 1617 1732 1402 1112 1572 1691 2102 
1607 1697 1844 1867 1541 1348 1521 1689 1553 1749 
1617 1880 1606 1741 1789 1808 1301 1207 1198 1566 
1748 1828 1931 1984 1397 1484 1571 1525 1629 1737 
1672 1641 1554 1668 1466 1634 1727 1298 1635 1561 
1522 1839 1697 1760 1573 1467 1667 1660 1216 1505 
1656 1983 1886 1678 1550 1606 1450 1487 1721 1706 
1731 1981 1672 1670 1885 1752 1819 1576 1300 1261 
1696 2190 1904 1702 2073 1648 1154 1394 1510 1343 
1711 2418 2310 1650 1957 2073 2134 1729 1476 1236 
1724 2022 2238 2305 2182 2034 1784 1665 1244 1232 
1630 1493 1942 1863 1773 2106 1872 1549 1375 1091 
1893 1291 1928 2408 2133 2007 2206 2004 1524 1458 
2059 1727 1707 1717 1780 1940 1868 1866 1653 1449 
1794 1806 1734 1664 1751 1591 2059 2090 1772 1707 
2038 2068 1847 1518 1506 1582 1922 1757 1451 1642 
2007 1944 1609 1895 1532 1361 1609 1535 1547 1604 
1847 1720 1907 1381 1343 1299 1314 1358 1788 1608 
1658 1535 2076 1680 1494 1552 1136 1436 1947 1624 
1467 1725 1753 1718 1283 1510 1428 1391 1890 1822 
1395 1437 1582 1732 1875 1462 1419 1644 1702 2031 
1160 1242 1392 1503 1536 1461 1792 1750 1692 2006 
1307 1641 1838 1661 1602 1744 1983 1939 1503 1620 
1606 1829 1866 1717 1684 2061 1809 1691 1617 1695 
1986 1982 1972 2180 1962 1900 2217 1990 1759 1635 
2043 1784 1616 1938 2164 1868 1781 1859 1369 1114 
2071 1911 1702 1974 1845 2195 1805 1873 1936 1826 
1809 1842 1597 1616 1763 1852 1959 1769 1615 1361 
1222 1348 1753 1829 1287 1778 2223 1909 1767 1677 
1445 1707 2025 1914 1810 1502 2159 1993 1389 1579 
1382 1344 2038 1893 1719 1493 1658 1788 2006 1970 
1788 1507 1484 1729 1728 1669 1703 1759 1690 1570 
2193 1980 1698 1570 1940 1881 1255 1290 1662 1537 
1869 1778 1463 1456 1569 1828 1471 1513 1726 1650 
1612 1878 2007 1773 1581 2014 1697 1587 1447 1251 
1737 1734 2027 1946 1794 1770 1925 1946 1631 1557 
1453 1367 1686 1884 2067 1987 2151 1999 1399 1422 
2006 1939 1618 1752 2343 2061 2208 2053 1643 1712 
1731 1851 1730 1626 2017 2125 2092 1933 1623 1811 
1695 1921 1537 1338 1787 1506 1626 2133 2124 1735 
1460 1931 1860 1714 1653 1770 1411 1603 1847 1718 
1485 1710 1792 1461 1131 1591 1448 1221 1860 1589 
1307 1515 1651 1523 1411 1685 1342 781 1537 1670 
1165 1360 1614 1371 1550 1755 1636 1749 1786 1759 
1467 1398 1720 1651 1611 1435 1365 1687 1346 1325 
985 1079 1057 1424 1921 1659 1754 1968 1615 1704 
1622 1869 1647 1456 1702 1663 1543 1459 1315 1536 
1277 1402 1143 1155 1555 1715 1414 1524 1654 1186 
1502 1388 1547 1508 1609 1590 1343 1330 1444 1373 
1363 1140 1222 1235 1459 1635 1049 1434 1607 1413 
1739 1221 1404 1479 1094 1441 1334 1263 1543 1334 
1609 1256 1291 916 1275 1856 1217 1066 1484 1380 
1475 1151 1491 1211 971 1587 1373 1322 1667 1766 
1706 1664 1300 1399 1695 1707 1451 1585 1307 1180 
1665 1441 1571 1550 1588 1517 1405 1311 1348 1356 
1823 1667 1271 1601 1823 1221 1730 1526 874 1035 
1538 1760 1447 1441 1866 1682 1560 1744 1429 1303 
1781 1733 1503 1413 1691 1987 1722 1392 1383 1417 
1749 1708 1328 1444 1465 2083 2070 1822 2132 1887 
1824 2013 1808 1679 1782 1923 2130 1907 2242 2198 
1740 1928 1970 1722 1768 1660 2204 2082 2220 2168 
1658 1936 1824 1952 2116 1876 2006 2090 1799 2124 
2015 2209 2104 1867 2033 1883 1595 1721 2047 2051 
1611 1935 1929 1881 1642 2083 2277 1994 1713 2198 
1867 1949 2062 2070 1771 1942 1618 1882 2082 2113 
1809 1900 1899 2171 2047 1719 1908 1927 1918 1959 
1279 1457 1812 2055 1895 1409 1457 1838 1748 1711 
1407 1734 1921 2000 1907 1615 1299 1473 1542 1450 
1330 1271 1898 2114 1598 1708 1907 1630 1646 1753 
1222 1226 1405 2145 2162 1911 1641 1409 1422 1466 
1365 1534 2135 2181 1927 1746 1844 1968 2000 2149 
1291 1234 1400 1778 1928 1564 1547 1831 1554 1553 
1584 1955 1902 1205 2027 2066 1390 1615 1436 1390 
1596 1382 1466 1452 1798 1497 880 1383 1705 1406 
1863 2078 1508 1454 1821 1888 1302 1513 1710 1299 
1553 1660 1481 1560 1572 1429 1334 1387 1805 1560 
1922 2148 1864 1631 1957 2104 1925 1535 1736 1618 
1350 1494 1701 1359 1642 2129 1963 1373 1653 2102 
1796 1957 1884 1817 2015 2195 2204 1909 1928 1813 
1574 1728 1863 1645 1866 2365 2191 2056 1958 1693 
1631 1327 1845 1829 1856 2334 2351 2157 1950 1930 
1873 1790 2155 1868 1806 2569 2073 1750 1864 1531 
1523 1670 1701 1686 1504 1959 2458 1888 1862 1980 
1723 2066 1940 1647 1784 2178 1851 1545 1664 1429 
1932 1966 2021 1887 1590 1496 1715 1628 1771 1884 
1780 2202 1876 1600 1704 1370 1315 1825 1717 1854 
1611 1727 2156 1958 1312 1319 1506 1456 1576 1748 
1705 1808 1990 1909 1981 1613 1796 1687 1712 2184 
1739 1728 1816 1879 1572 1549 1426 1713 1787 1964 
2153 2232 1622 1747 1975 1888 1814 2007 2293 2366 
1922 1971 1945 1788 2041 1911 1738 2264 2364 2321 
2217 2267 2249 2077 1569 1919 2263 1898 2121 2322 
1638 1779 2060 1997 1867 1660 1817 1809 2116 2217 
1802 1848 2432 2119 1779 2134 1948 1647 1670 1684 
1487 1470 2019 2052 1971 1870 1459 1613 1518 1194 
1753 1716 2297 2024 1846 2145 1606 1105 1220 1127 
1955 1805 2053 2420 1552 1397 2007 1622 1225 1328 
2010 1876 1935 1777 1508 1853 1869 1458 1170 1199 
2225 1966 1595 1883 1523 1337 1403 1255 1404 1478 
2112 2157 1678 1697 1551 1597 1543 1448 1432 1737 
1878 1930 1484 1654 1657 1372 1057 1282 1428 1094 
1789 2070 1890 1721 1866 1855 1825 1331 1647 1605 
1643 1608 2147 1879 1860 1809 1798 1662 1642 1776 
1347 1511 2091 2031 1861 1988 1905 2281 1964 1810 
1368 1561 1841 2287 1724 1836 2439 2009 1622 1970 
1089 1246 1400 1951 1974 1598 2030 2025 1335 1522 
1670 1480 1619 1653 1687 1680 1725 1624 1317 1469 
1325 1180 1103 1222 1653 1703 1535 1301 985 812 
1531 1561 1405 1131 1696 1775 1127 1353 1481 1125 
1164 987 1397 1584 1264 1617 1528 1165 1571 1167 
1861 1874 1744 1524 1467 1718 1802 1452 1370 1321 
1453 1562 1509 2030 1468 1537 1753 1618 1651 1690 
1435 2077 1544 1646 1824 1863 2140 1783 1854 2062 
1396 1943 1955 1552 1931 1601 2143 2111 1342 1766 
1596 1419 1757 1603 1770 1890 1760 2096 2203 2090 
1880 1665 1717 1675 1601 1515 1344 1865 1721 1774 
1816 1649 1960 1780 1749 1765 1484 2113 2328 1926 
1961 1896 2158 1656 1632 2058 1451 1510 2217 2044 
2234 2051 2374 1662 1598 1982 2096 1927 1734 2089 
2080 1793 1774 1930 1707 1766 1817 1731 1898 1879 
1885 1688 1598 1508 1656 1560 1880 1712 1365 1382 
1676 1539 1258 1465 1799 1373 1605 1725 1098 1209 
1623 1733 1565 1280 1594 1745 1395 1478 1419 893 
1766 1387 1705 1336 1189 1650 1911 1557 1318 1290 
1736 1724 1573 1695 2159 2360 1902 1671 2043 1387 
1940 2023 1868 1712 1632 1828 1793 1501 1591 1615 
1648 1485 1582 1491 1341 2032 2341 2041 1521 1273 
1511 1429 1365 1707 1634 1408 1802 1455 1048 1243 
1233 1352 1477 1660 1596 1589 1726 1850 1706 1553 
1252 1259 1128 1615 1548 1269 1422 1448 1588 1225 
1438 1673 1427 1582 1804 1861 1608 1185 1491 1373 
1605 1777 1874 1619 1300 1776 1703 1170 1359 1456 
1629 1872 2049 1596 1802 2071 1971 1530 1314 1291 
1474 1720 2114 1830 1775 1954 1544 1372 1355 1165 
1350 1369 1569 1801 1879 1870 1760 1585 1376 998 
1675 1288 1372 1649 1651 1820 1990 1487 1360 1279 
1381 1064 970 1183 1828 1653 1546 1819 1181 1457 
1556 1618 1654 1480 1463 1702 1634 1922 2079 1730 
1289 1307 1533 1413 1580 1379 1651 1680 1690 1721 
1821 1515 1817 1693 1596 1613 1541 1809 1692 1623 
1633 1484 1678 1748 1917 2045 1340 1207 1410 1443 
1259 1412 1739 1648 1616 1979 1538 1669 1698 1528 
1626 1944 1541 1667 2174 2085 1935 1690 2009 1661 
1233 1230 1423 1349 1713 2118 1700 1556 1822 1750 
1740 1397 1729 2046 1834 2028 2052 2059 2235 2081 
1525 1401 1707 1882 1643 1866 2089 1555 1379 1668 
1758 1549 1888 2310 1953 1808 1603 1695 1605 1471 
1876 2155 1707 1825 2063 1721 1545 1063 1210 1201 
1702 2059 2142 1975 1764 1694 1256 1303 1105 943 
1546 1838 2213 1893 1794 2033 1663 1213 1336 1561 
1806 2224 2298 2013 1750 1524 1447 1255 1123 910 
1479 1439 1722 2250 2089 1486 1344 1463 1486 1462 
2040 2221 1885 1675 2185 1780 1452 1290 1246 1410 
1187 1261 1762 1658 1485 1536 1421 1377 927 1078 
2207 2348 2045 1776 1720 1649 1610 1311 1148 1245 
1561 1737 2029 1569 1218 1438 1650 1456 1179 1463 
2114 1836 2111 2161 1686 1002 1239 1980 1541 1267 
1881 1756 1983 1817 1481 1277 1092 1198 1358 1204 
1543 1560 1631 1520 1482 1151 1232 1275 1086 1315 
1971 1904 1762 1763 1583 1214 1137 1321 1517 1586 
1303 1423 1166 1640 1460 1561 1597 1616 1813 1834 
1651 1648 1845 2010 1464 1572 1654 1710 2226 2111 
1800 1667 1363 1723 1525 1768 1879 1947 2339 2496 
1746 1690 1803 1825 1986 2221 1842 1980 2159 2210 
1923 1934 1607 1487 1836 1564 1132 1667 1878 1897 
1614 1777 1629 1249 1953 1759 1626 1847 1632 1743 
2082 1908 1495 1248 1538 1485 1540 1547 1265 1418 
1565 1648 1101 1466 1617 1633 1869 1310 1092 1309 
1690 1809 1661 1800 1641 1329 1853 1626 950 1208 
1787 1792 1783 1903 1871 2128 2060 1918 1968 1596 
2077 2142 2083 1828 2337 2076 1914 2011 1881 1616 
1575 1709 2154 1764 1980 2252 1923 2206 2197 2011 
1529 1732 1982 2014 1661 2213 2117 1925 2100 1867 
1445 1299 1518 1873 1741 2000 2059 1663 1830 1964 
1408 1202 1088 1795 1638 1825 2413 1921 1605 1871 
1233 1307 1419 1455 1892 1355 1330 1937 2025 1684 
1588 1911 1702 1304 1697 1625 1898 2283 1884 1804 
1562 1772 1735 1392 1524 1641 1467 1689 1536 1562 
1822 1614 1648 1580 1866 1526 1545 1777 1671 1725 
1788 1564 1719 1910 1450 1585 1506 1516 1733 1567 
1907 1462 1604 1517 1703 1598 1354 1572 1747 1557 
1363 1319 1331 1345 1747 1621 1505 1517 1957 1746 
1414 1541 1473 1532 1827 1799 1411 1547 1596 1601 
1755 1828 1633 1387 1911 2372 1976 1714 1826 1765 
985 1085 1204 1925 1682 1503 1993 1533 1239 1087 
1769 1972 1917 1875 1863 1925 2090 1793 1337 1531 
1423 1055 1402 1803 1715 1173 1682 1834 1111 888 
1925 1596 1498 1558 1719 1604 1287 1150 1260 1124 
1544 1405 1435 1923 1535 1242 1173 1273 1456 1165 
1432 1621 1825 1733 1901 1828 1446 1317 1301 1290 
1233 1492 1715 1956 1950 1595 1524 1687 1306 1391 
1405 1664 2009 2001 2009 2138 1976 1785 1407 1448 
1717 1567 1689 1913 1972 1625 1689 1995 1596 1715 
1471 1309 1584 1738 1575 1793 1858 1790 2106 1859 
1582 1244 1473 1602 1257 1374 1763 2065 2212 2343 
1570 1440 1274 1356 1109 1455 1510 1638 1586 1754 
1546 1658 1244 1140 1312 1706 1417 1249 2166 2467 
1511 1534 1775 1583 1441 1337 1374 1545 1521 1616 
1605 1748 1982 1563 1412 1478 1709 1614 1635 1821 
1348 1638 1853 2054 1568 985 1863 1818 1228 1713 
1593 1816 1672 1638 1736 1185 1369 2005 1763 1792 
1590 1585 1597 1740 1722 1665 1325 1557 2085 1950 
1787 1490 1543 1676 1461 1278 1045 1908 2204 1982 
2180 1825 1924 1499 1591 1893 1215 1532 2312 2300 
1793 1856 1620 1736 1760 1577 1736 1787 1823 2206 
1787 1992 2075 1559 1961 1748 1366 1731 1786 2032 
2046 2022 1726 1720 1975 2028 2020 1696 1760 2017 
2035 2114 2067 1904 1815 1871 1734 1544 1299 1300 
2325 2148 2031 2039 1983 1732 1997 1751 1373 1542 
2082 2347 1846 1678 1629 1755 1877 1800 1613 1509 
2361 2189 1868 2025 1564 1615 1904 1889 1437 1378 
1675 1741 1305 1479 1611 1679 2051 2000 2072 1911 
1730 1717 1688 1487 1628 1800 1839 1954 2017 1783 
1226 1176 1372 1616 1806 1906 1811 1969 2091 1899 
1633 1601 1497 1567 1895 1589 2058 1849 1682 1669 
1435 1491 1319 1203 1750 1931 1989 1784 1446 1831 
1347 1418 1667 1560 1494 1565 1781 1742 1410 1504 
1444 1689 1529 1156 948 1327 1631 1758 1878 1860 
1388 1505 1233 1170 880 1407 1675 1572 1874 1927 
1383 1280 1195 1113 965 925 1395 1468 1873 1861 
1634 1524 1397 1299 1003 1088 1509 1398 1585 1645 
1169 1172 1450 1520 1421 1234 1380 1665 1477 1675 
1552 1613 1900 1578 1529 1636 1486 1544 1475 1561 
1414 1549 1408 1717 1704 1685 1571 1637 1810 1667 
1771 1595 1328 1526 1410 1341 1810 1526 1639 1778 
1551 1339 1183 1892 1692 1237 1847 2016 1821 1828 
1871 2003 1819 1284 1582 1772 1586 1609 1949 2264 
1660 1609 1887 1298 1298 1850 1540 2003 2016 1695 
1839 1881 2047 1382 1573 2049 1354 1362 1727 1787 
1736 1825 2110 1613 1577 1773 1615 1553 1599 1615 
1513 1211 1563 2039 1817 1404 1312 1336 1265 1249 
1585 1055 1386 1945 1825 1472 1524 1277 1312 1267 
1662 1145 1583 1792 1666 1537 1698 1481 1117 1226 
1535 1305 1410 1573 1594 1651 1541 1671 1464 1566 
2022 2229 1766 1025 1320 1859 1660 1435 1441 1342 
1911 1924 1440 1467 1510 1361 1776 1641 1582 1775 
1975 2175 1671 1231 1253 1476 1531 1617 1922 1756 
1832 1504 1683 1787 1054 1536 2075 1928 1878 2045 
2319 1904 1729 1760 1452 1477 1588 1844 1765 1649 
2164 1668 1641 1733 1550 1428 1688 1973 2012 1938 
1971 1666 1764 1501 1736 1650 1387 1547 1534 1618 
2126 1912 2103 1782 1772 1759 1587 1702 1934 1571 
1907 1553 1845 1922 1377 1631 1718 1327 1480 1516 
2108 1982 1811 1879 1843 1811 1969 1813 1519 1526 
1999 2119 1947 2208 2116 1851 1754 1749 1461 1427 
1445 1722 1629 1742 1782 1933 1875 1612 1550 1568 
1762 1955 1926 1671 2017 1729 1657 1711 1703 1177 
1355 1259 1610 1503 1413 1759 1698 1227 1434 1724 
1910 1488 1805 1412 1171 1517 1645 1720 1567 1447 
1552 1243 1178 1618 1365 1338 1386 1593 1590 1620 
1908 1971 1608 1731 1318 1133 1650 1354 1460 1615 
1789 1876 1443 1320 1833 1261 1276 1964 1804 1697 
1674 1484 1552 1379 1688 1886 1546 1399 1737 2009 
1924 1751 1948 1501 1642 1866 1729 2049 2206 1911 
1796 1468 1993 1986 1561 1848 1694 1679 2166 2398 
1547 1872 1557 1483 1491 1457 1773 1958 1760 2039 
1272 1570 1423 1558 1880 1283 1252 1798 1999 2078 
1699 1800 1474 1511 1621 1500 1422 1416 1676 2064 
1966 1708 1440 1603 1279 1229 1408 1405 1608 1805 
1819 1493 1402 1463 1335 1673 1229 1343 1712 1831 
2356 2154 2035 1767 1405 1888 1772 1556 1647 1707 
2100 1942 1669 1660 1405 1338 1643 1676 1413 1544 
2131 2151 1834 1461 1796 2095 1691 1542 1498 1299 
1843 1764 1813 1455 1420 1619 1683 1288 1408 1062 
1967 1910 1960 1804 2004 1935 1881 1916 1643 1372 
1695 2052 2057 1460 1550 1640 1490 1819 1717 1544 
1822 1863 2049 1984 1719 1836 2036 2197 2224 2075 
2368 2327 2051 1737 1808 2008 1630 1833 2383 2304 
2143 1729 1946 1847 1484 1721 1825 1740 2210 2374 
2158 1950 1682 2110 1907 1689 1951 1812 2175 2074 
2038 2198 1929 1722 2186 2025 1945 1665 1947 2114 
1936 1820 1741 1774 1921 1878 1773 2014 1926 1878 
1608 1799 1729 1549 2044 2463 1925 1741 1922 1589 
1754 1809 2313 1767 1504 1719 1941 1711 1282 1814 
1801 1809 1898 1590 1619 1638 1564 1691 1607 1438 
1881 1844 2018 2146 1447 1794 1830 1530 1676 1500 
2271 1965 1683 1955 1950 1306 1162 1273 1427 1320 
1843 1752 1918 1537 1739 2017 1506 1532 1675 1329 
1863 1646 1802 1648 1489 1772 1551 1451 1208 1210 
1580 1710 1550 1588 1731 2179 2194 1635 1342 1504 
1711 1617 1674 1284 1291 1676 1903 1533 1260 976 
1391 1209 1179 1526 1643 1768 1929 1361 1563 1384 
1769 2003 1560 992 1311 1698 1673 1505 1723 1293 
1417 1400 1539 1478 1574 1655 1758 1419 1374 1205 
1473 1350 1708 1202 1352 1401 1348 1593 1465 1294 
1969 1632 1852 1741 1604 1747 1788 1510 1251 1296 
1513 1121 1035 1455 1344 1276 1194 1390 1400 1156 
1870 1935 1499 1626 1697 2028 1885 1539 1586 1618 
1566 1812 1528 1314 1401 1514 1624 1606 1467 1410 
1464 1471 1750 1687 1682 2135 1681 1858 1747 1625 
1672 1698 1427 1598 1697 1607 1808 1778 1771 1547 
1086 1151 1165 1914 2053 1507 1920 1775 1772 1725 
1371 1266 1529 1334 1641 1548 1717 1900 1738 1525 
1385 1442 1287 1532 1504 1894 2041 1470 1543 1729 
1475 1566 1582 1690 1673 1823 1630 1536 1892 1780 
1664 1780 1662 1676 1708 1751 1893 1662 1588 1932 
1797 1870 1853 2001 1793 1681 1722 2086 2122 1773 
1870 1834 1814 1471 1654 1954 1494 1543 2128 2199 
2018 1737 1947 1803 1189 1530 1982 1691 1792 1933 
2081 1822 1517 1863 1779 1842 1861 1659 1957 2154 
1849 1607 1742 1599 1238 1349 1660 1451 1465 1819 
2067 1603 1887 1834 1506 1499 1825 2213 1972 1924 
1773 1677 1365 1418 1676 1691 1370 1476 1851 1682 
1932 1872 1666 1329 1720 1496 1286 1473 1358 1434 
1809 1590 1221 1473 1691 1424 1118 1627 1830 1770 
1544 1848 1519 1185 1399 1700 1731 1385 1260 1539 
1337 1233 1579 1603 1330 1183 1508 1513 1117 1210 
1304 1383 1735 1577 989 1429 1703 1220 1078 1393 
1327 1318 1719 1554 1192 991 1404 1363 957 765 
1189 1318 1524 1311 1222 1201 1022 1023 741 738 
975 1245 1696 1308 1395 1522 1039 1133 1288 812 
1658 1881 1965 2024 1489 1462 1493 1028 1231 1237 
1330 1357 1602 1756 1405 1597 1599 1503 1835 1691 
1537 1400 1599 1716 1591 1658 1791 1639 2112 2240 
1547 1671 1929 1576 1428 1883 1811 1833 2216 2307 
1357 1456 1543 1393 1277 1399 1371 1693 2441 2756 
1612 1960 1671 1345 1595 1738 1746 1794 2119 2132 
1881 1644 1730 1787 1879 1954 1621 1651 2006 2203 
2310 1919 1647 1838 1965 2284 2093 1511 1547 1744 
1937 1542 1804 2458 1868 2178 2477 1979 1602 1744 
1952 1620 1448 1617 1573 1586 2211 2033 1642 1626 
1681 1447 1564 1453 1685 1666 1910 2122 2092 1847 
1312 1274 1332 1074 1103 1171 1310 1768 1732 1553 
1068 1423 1239 923 1211 1410 1375 1825 1999 2203 
1505 1325 1105 1431 1572 1598 1506 1685 2063 1823 
1964 1415 1287 1296 1679 1709 1333 1510 2056 1975 
1397 1050 1383 1504 1761 1679 1705 1885 1993 1991 
1885 1929 2020 1391 1468 1675 1705 1693 1655 1634 
1731 1854 1574 1165 1608 1601 1545 1550 1081 1475 
1871 1993 1504 1408 1202 1373 1616 1429 1232 1291 
1904 1911 1260 1567 1328 1518 1813 1265 1496 1493 
1622 1493 1180 1645 1484 1192 2024 1692 1651 1643 
1921 1617 1634 1572 1346 1454 1612 1833 1800 1690 
1614 1548 1332 1263 1453 1803 1762 1658 1586 1659 
1339 1693 1380 1418 1523 1561 1457 1343 1290 1440 
1445 1627 1729 1476 1516 1879 1822 1691 1397 1438 
1363 1362 1583 1596 1248 1404 1583 1522 1580 1459 
1049 1326 1574 1379 1522 1760 1777 1549 1924 1825 
1094 1422 1976 1518 1343 1612 1608 1364 1606 1657 
1215 1437 1539 1264 1056 1297 1649 1195 1313 1513 
1277 1264 1357 1586 1191 1231 1522 1308 1129 1350 
1347 1259 1287 1651 1590 1085 1512 1689 1112 1387 
1211 1334 1419 1484 1298 1304 1462 1593 1491 1324 
1141 1070 1389 1862 1267 1211 1705 1520 1681 1754 
1343 1543 1395 1614 1834 1345 1564 1690 1564 1356 
1286 1616 1733 1742 1781 1840 1293 1209 1512 1438 
1306 1286 1489 1756 1735 1498 1356 1374 1210 1391 
1159 1337 1523 1641 2028 1838 1459 1569 1482 1291 
1379 1066 1763 1870 1712 1430 1268 1550 1708 1761 
1725 1348 1398 1709 1514 1277 1806 1764 1459 1616 
1431 1619 1337 1666 1954 1353 1641 1846 1382 1653 
1811 1782 1772 1746 1562 1468 1566 1802 1617 1965 
1465 1310 1249 1768 1689 1564 1802 1861 1562 1508 
2155 1784 2004 1899 1431 1699 1410 1501 1754 1512 
1714 1264 1469 2145 1612 1525 1774 1434 1551 1374 
1818 1852 1941 1879 1944 1449 1447 1298 1432 1539 
2055 1879 1844 2118 2291 1850 1717 1746 1402 1120 
1843 1914 1723 1778 2250 1870 1376 1346 1215 1320 
1962 1948 2068 1993 2127 2232 1724 1380 1356 1221 
2054 2282 1930 1940 1786 1966 1697 1446 1413 1256 
2090 1933 2219 1921 1771 2022 1922 1392 1401 1305 
1762 1833 1968 2110 1539 1500 1665 1534 1394 1442 
1803 2198 2108 1856 1691 1606 1599 1751 1906 1843 
1825 1917 1618 1412 1502 1395 1669 1743 1526 1861 
1912 1563 1685 2087 1870 1581 1488 1933 2257 2309 
2149 1850 1619 2009 1557 1127 1570 1748 1851 2109 
2077 1797 1529 2047 1793 1189 1503 1840 2372 2221 
2078 1920 1490 1777 1890 1560 1659 1457 1596 1954 
1358 1688 1348 1729 1811 1455 1342 1748 2004 1999 
1612 2094 1775 1648 2194 1714 1386 1505 1556 1462 
1135 1419 1616 1651 1979 1970 1424 1568 1609 1573 
1674 1812 2004 1779 2218 2227 1733 1781 1687 1679 
1676 1616 1940 1857 1748 2085 1837 1436 1509 1617 
1867 1891 2034 2103 1870 2242 2272 2054 1830 1813 
1614 1462 2058 2241 1765 1944 1862 1867 1884 1788 
1632 1645 1929 2182 1890 1740 1871 1893 2242 2356 
1298 1468 1882 2194 1874 1751 1861 2165 2302 2078 
1211 1417 1644 1659 1512 1866 2031 1674 2136 2627 
1363 1172 1846 2360 1784 1630 2167 1989 2098 2452 
1398 1360 1540 1773 1584 1501 1573 1621 1892 2252 
1357 1296 1791 2074 2021 1819 1772 1947 2347 2298 
1559 1306 1171 1823 1847 1576 1382 1402 1980 1908 
1245 1312 1449 1769 1628 1878 1693 1435 1747 1724 
1809 1953 1722 1343 1609 1493 1270 1078 1185 1324 
1192 1459 1507 1576 1305 1512 1746 1415 1033 1378 
2182 2297 1855 2068 2019 1271 1269 1855 1306 1200 
1665 1733 1654 2060 1751 1197 1469 1614 1044 1330 
1618 1482 2058 2034 1758 1688 1434 1796 1928 1588 
1552 1465 1770 1926 1813 1854 1641 1380 1874 2047 
1354 1478 1645 1769 1744 1929 1720 1555 2164 1881 
1449 1258 1653 1942 1558 1505 1497 1106 1836 1846 
1472 1621 1455 1601 1449 1406 1671 1495 1702 2145 
1149 1400 1801 1515 1318 1723 1385 1422 1357 1592 
1356 1672 1474 1587 1448 1374 1189 1413 1403 1698 
1272 1639 1738 1197 1316 1605 1657 1421 1304 1519 
1480 1369 1872 1993 1641 1492 1627 1366 1142 1342 
869 1261 1706 1678 1343 1541 1865 1303 1110 1183 
1176 1294 1790 1829 1625 1578 1822 1270 1042 1296 
1494 1542 1618 1832 1785 1920 1831 2009 1840 1533 
1587 1534 1519 2031 1880 1624 1879 1597 1762 1770 
1861 2125 1601 1676 1906 1381 1994 2116 1888 1920 
1762 1917 1675 1797 2197 1625 1897 2336 2263 2305 
1781 1799 1590 2069 2022 1549 1785 2188 1951 2038 
1470 1805 1661 1654 1980 1724 1510 2018 1749 1951 
1051 1154 1737 1918 1658 1576 1645 1809 1642 1622 
1277 1491 1785 1709 1621 1925 2086 1676 1426 1566 
1218 1182 1629 1846 1581 1721 1789 1507 1507 1756 
1652 1617 1349 1519 1634 2094 2057 1954 1952 1820 
1517 1450 1085 1267 1587 1852 2042 1959 1807 1875 
1376 1369 1398 1286 1615 1797 1769 2072 2246 2026 
1530 1650 1273 1157 1385 1575 1744 2201 2382 2222 
1372 1339 1402 1087 1552 1729 1777 2171 2451 2116 
1350 1176 1563 1511 1311 1689 2040 2028 2304 2525 
1198 1592 1625 1427 1154 1369 1689 2164 2093 2369 
1557 1570 1532 1442 1308 1358 1546 1624 1928 2014 
1487 1603 952 1315 1302 1291 1133 1399 1900 1672 
1456 1618 1004 1360 1763 1235 1332 1266 1401 1553 
1316 1253 1436 1256 1201 1470 1551 1453 1324 1483 
1485 1208 1434 1653 1586 1531 1743 1856 1804 1742 
1294 1145 1396 1449 1484 1165 1398 1591 1503 1389 
1589 1420 1714 1683 1992 1677 1092 1672 1745 1592 
1575 1448 1369 1324 1506 1440 1404 1434 1635 1925 
1702 1595 1483 1415 1393 1607 1596 1638 1704 1875 
1735 1545 1425 1460 1547 1343 1696 1904 1813 1802 
1779 1852 1405 1294 1596 1536 1532 1446 1521 1879 
1734 2084 1365 1185 1762 1572 1282 1896 1573 1349 
1644 2085 1746 1188 1547 1834 1282 1360 1534 1597 
1665 1700 1745 1656 1453 1551 1708 1900 1577 1164 
1918 1791 1758 1680 1618 1660 1528 1538 1234 1185 
1318 967 1393 1808 1465 1692 1564 1309 1523 1071 
1696 1754 1452 1857 2066 1768 1994 1403 1285 1224 
1066 1046 1371 1283 1548 1878 1786 1413 1447 1202 
1648 1448 1381 1755 1845 1753 2067 1661 1287 1280 
1305 1113 1336 1636 1598 1297 1581 1550 1291 1342 
1812 1601 1446 1552 1534 1691 1472 1493 1162 1067 
1429 1476 1338 1716 1687 1647 1297 1455 1303 1108 
1770 1990 2095 1579 1741 1812 1522 1205 1078 916 
1431 1652 1626 1555 1413 1219 1277 1380 982 960 
1373 1325 1734 2159 1835 1717 1821 1603 1190 1033 
1786 1312 1757 1721 1584 1310 1556 1002 624 726 
1554 1556 1621 1959 1806 1971 1915 1654 1429 1325 
1594 2058 1826 1704 1640 1698 1849 1443 1146 985 
1357 1760 1623 1527 1878 1909 1690 1309 1617 1539 
1657 1845 1687 1438 1733 1821 1623 1490 1435 1209 
1683 1541 1911 1779 1947 1872 1365 1344 1650 1486 
1730 2013 1803 1609 1801 1750 1259 1558 1357 1280 
1667 1949 1907 2032 2083 1908 1518 1964 1997 1827 
1675 1824 1828 1980 2246 2210 1991 1554 1529 1546 
1296 1341 1852 1948 2102 2080 1905 1736 1708 1845 
1669 1535 1834 1827 1859 2359 2060 1640 1619 1660 
1493 1548 1383 1747 1688 2074 1884 1969 1848 1647 
1428 1422 1813 1981 1699 1992 1658 1771 1757 1520 
1469 1299 1735 1710 1614 1636 1920 1919 1849 1612 
1555 1376 1471 1795 2114 2004 2032 1557 1488 1777 
1771 1748 1619 1755 1954 2089 1833 1506 1540 1635 
1629 2118 1649 1321 1626 2095 2094 1718 1813 1832 
1748 2332 2122 1831 1645 2039 1915 1532 1702 1467 
1937 2364 1962 1480 1774 1644 1748 1770 1715 1745 
2218 2320 2198 1895 1937 1842 1564 1893 1901 1638 
2191 2207 2074 1751 1765 2142 1977 2132 1877 1910 
2055 2196 2419 2164 1989 2246 2072 1936 1673 1617 
1867 1957 2289 1759 1652 1781 1877 1673 1825 2014 
1470 1482 1872 1681 1684 1564 2050 2131 1802 1878 
1341 1545 1880 1647 1988 1877 1693 1989 1997 1853 
1556 1522 1779 1526 1450 1617 1368 1987 2067 1944 
1330 1282 1592 1997 1996 2078 1784 1770 2292 1971 
1298 1404 1507 1704 1863 1440 1579 1856 1865 1801 
1618 1405 1357 1517 1915 2056 1925 1950 1955 1780 
1592 1374 1286 1416 1812 2346 1788 1486 1675 1870 
1373 1678 1364 1450 1826 1724 1698 1749 1849 1602 
1369 1696 1920 1455 1314 2000 2024 1708 2025 1992 
1583 1817 1941 1836 1809 2014 2227 1915 1648 1700 
1215 1849 1765 1782 1828 1915 2057 1568 1483 1513 
1670 2009 1969 1957 1657 2151 2079 1642 1715 1871 
1163 1309 1427 1495 1794 1417 1556 1680 1400 1229 
1291 1412 1950 1611 1428 1845 1688 1690 1980 1639 
1385 1425 1620 1660 1686 1664 1608 1751 1725 1803 
1675 1604 1767 1662 1546 1761 1950 1692 1624 1773 
1633 1482 1613 2063 1966 1797 1930 1752 2016 1992 
1669 1653 1596 1606 1427 1496 1859 1864 1927 2031 
1286 1201 1556 1618 1621 1807 1740 1869 2017 1805 
1257 1417 1580 1288 1755 1446 1075 1714 1486 1796 
1239 1278 1572 1651 1360 1362 1198 1764 1756 1627 
1821 1857 1327 1648 1700 1423 1260 1380 1479 1534 
1765 1934 1904 1822 1767 1798 1381 1418 1998 1663 
1861 1835 2016 1967 1327 1634 1876 1223 1782 1754 
1972 2040 1619 1490 2028 1994 1758 1541 1914 1952 
1985 1867 1681 2023 2012 1935 2155 1762 1507 1779 
1886 1880 1968 1914 2042 1761 2085 1994 1195 1439 
1773 1809 2051 1770 1552 1912 2141 1864 1379 1660 
2041 1903 2136 1845 1270 1698 2056 1799 1436 1186 
1843 1420 1642 1826 1625 1800 1727 1358 1846 1590 
2113 1772 1704 1655 1244 1324 1518 1537 1464 1256 
1865 1253 1463 1742 1232 1150 1551 1402 1240 1366 
1650 1804 1394 1618 1469 1373 2065 1699 1148 1504 
1965 2065 1820 1902 1980 1171 1667 1855 1169 1225 
1903 1637 1576 1558 2052 1798 1495 1874 1983 1662 
1903 1721 1741 1918 1915 1725 1544 1775 1999 1949 
2092 2037 1838 1562 1786 1882 1649 2055 2077 1743 
1851 1659 1530 1641 1701 1735 1666 1260 1716 1981 
1610 1673 1931 1748 1676 1700 1991 1690 1451 1477 
1680 1629 1576 1715 1388 1453 1875 1560 1267 1760 
1788 1597 1487 1581 1611 1859 1943 1881 1764 1363 
2131 1917 1706 1921 1857 1707 1569 1682 2007 1724 
1587 2137 1582 1561 1714 1745 1758 1761 2028 1731 
1671 2053 1891 1851 1978 1673 1495 1707 1961 1922 
2041 1898 2027 1891 1708 1952 1915 1584 1538 1611 
2133 1891 1480 1924 1979 1598 1775 1810 1583 1674 
2069 1927 1779 1735 2135 2154 1550 1777 1823 1745 
2128 1715 1837 1653 1481 1716 1771 1863 1930 1858 
1526 1268 1229 1347 1793 1607 1824 1818 2047 2058 
1278 1158 1348 1290 1474 1515 1570 1877 1872 1904 
1495 1523 1206 1197 1405 1501 1410 1466 1876 2005 
1422 1469 1248 1238 1205 1349 1725 1479 1754 1952 
1560 1487 1549 1418 1426 1501 1531 1554 1330 1481 
1773 1492 1787 1790 1031 1049 1542 1752 1747 2003 
2029 1595 1510 1562 1488 1454 1322 1764 2246 2054 
1540 1357 1274 1383 1254 1419 1507 1514 1814 1917 
1855 2015 1541 1197 1419 1639 1691 1551 1613 2122 
1074 1373 1328 1320 1486 1438 1692 1848 1469 1710 
1741 1839 1777 1347 1566 1531 1598 1620 1599 1606 
1310 1253 1183 1350 1671 1672 1501 1987 2164 1934 
1426 1145 1367 1361 1400 1717 1538 1656 2259 1844 
1461 1454 1794 1438 1350 1862 1790 2198 2319 2318 
877 841 1469 1497 1237 1514 1720 1686 1950 2218 
1384 1490 1292 1823 1797 1393 1924 1838 1881 2010 
1018 1002 1118 1736 1994 1515 1851 1960 1687 1961 
1212 1396 1269 1603 1841 1614 1771 1842 1841 1937 
709 1091 1350 1918 1929 2110 1748 1899 2121 1784 
1293 1466 1583 1720 1936 2349 1951 1636 2011 2105 
1700 1521 1732 1960 1888 2056 2009 1647 1864 1722 
1925 2041 1915 1885 1881 2287 2377 2011 1934 2286 
2139 2187 2309 1872 1657 1742 1944 1625 1489 1588 
1900 2083 1819 1648 1700 1760 1875 1391 1609 1754 
1923 2114 2038 1331 1519 1625 1393 1424 1759 1775 
1445 1419 1633 1279 1541 1739 1188 1144 1526 1387 
1454 1460 1648 1110 1022 1276 1093 1284 1608 1288 
1143 1232 1142 1450 1398 1365 1452 1456 1450 1732 
1485 1539 1437 1498 1174 1279 1560 1347 1076 1221 
1427 1297 1111 1677 1660 1410 1446 1406 1596 1641 
1998 1822 1680 1553 1562 1358 1771 1487 1497 1632 
1873 1896 1566 1135 1669 1683 1305 1621 1576 1349 
1665 1877 1840 1481 1373 1907 1514 1202 1385 1575 
1846 2191 1916 1602 1425 1824 1696 1913 1689 1490 
1474 1858 1889 1776 1519 1740 2003 1362 1352 1488 
1207 1505 1672 1740 1812 1370 1774 2026 1720 1679 
1494 1474 1634 1629 1956 1791 1676 1665 1663 1794 
1606 1420 1217 1707 2073 1452 1292 1683 1609 1458 
1816 1885 1646 1251 1612 1442 1299 1493 1645 1838 
1933 2050 1870 1395 1449 1422 1250 1479 1652 1568 
2001 2254 1963 1449 1213 1600 1439 1343 1471 1446 
2291 2227 2185 1582 1132 1433 1790 1269 1256 1693 
1895 1760 1859 1471 1307 1412 1536 1752 1448 1522 
1631 1522 1721 1560 1167 1496 1680 1434 1579 1350 
1720 1909 1487 1522 1365 1196 1612 1529 1614 1889 
1091 1083 1051 1409 1511 858 1461 1904 1311 1345 
1477 1256 1266 1240 1262 1089 1206 1676 1404 1753 
2010 1439 1320 1807 1365 1036 1271 1767 1509 1708 
1939 1693 1610 1839 1536 1545 1468 1700 1954 1778 
2217 2162 2075 1836 1640 1738 1554 1756 2290 2268 
2129 2510 1932 1901 2169 1848 1932 2132 2299 2377 
1870 2125 2216 1725 1864 1714 1788 2182 2396 2509 
1718 1706 1767 1938 1712 1771 1954 1974 2056 2320 
1656 1593 1812 1808 1492 1724 1820 1453 1647 1740 
1706 1180 1708 1849 1558 1758 1707 1355 1350 1506 
2353 1820 1638 1563 1541 1674 1760 1310 1153 1144 
1837 1516 1583 1785 2117 1867 1714 1678 1051 733 
1893 1920 2037 1762 1940 1914 1401 1379 1284 1262 
1654 1933 1771 1769 1858 1849 1912 1982 1553 1264 
1693 1655 1581 1844 2017 2048 1750 1712 1769 1351 
1362 1070 1517 1915 1791 1763 1826 1540 1612 1909 
1802 1491 1679 1953 1555 1340 1782 2074 2082 1859 
1496 1429 1387 1432 1310 1643 1563 1713 1842 2047 
1481 1439 1015 1192 1404 960 1383 1805 1656 1596 
1852 1834 1463 995 1787 1486 1074 1509 1382 1644 
1640 1230 1566 1326 1346 1717 1286 1533 1445 1371 
2049 2007 1875 1630 1519 1824 1795 1367 1537 1347 
1440 1583 1630 1583 1592 1569 1543 1627 1709 1559 
1614 1810 2145 1837 1736 1784 1950 1649 1795 1603 
1378 1698 1723 1461 1553 1414 1596 1484 1124 1244 
1439 1841 1607 1468 1691 1825 1124 1179 1275 1329 
2079 1935 2080 2062 1465 1969 1683 1177 1355 1024 
2214 1797 1671 2315 2249 1691 1839 1243 1296 1266 
2625 2197 2020 2364 2048 1738 2005 1632 1190 1020 
2406 2219 2034 1846 2102 2242 1713 1691 1572 1506 
1779 1920 1944 1700 1903 1969 1981 1809 1733 1507 
1705 2207 2053 1632 1748 2252 1830 1736 1870 1634 
1580 1661 1791 1812 1923 1930 2090 1820 1701 1804 
1680 1547 1672 1721 1900 1905 1830 1831 1431 1457 
1514 1427 1361 2018 1795 1686 1452 1513 1471 1294 
1669 1895 1405 1741 1945 1263 1494 1754 1242 1019 
1207 1354 1486 1388 1697 1605 1600 1156 1047 1007 
1367 1349 1596 1318 1557 1331 1602 1350 1035 1196 
1393 1453 1650 1228 1513 1932 1374 1430 1683 1431 
1701 1891 1752 1560 1074 1607 1805 1563 1435 1546 
1102 1655 1537 1729 1624 1651 1594 1951 2197 1680 
1660 2051 2246 1493 1447 1816 1862 1457 1599 2056 
1313 1163 1609 1783 1747 2030 1852 1889 1997 1771 
1598 1664 1469 1733 1941 2137 1947 1683 2001 2136 
1490 1438 1189 1639 1589 1525 1758 1945 1599 1662 
1731 1824 1245 1042 1728 1477 1462 1622 1676 1467 
1328 1336 1731 1299 1600 1486 1683 2028 1708 1871 
1475 1575 1561 1416 1313 1418 1500 1715 1672 1693 
1526 1509 1707 1793 1730 1452 2076 2085 1820 1875 
1907 1586 1483 1951 1699 1536 1757 1748 1634 1767 
1535 1695 1277 1635 1774 1654 1808 1702 1709 1882 
1392 1723 1701 1489 2081 1943 1585 1773 1836 1549 
1242 1417 1904 1552 1553 2023 1931 1559 1454 1347 
2010 2044 1997 1583 1718 2069 1872 1800 1723 1895 
1673 1770 1704 1848 1377 1757 2119 1883 2038 1652 
1729 2048 1615 2102 2102 1797 1649 1823 2300 1994 
1925 2138 1837 1628 1585 1769 1752 1737 1640 1677 
1991 1526 1454 1767 2046 1894 1366 1395 1715 1613 
2045 1586 1705 1662 1624 1835 1838 1440 1248 1629 
1792 1221 1494 1551 1517 1711 1922 1819 1405 1389 
2142 1857 1661 1422 1474 2152 1886 1715 1587 1553 
1809 1749 1338 1254 1706 1776 1678 1750 1775 1623 
2076 1995 1658 1068 1635 1866 1441 2150 2180 1961 
2216 1847 1845 1500 1585 2126 2000 1832 2069 1662 
2477 2224 1765 1685 1368 1294 1946 1756 1509 1715 
2315 2032 1981 1462 1676 1724 2123 2211 1835 1911 
2515 2282 1731 2004 1867 1354 2012 2157 1827 1851 
1799 1928 1842 1753 2010 1767 1480 2181 2175 1794 
2080 1848 1871 1855 1559 2048 1966 1631 2004 2043 
1813 1766 1681 2018 1944 1645 1587 1666 1466 1632 
1718 1303 1741 1568 1191 1526 1544 1234 1466 1492 
1713 1882 1490 1654 1566 1620 1619 1249 1094 1004 
1358 1528 1924 1710 1572 1614 1503 1268 1094 1408 
1807 1787 1931 1629 1384 1720 1698 1737 1539 1258 
1660 1198 1541 1862 1615 1614 1960 1658 1397 1408 
2035 1596 1502 1490 2072 1988 1645 1501 1601 1439 
1837 1574 1460 1490 1319 1922 1815 1622 1768 1630 
1755 1712 1419 1555 1465 1765 1856 1542 1525 1443 
1400 1625 1662 1166 981 1796 2344 1956 1586 1819 
1888 1587 1889 1344 1348 1592 1672 1682 1320 1401 
1941 1415 1519 1263 1481 1558 1890 2020 1648 1757 
1758 1585 1514 1638 1259 1358 1656 1917 1704 1626 
1837 1696 1388 1760 1567 1272 1880 1895 1807 1767 
1880 1857 1589 1746 1549 1547 1829 1549 1794 1613 
1485 1534 1459 1831 1855 1529 1650 1544 1526 1738 
1678 2028 1809 1705 1671 1512 1525 1697 1204 1406 
1210 1111 1703 1835 1739 1481 1259 1571 1484 1507 
1652 1487 1640 1982 1843 1635 1601 1739 1701 1494 
1263 1524 1617 2016 1978 2064 1563 1477 1682 1799 
1491 1778 1766 1950 1969 2230 1581 1693 2260 1988 
1635 1830 2090 1786 1985 2370 1782 1307 1905 1656 
1307 1354 1754 1780 1891 2241 1760 1603 1607 1623 
1672 2037 1939 1890 2034 1714 1238 1582 1486 1556 
1442 1431 1622 1546 1464 1614 1750 1998 1869 1679 
1554 1552 1435 1514 1960 1765 1399 1749 1957 1747 
1522 1665 1701 1698 1962 1910 1677 1624 1763 1780 
1791 1810 1555 1600 1698 1577 1602 1258 1565 1653 
1656 1499 1749 1813 1677 1887 2151 1350 1143 1386 
2007 1767 1982 1834 1137 1384 1482 1208 1364 1656 
1891 1860 1966 1692 1537 1836 1747 1769 2003 1610 
2088 1919 2016 1770 1552 1594 1439 1465 1654 1614 
2251 1778 1746 1767 1606 1836 1698 1612 1871 1962 
1886 1743 1532 1283 1485 1845 1594 1405 1558 1737 
1815 1741 1816 1779 1211 1623 1982 1861 1860 1781 
1458 1529 1502 1564 1401 1425 1616 1768 1722 1748 
1438 1222 1604 1559 1183 1285 2051 1749 1486 1990 
1918 1477 1501 2116 1974 1771 1889 1960 1464 1390 
1929 1883 1746 1635 1814 2000 1639 1456 1457 1527 
1463 1622 1888 1636 1706 1630 1890 1758 1603 1489 
1526 1912 1836 1580 1391 1751 1880 1556 1428 1524 
1201 1559 1692 1764 1760 1243 1749 2076 1470 1519 
1127 1419 1800 1509 1449 1327 1127 1506 1391 1615 
1326 1531 1691 1710 1387 1462 1281 1684 1624 1313 
1626 1492 1799 1580 1591 1431 1060 1256 1608 1430 
1940 1767 1923 1630 1356 1413 1151 1420 1755 1567 
1842 1790 1961 1829 1024 1134 1107 1155 1828 1643 
2170 2152 2079 1715 1294 1322 1788 1302 1727 2099 
1624 1509 1882 1801 1444 1503 1850 1384 1586 1995 
1641 1452 1684 1862 1723 1578 1589 1789 1915 2219 
1187 1471 1261 1532 1790 1369 1874 2232 1864 1965 
991 1456 1648 1408 2025 1855 1609 2306 2084 1933 
1018 1119 1583 1575 1525 1613 1577 1883 1694 1754 
1428 1715 1770 1483 1845 2099 1582 1355 1851 1680 
1341 1493 2001 1537 1393 2065 1670 1168 1454 1265 
1793 1777 1895 1791 1236 1771 1923 1043 1206 1353 
1885 1846 1935 2023 1696 1821 2250 1473 1146 1224 
1822 1430 2113 2339 1666 1731 1669 1443 1386 1441 
1992 1720 1935 2035 1924 1668 1431 1940 1781 1276 
1899 2023 1992 1627 1959 2332 1636 1418 1931 1678 
1810 1798 1801 2066 1968 1692 1718 1611 1215 1480 
1842 1993 1667 1823 1715 1843 1722 1546 1422 1025 
1484 1490 1579 2129 1870 1275 1843 1348 1301 1554 
1805 1889 1980 1706 1992 1841 1873 1995 1590 1312 
1718 1959 1591 1650 1632 1961 1481 1502 1538 1221 
1702 2069 1595 1449 1945 2185 1581 1490 1765 1713 
1563 1796 1772 1734 1860 1937 1671 1928 2008 1895 
1983 1726 1869 1858 1942 1661 1997 1984 1850 1752 
1905 1446 1581 1853 1922 1848 1961 1557 1766 2017 
1904 1557 1554 2102 1607 1281 1705 1836 1754 1791 
2117 1827 1500 1719 1475 1460 1481 1608 1888 2210 
1712 1649 1517 1626 1787 1736 1792 2160 2188 2071 
1628 1980 1800 1180 1562 1750 1593 1468 1955 2280 
1311 1716 1628 1105 1437 1940 2007 2193 2189 2312 
1564 1650 1608 1716 1673 1959 1969 1503 1691 1629 
1278 1154 1513 1911 1508 1484 2105 1654 1307 1631 
1574 1626 1381 1841 1476 1559 2085 1623 1156 1250 
1143 1460 1414 1563 1715 1884 2244 1880 1621 1608 
1855 1584 1857 1804 1847 1788 1785 1937 1744 1704 
1575 1295 1533 1780 1727 1723 1640 2170 2372 2238 
2168 1834 2030 2192 1608 1589 1883 1944 2155 1925 
1500 1586 1461 1741 1647 1597 1895 1570 1595 2054 
1931 2059 1824 1849 1752 1318 1253 1316 1568 1673 
1685 1739 1732 1410 1539 1973 1697 1218 1630 1626 
1924 1920 1479 1214 1293 1646 1418 1260 1615 1479 
1744 1555 1568 1324 1528 1600 1556 1649 1663 1508 
1698 1449 1786 1644 1620 1502 1461 1862 1776 1909 
1544 1656 1594 1695 1703 1111 1440 2207 1838 1771 
1662 1775 1565 1208 1441 1695 1707 1775 1720 1859 
1660 1944 1450 1557 1842 1831 1546 1294 1296 1616 
1387 1822 1333 1296 1276 1462 1332 1314 1675 1756 
1581 1647 1604 1572 1188 1319 1858 1531 1391 1343 
1054 950 1441 1519 1078 945 1657 1524 1343 1488 
1068 1234 1364 1783 1105 1000 1509 1695 1301 1561 
1423 1147 1519 1594 1025 921 1324 1495 1925 1946 
1812 1309 1321 1725 1919 1577 1797 2003 2133 2229 
2079 1868 1799 1734 1570 1576 1519 1916 2072 2294 
2258 1833 1740 1883 1864 1325 1577 2071 2150 2255 
2042 1850 1675 1846 2047 1599 1775 2027 1858 1917 
2223 2177 1811 1639 1979 1870 1681 1718 1531 1471 
1729 1751 1668 1554 2141 1944 1490 1480 1669 1651 
1669 2007 1759 1366 1607 2261 1726 1602 1555 1384 
1636 2003 1595 1549 1643 1719 1747 1515 1416 1238 
1621 1460 1430 1524 1629 1282 1583 1609 1538 1643 
1867 1724 1371 1443 1538 1575 1321 1855 1630 1467 
1788 1643 1786 2071 1869 1646 1388 1346 1500 1188 
1726 1834 1893 1775 2087 1764 1196 1228 1518 1248 
1603 1625 1824 1680 1909 1946 1611 967 757 982 
1923 1543 1605 1975 1750 1811 1465 1288 1178 888 
1558 1611 1207 1628 1946 1474 1383 1031 954 926 
1475 1564 1599 1222 1273 1276 1366 1399 1104 1096 
1814 1840 1417 1067 1425 1514 1268 1402 972 1196 
1587 1528 1802 1150 1208 1581 1429 1396 1195 1274 
1874 1572 1866 1532 1063 1604 1726 1494 1359 1336 
1906 1786 1598 1711 1536 1543 1845 1611 1642 1453 
1618 1162 1677 2078 1349 1460 1892 1858 1405 1200 
1457 1175 1264 1958 1850 1370 1679 1680 1577 1487 
1111 1161 1554 1887 1861 1703 1514 1741 1917 1716 
1166 1284 1436 1918 2126 1640 1708 1700 1362 1325 
1247 1481 1611 1669 1960 1584 1650 1559 1398 1601 
1352 1540 1604 1731 2303 1810 1720 1687 1095 1346 
1386 1623 1812 1792 2039 1869 1604 1622 1498 1321 
1817 1780 1753 1335 1617 1872 1440 1600 1511 1235 
1925 1766 1733 1755 2011 2187 1818 1663 1804 1482 
2009 2089 1753 1773 1376 1506 1521 1407 1337 1219 
2046 2111 1649 1523 1678 1482 1680 1721 1574 1787 
2019 2169 1590 1430 1374 1349 1792 1504 1630 1565 
1655 1777 1636 1127 1402 1378 1275 1558 1554 1352 
1341 1306 1660 1311 1233 1769 1617 1639 1741 1912 
1825 1610 2033 1877 1818 1894 1386 1417 1757 1379 
1782 1452 1847 1667 1315 1954 1850 1453 1472 1405 
1990 1670 1905 2250 1829 1863 2016 1550 1607 1490 
2003 1948 1932 2264 2149 1886 2240 1835 1515 1729 
1799 1870 1667 1769 2035 1697 1504 2096 1960 1774 
2088 2216 1833 1447 1865 2327 1990 2004 2417 2269 
1768 1886 1947 1653 1810 1866 1585 1710 2025 1809 
1793 1718 2150 1664 1379 1802 1892 1758 1808 1974 
2188 2176 1980 1653 1586 1452 1755 1649 1518 1797 
1675 1776 1949 2002 1475 1573 2199 2023 1697 2074 
1340 1727 1915 1585 1372 1630 1909 1738 1571 1732 
1710 1808 2019 1529 1445 1734 1826 1596 1990 1942 
1709 1503 1613 1630 1592 1774 1704 1499 1352 1373 
1786 1535 1758 1683 1661 1444 1199 1651 1750 1666 
2175 2058 1797 1945 1730 1529 1765 1874 1424 1079 
1478 1430 1519 1814 1844 1544 1583 1853 1577 1630 
2057 1988 2193 1813 2085 2176 1660 1623 1783 1406 
1684 1732 1928 1699 1463 1854 1929 1656 1647 1883 
2132 2088 2316 1942 1773 2169 2259 1989 1992 2004 
2231 2267 2279 1818 1717 1870 1912 2187 2419 2360 
2661 2644 2046 1953 1887 1708 2029 2206 2172 2373 
2107 2342 1776 1905 1951 2031 1707 1768 2065 2132 
2243 2338 2009 1775 1564 1464 1586 1719 1485 1416 
1532 1461 1604 1348 1269 1718 1585 1274 1639 1539 
2094 1813 1984 1828 1807 1654 1653 1723 1799 1381 
1814 1661 1465 1449 1732 1933 1563 1577 1862 1569 
1715 1680 1420 1468 1672 1923 1835 1618 1951 1901 
1414 1440 1520 1606 1642 1897 2139 1836 1768 1759 
1515 1361 1556 1866 1443 1558 1784 1432 1538 1515 
1549 1296 1345 1956 1691 1341 2026 1695 1765 2017 
1399 1309 1708 2278 1777 1558 1909 1748 1455 1566 
1622 1621 1758 2498 1960 1580 1841 1501 1381 1677 
1746 1975 1768 2011 2129 1907 1844 1639 1669 1708 
1361 1188 1585 2028 2300 1789 1702 1808 1174 1444 
1860 1809 1702 1704 2076 1964 1789 2057 1630 1361 
1767 1592 1416 1743 2021 2000 2230 1927 1631 1551 
1591 1727 1352 1326 1675 1962 2132 1846 1499 1751 
1745 1766 1522 1478 1435 1557 2018 1861 1622 1269 
1453 1461 1604 1309 1363 2017 1861 1756 1921 1867 
1729 1772 2154 1656 1408 1726 1836 1753 1779 1556 
1295 1842 1762 1712 1933 1935 1631 1886 2055 1902 
1477 1541 1844 1956 2207 1967 1717 1907 2045 1869 
1582 1273 1598 1956 2270 2395 2301 1982 2025 1900 
1259 961 1411 2110 2170 1908 2210 2100 1609 1920 
1406 1468 1679 1634 2005 2342 1992 1813 1598 1482 
1317 1559 1636 1460 1800 2106 1854 1736 1453 1182 
1704 1755 1706 1912 1937 1830 1656 1603 1235 1188 
1648 1851 1751 1681 1528 1794 1634 1326 1322 1012 
1602 1614 1735 2133 1700 1324 1760 1507 1392 1304 
1843 1711 1598 1615 1594 1543 1817 1504 1380 1226 
2012 1767 1411 1835 1853 1604 1576 1415 1396 1274 
1763 1687 1778 1631 1986 1930 1666 1811 1376 1335 
2112 1973 2085 1846 1923 2441 1629 1569 1456 976 
1775 1873 1592 1929 2181 2227 2035 1619 1388 1066 
1779 1732 1831 1568 2110 2096 1833 1729 1394 1281 
1495 1345 1373 1919 1734 1738 2138 2141 1626 1739 
1535 1547 1518 1474 1466 1763 1760 2176 2264 1865 
1950 1520 1811 1962 1687 1710 1769 1576 2286 2313 
1782 1961 1497 1548 2028 1618 1463 1720 2154 1899 
2147 2138 1829 1856 1944 1674 1529 1343 1686 1897 
1841 1609 1411 1605 1751 1551 1629 1659 1259 1577 
1868 1661 1872 1701 1537 1731 1837 1620 1370 1571 
1111 996 1347 1401 1321 1422 1715 1864 1641 1653 
1187 1591 1637 1259 1512 1838 1997 1820 1818 1908 
1059 1458 1522 1577 1835 1681 1988 2291 1950 1768 
1349 1621 1462 1455 1725 2185 1903 1872 2045 2095 
1384 1624 1519 1862 2009 1970 2080 2276 2165 1908 
1337 1507 1458 1844 2068 1833 1769 1809 2073 1938 
1870 1634 1637 1381 1615 1583 1875 1931 1766 1624 
1692 1227 1485 1703 1957 1777 2147 1914 1657 1881 
1759 1527 1737 2088 1895 1545 1707 2065 1544 1365 
1991 2205 1445 1731 1942 1922 1982 2159 1862 2068 
1735 1734 1707 2050 2204 1877 1849 2120 2147 1822 
1705 1704 1636 1695 2037 1977 1600 1709 2112 1978 
1623 1606 1704 1314 1335 1743 1822 1253 1674 1553 
1654 1363 1633 1725 1420 1623 1649 1070 1132 1403 
1738 1823 1723 1444 942 1196 1540 1269 743 810 
1412 1447 1293 1381 1494 1021 1090 1458 1043 1244 
1742 1766 1728 1038 1346 1459 1003 1422 1498 1335 
1651 1581 1293 822 837 1372 1394 1421 1772 1793 
1598 1288 1329 1024 1002 1421 1833 1469 1533 1865 
1677 1273 1696 1272 1229 1450 1581 1735 1680 1604 
1579 1031 1839 1826 1144 1625 1707 1738 1738 1644 
1646 1542 1869 1714 1700 2131 2036 1905 1848 1553 
1571 1769 1992 2142 1782 1925 2174 1437 1380 1435 
2022 2242 1974 2054 2116 2038 2242 2087 1703 1776 
1972 1776 1907 2136 2130 2007 2449 2164 1449 1517 
1818 2023 1740 1968 2484 1936 1642 2040 1631 1237 
1833 2438 2014 1561 2108 2258 2234 2014 1676 1552 
1267 1685 1324 1395 1800 1783 1861 1902 1303 1219 
1429 1398 1519 1290 1354 1849 2045 1773 1705 1535 
946 920 1472 1565 1319 1414 1549 1520 1397 1177 
1301 1383 1791 1316 1125 1519 1283 1190 1564 1266 
992 1283 1446 1245 1232 1816 1545 1090 1275 1061 
1367 1669 1896 1635 1378 1793 1775 950 1157 1165 
876 1288 1622 1500 1238 1587 1890 1384 1335 1396 
1369 1403 1869 1663 1514 1539 1879 1900 1646 1627 
1302 1032 1287 1805 1968 1677 1753 1968 2110 1640 
1650 1442 1423 1761 1695 1698 1678 1760 1752 2181 
1549 1510 1356 1608 1591 1709 1702 1811 1633 1431 
1424 1659 1563 1741 1664 1390 1571 1403 1296 1468 
1743 1945 1789 1677 1702 1257 1168 1466 1307 1360 
1469 1373 1644 2009 1929 1278 1443 1680 1468 1392 
2133 2056 1881 1703 1766 1689 1373 1246 1353 1526 
1770 1903 1618 1451 1692 1342 1193 1644 1343 1358 
2169 2330 1903 1284 1550 1421 893 1238 1700 1432 
1264 1756 1780 1260 1193 1531 1048 891 1345 1260 
1684 1801 2240 1727 1319 1210 730 1391 1894 1469 
1743 1861 1807 1385 1286 1726 929 955 1656 1715 
1627 1523 1564 1517 1329 1331 1285 1398 1860 2166 
1842 1643 1412 1434 1557 1249 1156 1650 1755 1831 
1552 1453 1484 1347 1375 1116 1441 1431 1710 2237 
1594 1582 1295 1621 1332 994 1178 1830 2270 2127 
1509 1764 1266 1501 1711 1886 1793 1906 2355 2311 
1665 1738 1618 1457 1755 1780 1430 1234 1802 1898 
1434 1640 2101 1621 1431 2018 1800 1507 1596 2060 
1620 1846 2082 1365 1268 1752 1675 1613 1491 1763 
1633 1722 1958 1827 1559 2036 1880 1441 1535 1509 
1858 1508 1789 2260 1430 1517 1963 1553 1711 1930 
1798 1770 1749 2073 2044 2122 1960 2063 2228 2146 
1759 1464 2002 2153 1746 1672 2128 2077 1895 1792 
2130 1961 1856 2120 2393 2215 1908 2122 2313 2457 
1732 1587 1801 2036 1762 1916 1854 1846 1701 1649 
2222 1943 1783 2070 2138 1947 1752 1675 1748 1722 
1999 2025 1730 1825 1938 1791 1577 1623 1754 1418 
1540 1757 1661 1925 2114 1400 1727 1706 1291 1576 
1970 2109 1884 1762 2013 1463 1650 1634 1344 1191 
2025 1793 1773 2004 1965 1916 1848 1282 1525 1732 
1711 1616 1851 1825 1488 2059 1847 1302 1330 1350 
1793 2039 1891 1863 1810 1863 1575 1650 1683 1413 
1698 1837 1732 1721 1454 1722 1931 1345 1475 1470 
1694 1909 1683 1865 1931 1433 1829 1734 877 1105 
1595 1607 1961 1699 1118 1450 1790 1341 1171 1334 
1699 1675 1469 1713 1756 1598 1698 1599 1397 1296 
1419 1582 1387 1132 1533 1799 1645 1688 1761 1754 
1199 1137 1223 1379 1714 1604 1356 1385 1854 1275 
1479 1660 1568 1267 1493 1421 1777 1553 1505 1606 
1149 1186 1437 1564 1575 1383 1453 1585 1136 1329 
1864 2062 1644 1864 1911 1566 1841 1734 1099 1344 
1409 1572 1507 1666 1924 1491 1556 1841 1399 1418 
1746 1652 1748 1521 1303 1690 1757 1701 1844 1962 
1507 1328 1485 1672 1357 1296 1723 2125 2177 1966 
1559 1449 1591 1373 1095 1516 1405 1326 1822 1722 
1412 1270 1359 1270 1154 1079 1322 1165 1713 1902 
1403 1539 1179 1168 1218 1384 1648 1372 1618 1900 
887 1196 1130 1082 1309 1385 1236 1305 1416 1358 
1307 1389 1322 1054 1188 1367 1580 1239 1135 1584 
1442 1529 1519 903 1242 1914 1282 1190 1444 1371 
1548 1495 1656 1373 1215 1737 1479 1138 1338 1509 
1184 1401 1613 1573 1345 1777 1784 1537 1456 1093 
1760 1507 1797 2005 1866 1716 1718 1748 1727 1809 
1499 1417 1207 1528 1755 1843 1874 2014 1945 1712 
1643 1769 1800 1779 1977 2365 2265 2166 1950 1871 
1279 1389 1681 1640 1988 2040 1969 1780 1792 1734 
1482 1568 1898 1804 1776 1615 1720 1743 1430 1275 
1434 1434 1552 1647 1646 1800 1683 1351 1517 1544 
1443 1554 1296 1408 1436 1400 1287 1227 1382 1073 
1534 1874 1306 1249 924 1574 1672 1222 1481 1897 
1195 1616 1374 822 984 1260 1395 1409 1754 1538 
1634 1897 1905 1555 1708 1602 1672 1826 1934 2214 
1384 1649 1531 1356 1305 1253 1430 1832 1832 1763 
1867 1896 1805 1692 2079 1780 1939 2257 1851 1992 
1590 1335 1487 1550 1607 1591 1866 1856 1651 1887 
1584 1244 1487 1659 1872 2096 1963 1900 2180 2058 
1678 1289 1620 1836 1574 1824 2090 2068 2224 2065 
1372 1254 1111 1629 1928 2099 1760 1868 2257 2021 
1926 2216 1548 1834 1794 2141 1868 1899 2486 2008 
1550 1812 1579 1590 1848 1982 1988 1618 1896 2151 
2194 2342 2126 1808 1921 2175 2127 1907 1671 1604 
1764 1907 1827 1815 1912 1667 1801 1785 1761 2241 
2194 2061 2118 1899 2007 1655 1952 2303 1775 1613 
1662 1759 1793 2113 2015 2019 1634 1461 1761 1826 
1549 1766 2109 1911 1829 1918 1780 1782 1883 1870 
1630 1702 2148 1909 1393 1757 1709 1408 1551 1736 
1208 1246 1558 1427 1305 1304 1562 1541 1248 1326 
1551 1351 1753 1936 1521 1593 1617 1452 1334 1362 
1599 1476 1308 1271 1493 1380 1263 1182 921 987 
1414 1172 1361 1620 1372 1547 1513 1281 1492 1116 
1853 1843 1530 1450 1560 1730 1710 1312 1337 1019 
1743 1794 1722 1675 1717 1631 1568 1535 1464 1352 
1936 2060 1799 1464 1176 1429 1393 1613 1757 1765 
2276 2368 1767 1609 1536 1324 1249 1675 1794 1624 
1995 2091 1741 1433 1453 1128 1525 1539 1571 2001 
1750 1537 1968 1677 1428 1163 939 1453 1618 1798 
1800 1880 1983 1525 1334 1334 1178 1327 1662 2121 
1591 1565 1885 1555 1167 1072 1087 1452 1596 1674 
1510 1406 1615 2192 1717 1533 1196 1273 1983 2014 
1461 1759 1350 1636 1443 1040 1413 1381 1533 1982 
1747 1564 1576 2176 1982 1692 1768 1604 1785 1827 
1803 1690 1208 1328 1307 1377 1709 1499 1396 1834 
1412 1534 1455 1694 1681 1758 2104 1884 1683 1758 
1553 1402 1304 1240 1305 1226 1426 1553 1357 1371 
1475 1057 1484 1597 1540 1488 1727 1769 1678 1653 
1586 1432 1858 1613 1307 1494 1629 1294 1401 1394 
1396 1540 1776 1823 1698 1371 1561 1824 1578 1706 
1796 1876 1850 1564 1735 1711 1393 1348 1509 1532 
1744 1793 1369 1958 2074 1808 1763 1857 1450 1674 
1594 1769 1538 1995 2027 2050 1668 1570 1897 1799 
1263 1548 1672 2121 2006 1856 1914 2118 1913 1960 
1718 2098 1992 1633 1720 1864 1546 1750 2049 1652 
1679 1703 1821 1607 1760 1873 2050 1744 1647 1927 
1531 1746 1861 1089 1356 1831 1753 1394 1336 1673 
1810 2076 1992 1695 1298 1609 2219 1641 1387 1622 
1228 1664 1378 1345 1409 1585 1798 1855 1512 1478 
1474 1759 1683 1855 1648 1715 2091 1767 1580 1503 
1807 1942 1824 1783 1758 1495 1812 1608 1319 1279 
1623 1617 1896 1918 1738 1699 1686 1844 1632 1730 
1780 2281 1970 1876 1769 1433 1618 2103 1659 1705 
1218 1715 1745 1480 1965 1554 1359 2094 1779 1759 
1875 1756 1769 1389 1448 1409 1660 1891 1618 1906 
1572 1367 1535 1429 1651 1648 1622 1768 1707 1809 
1882 1725 2005 2205 1373 1481 1954 2088 2227 2063 
2075 2068 1807 1698 1722 1915 1992 1819 2046 1829 
2155 1868 1969 2511 2197 2273 2129 1914 2096 2139 
1857 1784 1677 1889 1792 2124 2212 1755 2070 2304 
1849 1938 1791 1561 1894 1942 2030 1973 1818 1949 
1526 1601 1589 1454 1669 1713 1744 1669 1854 1828 
1339 1789 1507 1672 1783 1678 1373 1459 1788 1828 
1113 1424 1531 1729 1397 1218 1886 1527 1119 1627 
1347 1451 1505 1595 1597 1521 1771 1576 1352 1568 
1436 1359 1611 1634 1088 1196 1543 1542 989 1190 
1647 1788 1440 1461 1538 1386 1386 1577 1357 1451 
2171 2177 1932 1373 1356 1487 1278 1584 1452 1149 
2106 1655 1579 1639 1582 1364 1434 1544 1386 1315 
1795 1953 1777 1593 1747 1552 1515 1429 1450 1341 
1780 1736 1861 1432 1095 1328 1481 1642 1421 1475 
1688 1492 1386 1072 1546 1896 1329 1314 1577 1245 
1625 1571 1301 1134 1077 1368 959 913 1486 1387 
1851 1902 1272 1363 1405 1214 1389 1542 1472 1504 
1916 2002 1537 1596 1095 1010 1233 1277 1406 1465 
1290 1436 1830 1551 1211 1526 1596 1643 1899 2182 
1766 1803 2014 1569 1393 1829 1628 1587 1864 1892 
1282 1357 2003 1752 1843 2119 1613 1645 1751 1868 
1791 1797 2117 1749 1756 1934 2135 2009 1970 1989 
1801 1917 1841 2080 2150 1746 2190 2117 1532 1683 
1707 1604 1859 1727 1953 2037 1851 2057 1733 1458 
2096 2201 1810 2187 1846 1648 1729 1729 1770 1948 
1844 1850 1853 1867 1742 1596 1589 1768 1804 1686 
2102 1594 1637 1887 1438 1229 1336 1533 1760 1976 
2161 2065 1550 1660 1707 1436 1393 1390 1733 1974 
1610 1551 1526 1600 1414 1205 1754 1610 1696 1977 
1821 2245 1641 1470 1857 1292 1489 1672 1099 1488 
1555 1823 1916 1562 1268 1448 1644 1650 1542 1714 
1415 1643 1409 1534 1306 1022 1482 1641 1243 1013 
1780 2101 1748 1375 1642 1469 1295 1569 2008 1761 
1398 1248 1779 1786 1347 1622 1417 1298 1661 1422 
1929 1683 1937 1906 1670 1441 1289 1438 1754 1506 
1349 1153 1768 2013 1686 1940 1883 1335 1333 1462 
1654 1514 1969 2147 2027 1779 1727 1463 1061 1065 
1355 1357 1642 1803 1855 1872 1612 1354 1154 1238 
1636 1679 1711 2017 1898 2269 2311 1794 1460 1457 
1411 1846 1304 1587 2165 1767 1797 1486 1290 1390 
1858 2278 1974 1892 2139 2021 1698 1866 1862 1778 
1638 1718 1799 1704 1933 1918 1533 1771 1936 1577 
2000 2081 2105 1455 1862 2048 1543 1342 1636 1563 
1563 1695 2019 1786 1580 2078 1759 1357 1324 1344 
1634 2089 1959 1921 1737 1507 1634 1650 1466 1658 
1491 1847 2130 1981 1759 1852 2071 1831 1462 1534 
1760 2019 1913 1914 1978 1949 1747 1926 1455 1595 
1903 1923 2208 2221 1744 1896 1742 1683 1667 1685 
1808 1681 1904 1903 1419 1637 2047 1692 1584 1617 
1636 1507 1685 2289 2004 1338 1796 1823 1360 1337 
2064 2194 1567 1721 2030 1463 1487 1815 1482 1207 
1503 1505 1451 1466 2211 1934 1783 1706 1409 1397 
1826 1868 1703 1539 1979 1695 1389 1669 1285 985 
1580 1603 1887 1557 1644 2041 1987 1645 1680 1466 
1716 1646 1728 1582 1552 1873 1676 1746 1768 1615 
1623 1386 1764 1789 1412 1907 1608 1880 1980 1838 
1432 1373 1276 1428 1465 1784 1778 1473 2003 1992 
1549 1495 1281 1457 1668 1617 1868 1948 1790 1995 
1427 1246 1105 1397 1744 1492 1336 1438 1438 1613 
1477 1286 1588 1611 1399 1151 1515 1678 1612 1458 
1300 1304 1486 1698 1445 1159 1481 1589 1249 1448 
1568 1671 2066 1673 1387 1516 1572 1453 1528 1719 
1354 1738 1707 1661 1251 1450 1579 1536 1673 1821 
1428 1613 1787 1772 1577 1086 1492 1787 1902 1846 
1623 1452 1683 1580 1767 1693 1670 1693 1711 2139 
1861 1597 1772 2057 1861 1481 1483 1937 1574 1839 
1503 1335 1812 1799 1403 1956 1884 1415 1708 1972 
1848 2059 2218 1817 1375 1730 1848 1654 1504 1684 
1738 1937 2161 2131 1702 1845 1953 1798 1642 1679 
1961 2125 1834 1751 1956 1717 1609 1711 1548 1247 
2116 1730 1959 2094 2010 1935 2026 1888 1792 1821 
2227 1992 1585 1670 1937 2361 2063 1940 1925 1507 
2048 1825 1965 1738 1876 2187 2045 2131 2171 1867 
2356 2055 1846 1618 2047 2272 1707 1893 2434 2023 
2498 2326 2034 2009 1987 1969 1683 1990 2299 2043 
2291 2098 1924 1750 1879 1900 1696 1564 1743 2034 
1826 2047 1838 1614 1314 1673 1629 1467 1789 2157 
1547 1569 1709 1538 1319 1344 1668 1411 1588 1888 
1936 1652 1885 1349 1264 1333 1343 1418 1530 1793 
1666 1462 1563 1566 994 1059 995 1415 1598 1722 
1936 1963 1796 1598 1413 1350 1252 1610 1850 1825 
1836 1626 1790 1321 1499 1316 1121 1481 1824 1994 
2117 1584 1720 1930 1715 1482 1398 1936 2269 2170 
1759 1774 1648 1641 1682 1744 1314 1663 2544 2286 
1593 1770 1757 1796 1719 1692 1700 1629 2103 2156 
1482 2262 1750 1853 2105 2220 1634 1653 2071 1959 
1371 1844 1972 1801 1877 1799 1508 1105 1640 1729 
1304 1589 1927 2106 1899 1514 1639 1642 1293 1652 
1088 1125 1939 1954 1590 1420 1797 1828 1320 1441 
1243 1194 1449 1645 1857 1364 1440 1450 1345 1763 
1453 1402 1386 1535 1697 1531 1244 1625 1758 1735 
1328 1543 1120 1538 1422 1669 1281 1244 2135 2021 
1630 2062 1430 1322 1606 1230 1629 1323 1525 1518 
1439 1644 1835 1294 1375 1890 1465 1551 1688 2147 
1795 1937 2005 1789 1394 1710 1493 1482 1392 1424 
1729 1954 1927 1452 1223 1475 1794 1823 1956 2063 
1923 1717 1675 1356 1389 1874 1895 1484 1471 1489 
2333 2210 2005 1851 1759 1652 1619 1591 1642 1917 
2180 1828 1874 1889 1311 1172 1250 1498 1995 1718 
2392 2163 2181 2062 1540 1375 1469 1712 1628 1651 
2098 1655 1971 1723 1524 956 953 1202 1366 1435 
2194 1852 2153 1840 1642 1539 1173 1060 1245 1151 
2107 1641 1578 1768 1795 1307 1095 1103 1157 1252 
2062 1947 1387 1403 2003 1831 1362 1216 1019 968 
2072 2118 1391 1740 2155 1759 1621 1634 1470 1011 
2063 2348 1638 1518 2200 2001 1969 1494 1378 1573 
2197 2216 1788 1558 2044 2080 1760 2053 1969 1629 
2052 1647 1613 1849 1770 2167 1563 1464 2194 1909 
2185 1894 1482 1254 1311 1857 1819 1457 1972 1879 
1252 1233 1427 1181 1116 1911 1870 1469 1864 2088 
1255 1224 1625 1228 753 1401 1461 1391 1618 1907 
983 1020 1477 1274 1186 1478 1593 1963 1860 1818 
1529 1271 1521 1788 1706 1446 1366 1869 1829 1936 
1821 1914 1403 1571 1942 1768 1574 1595 1581 1708 
1511 1721 1582 1726 1607 1387 1391 1297 1503 1553 
2087 2426 1903 1393 1658 1566 1818 1520 1485 1803 
1407 1635 1719 1312 1383 1403 1327 1585 1452 1349 
1552 1521 1513 1685 1923 1508 1393 1577 1411 1484 
1330 1288 1614 1521 1648 1589 1239 1537 1473 1326 
1830 1508 1897 1974 1684 1947 1755 1664 1527 1221 
1885 2035 1554 1522 1525 1645 1590 1072 1065 1129 
2014 2039 1912 1982 1863 1668 1642 1361 1296 1050 
2504 2385 2038 2117 1881 1671 1640 1137 1246 1123 
2296 2133 2010 2275 1841 1517 1527 1173 1061 1164 
2158 1844 1942 2340 1970 1484 1756 1652 1312 1228 
2272 2229 2034 2196 2149 1709 1742 1524 1393 1305 
2182 1981 2099 2013 2033 1790 1705 1563 1540 1615 
2385 2476 2148 1914 2107 2006 1430 1559 1480 1479 
1721 1684 2047 1788 1603 1577 1276 1522 1868 1926 
2357 2124 2294 1998 1612 1955 1893 1603 1679 1724 
1718 1688 1681 1731 1204 1207 1246 1240 1404 1579 
1757 2035 1718 1528 1728 1456 1076 1061 1770 1687 
1514 2008 1718 1500 1303 1222 1354 1533 1827 1933 
1097 1628 1635 1364 1740 1398 1143 1257 1330 1527 
1158 1724 1647 1360 1571 1468 1632 1552 1666 1862 
1246 1520 1541 1360 1652 1772 1544 1424 1193 1620 
1483 1419 1593 1972 1755 1819 1772 1972 2123 1833 
1349 1386 1755 1982 1686 1933 2126 1920 1902 1826 
1671 1299 1682 2218 1848 1936 2097 2111 2247 2175 
1936 1690 1409 2148 1831 1414 1942 1885 1974 2316 
1746 1689 1464 1927 2049 1614 1764 2197 2076 2163 
1943 2172 1606 1749 1984 1573 1211 1559 2354 2199 
2086 2076 2218 1871 2040 1698 1397 1652 2027 1992 
1964 1941 2017 1672 1622 1940 1558 1603 1745 2035 
1420 1722 1915 2030 1853 1728 1687 1506 1313 1495 
1391 1666 1868 1824 1864 1739 1684 1715 1460 1814 
1336 1643 1475 1690 2031 1757 1529 1753 1802 1457 
1529 1985 1765 1550 2205 2239 1817 1593 1882 1796 
1849 2299 1909 1687 2315 1921 1619 1856 1700 1440 
1861 2016 2011 1878 2188 2017 1840 1484 1811 1894 
2177 2350 2000 1575 1700 2076 1957 2081 2097 2004 
1476 1459 1739 1713 1597 1990 1764 1751 2489 2144 
2099 1856 1720 1471 1321 1749 1988 2077 2577 2652 
1618 1526 1445 1755 1997 2077 1770 2252 2472 2730 
2074 1946 1832 1655 1576 1450 1806 1820 1753 2139 
1875 1834 1492 1319 1691 1777 1795 1783 1773 2015 
2172 2242 2048 1726 1820 2232 1661 1347 1943 1912 
1557 1941 2208 1617 1466 2061 1955 1684 1976 1807 
1547 1930 2056 1622 1684 2002 1510 1577 1656 1681 
1658 1958 1998 1684 1471 2225 1996 1824 1809 1940 
1338 1674 1580 1917 1955 1624 1912 1610 1171 1460 
1747 2176 1929 1797 1745 1675 1853 1781 1485 1576 
1464 1498 1550 1896 1915 1864 1673 1469 1272 1102 
2315 2257 1921 2075 2265 1778 1747 1812 1990 1595 
2102 2039 1978 1783 2383 2195 1937 1827 2068 1699 
2061 2026 2137 1922 2060 2125 1829 2108 1868 1668 
2153 2306 1979 1955 1913 1973 1905 2017 2102 2175 
1887 1805 1857 1859 1718 1737 2161 2113 1746 2000 
1881 1847 1360 1723 2024 1666 1535 1678 1379 1579 
2318 2305 1750 1793 1595 1368 1474 1438 1256 1310 
2003 1429 1529 1747 1715 1597 1218 1454 1401 1185 
2511 2287 1883 1940 1615 1750 1611 1356 1144 1011 
1847 1495 1592 2162 1797 1773 1776 1186 1397 1026 
2404 2150 1543 1770 1937 1671 1800 1487 1326 1515 
1669 1711 1682 1298 1606 2033 1983 2010 2060 1866 
1857 1985 1709 1030 1340 1738 1720 1681 1833 1674 
1163 1585 1756 848 1403 2003 1509 1614 1663 1601 
1384 1456 1714 1636 1328 1545 1769 1653 1278 1622 
1401 1416 1461 1878 1506 1629 1877 1579 1452 1194 
1430 1286 1556 2179 1595 1778 2153 1440 1499 1575 
1445 1521 1873 2211 2021 1766 2122 1741 1374 1216 
1189 1246 1767 1731 1940 1762 1504 1695 1543 1464 
1416 1254 1655 2025 1839 1526 1677 1780 1270 1265 
1587 1509 1261 1645 1707 1192 1216 1460 1430 1415 
1284 1176 1227 1615 1566 1548 1519 1585 1576 1469 
1403 1776 1402 1552 1823 1639 1125 1377 1618 1504 
1008 1443 1869 1250 1629 1715 1306 1443 1300 1528 
1671 1739 1947 1300 1552 1755 1648 1607 1021 1069 
1229 1024 1569 1860 1483 1755 1927 1508 1190 1342 
2186 1624 1918 2185 1688 1474 2168 2102 1467 1427 
1752 1335 1426 1710 1439 1389 1742 1595 1560 1185 
1926 2005 1801 2113 2198 1682 1767 1919 1735 1473 
1350 1749 1620 1296 1744 1569 1318 1561 1494 1187 
1843 1911 1743 1825 1966 1906 1823 1425 1131 1287 
1478 1569 1289 1427 1711 1671 1574 1740 1672 1382 
1824 1863 1828 1971 1930 1894 1761 1472 1592 1448 
1872 1808 1537 1352 1496 1380 1228 1895 2153 1567 
2329 1828 1931 1532 1642 1993 1509 1375 1644 1642 
2082 1658 1614 1317 1353 1605 1470 1284 1502 1488 
1995 1831 1881 1686 1244 1793 2002 1047 1201 1396 
2305 2185 1520 1316 1234 1365 1493 1324 1094 1081 
1706 1325 1428 1526 1733 1392 1363 1398 1296 858 
1728 1395 1388 1487 1454 1130 983 1691 1550 1287 
1546 1456 1565 1549 1442 1445 1403 1738 1568 1393 
1286 1382 1417 1253 1393 1634 1668 1570 1799 1868 
1683 2002 2065 1817 1555 1759 1654 1576 1921 2154 
1614 1733 1616 1618 1826 1196 1494 2022 2042 2105 
1752 1988 1901 1715 1940 1707 1375 1748 1676 1822 
2098 2205 1881 1636 1959 1573 1412 1747 1659 1800 
1602 1604 1772 1577 1679 2024 1641 1467 1858 1958 
1765 1867 1608 1854 1897 1581 1734 1865 2041 1841 
1333 1664 1594 1295 1681 1782 1859 1632 1931 1962 
1282 1409 1425 1419 1841 1778 1627 1818 1565 1767 
1647 1831 1613 1560 1498 1833 1470 1507 1440 1535 
1668 1390 1413 1657 1364 1547 1487 1464 1365 1224 
1970 1725 1549 1573 1561 1411 1456 1362 1227 1145 
1554 1332 1672 1761 1550 1613 1530 1451 1195 971 
1179 1313 1585 1687 1909 1694 1556 1354 1353 1266 
1156 1444 1952 1473 1583 1495 1734 1603 1490 1399 
1239 1401 1642 2024 1999 2021 2167 1983 1420 1451 
1441 1834 1331 1525 2046 1646 1590 1679 1670 1625 
1660 1850 1736 1662 1864 2061 1935 1814 1456 1500 
1580 1540 1811 2084 1875 1808 1443 1677 1822 1468 
1459 1652 1878 1471 1537 1726 1833 1397 1317 1417 
1561 1459 1717 1782 1545 1478 1603 1696 1365 1169 
1432 1400 1290 1376 1567 1685 1610 1365 1193 1174 
1570 1457 1470 1410 1430 1461 1525 1349 1126 1199 
1885 1688 1245 1282 1303 1353 1430 1639 1660 1302 
1663 1384 1226 1301 1271 1142 1853 1801 1378 1604 
1460 1362 1337 1537 1832 1322 1523 1938 2002 1768 
1265 1380 1638 1555 1747 1198 1414 1719 1473 1665 
1389 1162 1684 1672 1573 1491 1638 2128 1676 1669 
1794 1728 1626 1841 2011 2005 1448 1490 1589 1430 
1626 1842 1879 1759 1912 2069 1593 1350 1571 1299 
1674 2023 2095 1763 1901 2139 1456 1347 1473 1003 
1404 1819 1544 1548 1633 1852 1387 1041 1511 1472 
1393 1663 1517 1315 1151 1513 1761 1358 1033 902 
1368 1020 1193 1698 1154 1134 1350 866 1131 1359 
1468 1437 1316 1102 962 1291 1527 977 1002 971 
1451 1237 1366 1228 1183 1141 1096 1094 1079 1002 
1221 1343 1328 1127 1534 1521 1199 1193 1101 872 
1345 1406 1592 1200 1443 1440 1358 1737 1219 1087 
1220 1019 1464 1417 1215 1931 1670 1389 1588 1415 
1313 1145 1177 1524 1250 1545 1770 1469 1451 1487 
1684 1521 1140 1422 1332 1759 1728 1378 1823 1620 
1515 1029 851 1692 1692 1525 2063 1493 1826 1922 
1463 1543 1080 1560 1872 1429 1707 1966 1677 1948 
1667 1655 1904 1822 1480 1688 2294 2036 1691 1914 
1434 1365 1327 1461 1595 1495 2083 1994 1493 1990 
1776 1738 2062 1713 1552 1792 1855 1740 1483 1829 
1301 1247 1377 1367 1508 1627 1367 1852 2122 1812 
1917 2164 1921 1508 1561 1870 1370 1701 2014 1693 
1593 1668 1657 1808 1784 1720 1227 1416 1915 1800 
2092 2172 2236 1903 1543 1578 1571 1142 1243 1325 
1863 1591 2251 2039 1522 1534 1951 1376 970 1563 
2114 1739 2035 2121 1596 1397 1739 1335 619 810 
2041 2152 1936 1640 1677 1671 1550 1559 1355 1206 
1603 1727 1658 1537 1896 1590 1789 1919 1216 1039 
1806 1996 1909 1653 1900 1812 1337 1638 1488 870 
1797 1801 1779 1611 1983 1761 1599 1610 1486 1222 
1537 1344 1880 1948 1770 1807 1320 1352 1341 841 
1564 1454 1702 2003 1667 1715 1686 1300 1213 1085 
1815 1789 1862 1712 1619 1836 1544 1342 1561 1220 
1661 1901 1583 1624 1999 2173 1644 1323 1438 1344 
1183 1820 1999 1563 1851 2110 1720 1467 1647 1408 
1888 2126 2143 2044 1935 1928 1976 1612 1638 1677 
1396 1335 1664 1867 1833 1605 1927 2015 1747 1938 
1383 1393 1628 1749 1735 1742 1875 2148 1809 1828 
1218 1637 1697 1641 1650 1730 1600 1638 1983 2042 
1021 1317 1548 1736 1822 1391 1969 1976 1576 1754 
1809 1909 1870 1606 1642 1361 1375 1500 1317 1355 
1794 1342 1717 1944 1437 1639 1718 1580 1640 1841 
2178 1879 1698 1950 1474 1399 1447 1556 1595 1446 
1959 1956 1756 1597 1455 1658 1757 1500 1728 1897 
1614 1747 1350 1657 1574 1208 1752 1754 1697 2033 
1428 1838 1650 1390 1902 1393 1437 2291 2176 2010 
1431 1663 1593 1512 1577 1518 1466 1766 1954 1861 
1360 1712 1589 1675 1566 1670 1550 1460 1735 1659 
1377 1523 1491 1538 1636 1751 1633 1298 1750 1957 
1250 1364 1363 1688 1276 1830 1999 1498 1856 1728 
1244 1342 1281 1801 1762 1516 1961 1997 1772 2031 
1205 1321 1358 1439 1587 1487 1571 1832 2074 1974 
1512 1429 1233 1507 1464 1660 2312 2000 1732 2067 
1468 1272 1056 1606 2093 1626 1881 1845 1328 1603 
2003 1867 1586 1490 2035 1520 1669 2320 1731 1677 
1492 1628 1438 1432 2066 1632 1655 2452 1917 1732 
1637 2309 1783 1381 1973 1903 1796 2290 2143 1798 
1647 2064 2079 1571 1673 2035 1812 1552 2011 2025 
1827 1842 1829 1711 1696 1699 1734 1736 1793 1886 
1647 1421 1630 1606 1477 1682 1399 1618 1782 1979 
1737 1458 1643 1714 1397 1505 1325 1651 1808 1748 
1361 1488 1437 1225 1215 1381 1551 1703 1906 2043 
1047 1493 1766 1309 1269 1641 1735 1637 1595 1654 
1422 1656 1804 1454 1469 1695 1541 1571 1899 1960 
981 1163 1324 1594 1805 1796 1669 1748 1833 1507 
1854 1813 1899 1866 1820 1856 1831 1514 1577 1508 
1304 1248 1423 2088 1851 1748 1605 1578 1844 1590 
1785 1730 2026 1676 1868 1799 1806 1481 1556 1541 
1722 1695 1950 1609 1830 1904 1442 1207 1158 1340 
1542 1777 1879 1699 2072 1955 1402 1539 1245 1244 
1843 2137 2027 1784 1672 1583 1254 1452 1132 996 
1211 1419 1659 1991 1833 1830 1536 1392 1533 1105 
1934 1936 1808 2173 1885 1726 1875 1354 998 1013 
1304 1334 1216 1617 1994 2240 2024 1479 1127 1079 
1705 1572 1516 1861 2096 1783 1967 1878 1157 1285 
1455 1519 1297 1289 2031 1708 1874 2107 1663 1382 
1480 1556 1586 1356 1756 1781 2045 2001 1403 1196 
1487 1501 1537 1474 1397 1382 1946 1861 1347 1542 
1357 1386 1570 1502 1362 1632 1933 1768 1257 1275 
1249 874 1587 2086 1696 1310 1534 1987 1488 1320 
1727 1392 1429 1404 1490 1808 1329 1576 1913 1318 
1553 1429 1527 1743 1524 1902 1659 1346 1536 1428 
2070 2088 1853 1566 1864 1745 1487 1526 1837 1666 
1585 1664 1843 1698 1567 1872 1789 1431 1399 1509 
2101 2049 1837 1955 1774 1154 1821 1852 1152 1462 
1490 1352 1671 1873 1613 1610 1721 1457 1218 1241 
1709 1469 1434 1661 1332 1376 1960 1635 1437 1574 
1467 1308 1453 1599 1453 1515 1745 1714 1487 1250 
1740 1720 1757 1459 1251 1703 1558 1673 1816 1463 
1663 1679 1566 1422 1323 1148 1346 1597 1715 1536 
1752 1617 1720 1544 1918 1883 1455 1772 2222 1982 
1893 1830 1526 1392 1916 1776 1532 1546 1672 1749 
1425 1439 1503 1649 1769 1887 2071 1703 1880 2092 
1419 1589 1569 1471 2138 2077 1613 1728 1701 1774 
1020 1381 1718 1747 1871 2246 1627 1438 1692 1284 
1614 1777 1711 1494 1813 2095 1668 1283 1822 1639 
1638 1864 1877 1776 1856 2160 1592 1468 1585 1562 
1771 2238 1924 1433 1356 1629 1495 1485 1649 1719 
1957 2116 2007 1685 1814 1493 1171 1372 1477 1531 
1894 1995 1593 973 1520 1492 1405 1532 1392 1726 
1440 1376 1738 1561 1440 1562 1599 1287 1046 1317 
1443 1504 1338 1464 1171 1273 2076 1580 1160 1317 
1032 1180 1286 1552 1538 1390 1810 1887 1349 1150 
1496 1394 1337 1765 1507 1492 1905 1732 1058 1001 
1134 1321 1446 1842 1748 1683 1300 1367 1128 769 
1581 1282 1982 1853 1391 1736 1825 1364 1132 820 
1401 997 1363 1693 1677 1461 1541 1198 874 699 
1690 1440 1563 1627 1705 1409 1777 1567 824 880 
1134 1021 956 1350 1827 1409 1589 1939 1287 1272 
1554 1479 1415 1322 1588 1582 1573 1779 1338 1176 
1265 1006 1130 1194 1262 1399 1653 1960 1846 1464 
1502 1650 1419 1192 1373 1785 1310 1346 1919 1743 
1044 1212 1210 1215 981 1409 1628 1585 1973 1637 
1363 1400 1178 1543 1514 1710 1598 1392 2077 2102 
909 859 1316 1589 1450 1471 1746 1669 1501 1734 
1696 1805 1791 1784 1805 1723 1809 1887 1827 2038 
1602 1895 1466 1498 1733 1698 2004 1985 1462 1848 
2050 2212 1784 1859 2230 2136 1713 1881 2261 1957 
2060 2334 1782 1620 1786 1857 1646 1733 2379 2325 
2079 2044 1831 1440 1556 1800 1637 1806 2074 1992 
1466 1164 1462 1310 1209 1511 1295 1632 2366 2167 
1709 1403 1577 1733 1628 1100 1680 1785 1334 1717 
1877 1796 1407 1455 1640 1261 1026 1221 1179 1311 
1624 1473 1409 1464 1477 1160 965 1255 1206 1438 
1444 1747 1806 1523 1551 1736 1580 1347 1265 1463 
1256 1396 1979 1644 975 1350 1334 978 1195 1255 
1779 1584 1799 1541 1343 1636 1316 1075 1439 1593 
1433 1369 1230 1672 1484 1446 1620 1521 1560 1474 
1804 1908 1287 1555 1832 1203 1127 1332 1391 1195 
1741 2219 1471 1157 1691 1297 1466 1809 1454 1781 
1678 2189 2023 1443 1546 1405 1243 1684 1632 1548 
1766 1964 2187 2049 1464 1323 1345 1574 1976 2038 
1888 1977 1860 1793 1499 1410 1183 1553 2246 2449 
1653 1400 1864 2134 1913 1807 1402 1567 1875 1858 
2174 2154 1844 1523 1826 1985 1540 1471 1687 2065 
1682 1819 1666 1374 1932 1718 1597 1784 1505 1771 
2040 2184 2133 1701 1817 2063 2010 2120 1785 1724 
1925 2276 1771 1685 1986 1973 1689 1812 1980 1646 
1844 1500 1809 1768 1815 1774 1770 1881 2090 1811 
2217 2039 1593 1648 2072 1582 1528 1994 2094 1992 
1408 1485 1571 1445 1595 1694 1728 1884 1919 1812 
1434 1578 1608 1772 1775 1802 1918 1596 1440 1739 
1481 1873 1878 1681 1858 1652 1717 1638 1988 1976 
1674 1550 1922 1881 1693 1886 2224 1906 1813 1965 
1696 1819 1672 1811 2230 2156 2082 2155 1992 1947 
1509 1602 1919 1918 1830 1835 1620 1951 2257 2016 
1661 1553 1780 1677 1606 2040 2037 1721 1593 1785 
1349 1042 1259 1760 1348 1619 1949 1728 1372 1574 
1357 1285 1205 1476 1656 2083 2156 1440 1199 1245 
1417 1352 1455 1884 1449 1224 1413 1387 1451 1509 
1323 1196 1413 1427 1156 1495 1821 1652 1549 1178 
1598 1340 1358 1277 1165 1534 1659 1515 1691 1462 
1389 1218 1223 1510 1655 1649 1590 1463 1288 1404 
2107 2078 1672 1296 1635 1447 1094 1675 1698 1349 
1502 1425 1480 1771 1952 1947 1797 1941 1794 1726 
1940 1704 1861 1896 2022 1695 1561 1839 1988 1879 
1609 1429 1856 2175 2089 1894 1977 1930 1819 1975 
1711 1744 1458 1808 1630 1570 1547 1567 1730 1830 
1086 1403 1308 1521 1795 1674 1641 1385 1418 1624 
1459 1778 1705 1285 1567 1346 1206 1585 1434 1268 
1294 1365 1407 1253 1546 1807 1362 1408 1832 1753 
1822 1565 1628 1363 1615 1697 1554 1788 1835 1760 
2069 1793 1801 1685 1631 1814 1638 2068 2377 2222 
1980 1956 1574 1134 1258 1876 1953 1929 2097 2287 
1604 1518 1359 1345 1562 1772 1793 2068 2007 1983 
1729 1531 1467 1467 1545 1832 1750 1823 1922 1908 
1240 1030 1202 1246 1316 1639 2047 1803 1432 1497 
1064 962 1430 1135 1376 1803 1709 1614 1652 1430 
1125 1253 1367 1297 1377 1905 1772 1626 1745 1633 
1117 1561 1162 1180 1288 1741 1945 1864 2198 1829 
1050 1353 1643 1377 1546 2017 1947 1692 2057 2122 
1569 1594 1965 1673 1403 1533 1963 1918 1700 1972 
1604 1226 1705 1962 1633 1671 2014 1906 2091 2119 
1967 1611 1408 1861 1763 1074 1765 2149 1723 2022 
1300 1490 1314 1486 1671 1422 1417 2147 2264 2114 
1566 1651 1363 1140 1176 1411 1521 2194 2514 2565 
1185 1226 1082 1202 1451 1801 1728 1815 2291 2316 
1284 1321 1504 1395 1250 1565 2046 1809 2142 2518 
1573 1419 1774 1639 1633 1725 2167 1746 1658 1877 
1883 1741 1854 1690 1790 1881 2016 2036 1630 1714 
1683 1565 1628 1700 1614 1861 1575 1558 1444 1502 
1704 1916 1521 1499 1638 2010 1654 1575 1921 1493 
1611 1701 1413 1658 1809 1887 1521 1454 2080 1778 
1623 1559 1634 1430 1360 1800 1876 1415 1680 1771 
1828 1430 1614 1867 1629 1408 1734 2001 1465 1549 
1642 1460 1398 1701 1912 1995 2206 1586 1592 2032 
1711 1327 1734 1780 1889 1446 1783 2200 1827 2008 
2130 2068 1657 1465 2076 1905 1588 2332 2541 2111 
1467 1564 1710 1616 1647 1648 1528 1723 2069 2150 
1823 1668 1853 1774 1863 1516 1295 2026 1836 2023 
1561 1410 1843 2006 1501 1393 1634 1403 1428 1688 
2005 1785 1923 1936 1363 1349 1768 1534 1246 1597 
1696 1572 2045 1954 1571 1729 1846 1755 1428 1500 
1822 1615 1687 2114 1702 1608 1566 1737 2075 1969 
1909 1752 1390 1958 1871 1494 1644 2070 1979 1818 
1574 1269 1088 1610 1986 1416 1754 2148 2322 2274 
1923 1853 1318 1299 1689 1685 1958 1871 1923 2283 
1732 1452 1497 1319 1670 1923 2157 2154 1870 2034 
2386 1967 1731 1553 1614 1698 1596 1669 1677 1810 
2265 1959 1976 1628 1446 1818 1787 2049 1818 1570 
2041 1667 1777 1979 1520 1533 1673 1737 1579 1578 
2036 1759 1751 1938 1406 1612 1884 1582 1591 1429 
1899 1642 1185 1614 2216 1488 1629 1457 1086 1178 
1850 1953 1459 1253 1811 1828 1345 1397 1492 1130 
1528 1842 1681 1427 1752 1922 1740 1548 1090 966 
1420 1895 1905 1395 1618 1776 1683 1698 1475 1309 
1556 1715 2067 1960 1795 2064 1844 2009 1962 1674 
1505 1514 1601 2107 1937 1709 2082 2013 2029 2062 
1881 2060 1812 2013 2295 1950 1915 2163 2416 2289 
1525 1398 1797 2086 1886 2249 2171 1798 2052 2135 
1739 1549 1873 2302 1845 1867 1939 1551 1773 2081 
2087 1664 1842 1894 1663 1803 1818 1859 1908 1763 
1884 1519 1521 1719 1665 1859 1605 1129 1501 1417 
1951 2166 1784 1537 1581 1483 1474 1233 1179 1213 
1713 1870 2104 1610 1248 1561 1579 1209 714 867 
1711 1749 1441 1449 1188 1383 1577 1056 570 935 
1573 1616 1675 1677 1450 1365 1536 1515 656 612 
1657 1404 1589 1996 1506 1016 1499 1320 1076 1013 
1550 1571 1729 2066 1776 1354 1815 2066 1855 1712 
1751 1607 1379 1775 2218 1601 1367 2034 2166 1686 
1852 1710 1433 1698 2086 1834 1576 1812 2334 2057 
1912 1495 1698 1601 1739 1767 1405 1394 1575 1645 
1738 1417 1931 1522 1289 1626 1615 1450 1542 1601 
1863 1457 1687 1380 931 1513 1322 668 1064 1246 
1804 1575 1219 1167 1205 1291 1366 1416 1272 1274 
2065 1674 1462 1422 1500 1099 800 1207 1220 1201 
1773 1873 1377 1050 1306 1540 1330 1504 1528 1682 
1639 1757 1569 1498 1407 1291 1066 1524 1701 1561 
1892 2020 2060 1722 1686 1724 1741 1799 1810 1883 
1985 1991 2012 2007 1832 1374 1408 1856 2049 1803 
1842 1706 1706 1744 1754 1712 1796 1647 1720 2054 
2021 1802 1830 1893 2199 2075 1643 1621 1816 1755 
1524 1444 1635 1511 1550 2031 1522 1247 1873 1633 
1418 1401 1815 1722 1899 2168 1830 1290 1505 1279 
1381 1666 1774 1515 1592 1787 1645 1245 1296 1352 
1080 1392 1679 1733 1575 1774 2051 1784 1281 1327 
1751 2111 1555 1700 1250 1228 1741 1652 1547 1750 
1390 1725 1627 1724 1405 1150 1490 1856 1791 1722 
1794 1838 1893 1625 1524 1077 1268 1550 1668 2012 
1549 1456 1675 1260 1482 1312 1156 1435 1458 1553 
2053 1566 1617 1496 1760 1389 1421 1472 1162 1428 
1526 1385 1321 1498 1505 1648 1294 1471 1027 931 
1449 1490 1379 1692 1287 1510 1167 946 1223 920 
1000 1132 1294 1162 1032 1451 1679 999 1234 1006 
1505 1468 1464 1090 1113 1635 1284 722 913 1039 
1455 1405 1546 1297 1344 1504 1453 1188 1074 980 
1687 1763 1757 1605 1591 1353 1291 1487 1349 1318 
1666 1968 1612 1399 1733 1629 1348 1788 1499 1323 
1450 1320 1470 1773 1697 1588 1572 1863 1489 1479 
1450 1209 1284 1219 1501 1647 1344 1462 1759 1689 
1334 1197 1269 1410 1164 1482 1702 1600 1688 1926 
1630 1665 1345 1354 1231 1360 1478 1520 1949 1694 
1292 1676 1350 1215 1426 1491 1929 1749 1649 1751 
1525 2050 1823 1611 2091 1880 1432 1779 2034 2035 
1416 1483 1638 1672 1739 1673 1906 2100 2067 1928 
1600 1363 1574 1986 2129 1910 1979 2119 1974 1811 
1677 1689 1804 1512 1794 2093 1773 1734 1684 1903 
1327 1025 1520 1656 1590 1509 1620 1801 1386 1563 
1731 1717 1567 1327 1541 1758 1270 1454 1602 1370 
1207 1434 1285 1372 1378 1306 1490 1151 1317 1230 
1311 1571 1601 1399 1620 1700 1462 1140 1471 1356 
1524 1418 1289 1299 1592 1529 1361 1253 1236 1272 
1712 1323 1437 1878 1801 2000 1679 1795 1878 1517 
1677 1324 1565 1737 1143 1618 1595 1414 1452 1532 
1429 1671 1768 1995 1519 1673 1891 1746 1917 1857 
1631 2085 2179 1613 1543 1928 2096 1560 1494 1703 
1609 1741 1688 1657 1521 1438 2058 1888 1468 1939 
1369 1253 1661 1895 1774 1424 1834 2113 1900 2118 
1829 1591 1652 1816 1722 1446 1826 2275 2241 1975 
1179 913 1146 1623 1696 1566 1754 2165 2475 2555 
2083 1927 1625 1827 1942 2109 2061 2113 2207 2417 
1257 1544 1651 1736 1665 2070 2134 2055 2141 2380 
1513 1602 2105 1759 1950 2225 2107 2110 2168 2094 
1864 2109 2191 1743 1700 2127 1782 1660 1948 1788 
1796 1823 1883 1657 1814 1740 1450 1531 1869 1533 
2015 2254 1804 1853 2006 1914 1660 1316 1471 1307 
1382 1727 1770 1410 1551 1761 1959 1175 1286 1720 
2073 2003 1890 1605 1754 1364 1651 1509 1421 1375 
1601 1702 1715 1448 1107 1579 1748 1588 1234 1407 
1556 1261 1700 1856 1269 1319 1499 1623 1457 1461 
2041 1892 1831 1448 1151 1368 1396 1318 955 1397 
1851 1448 1570 1479 1194 1134 1286 1560 1650 1558 
1639 1548 1696 1150 1138 1379 1505 1638 1903 1948 
1835 1541 1875 1795 969 985 1465 1621 1953 1943 
1640 1774 1517 1242 999 1450 1373 1348 1630 1823 
1248 1100 1526 1867 1186 1143 1439 1454 1489 1728 
1947 1929 1285 1753 1887 1082 1294 1374 1038 960 
1547 1323 1396 1516 1438 1063 1246 1347 1229 1317 
2149 1982 1566 1517 1603 1638 1858 1494 1191 1153 
2242 2303 1933 1604 1266 1625 1533 1279 1350 1328 
2096 2105 2020 1571 1607 1696 1527 1473 1237 1197 
2144 2159 2349 1810 1196 1271 1297 1342 1233 1344 
1787 1850 1793 1416 1553 1417 1695 1500 1230 1278 
1441 1595 1693 1299 1263 1175 1565 1169 1032 1269 
1810 1917 1509 1253 1052 1091 1570 1412 1445 1546 
1812 1617 1252 1224 1158 1279 1196 1495 1811 1475 
1820 1642 1222 1200 1241 1545 1055 1256 1776 1546 
1976 1575 1637 1683 1428 1222 1218 1689 1878 1739 
2136 1936 1501 1338 1559 1278 1140 1655 1928 1984 
1502 1604 1475 1291 1195 1106 1273 1425 1369 1519 
1826 1882 1525 1584 1442 1100 1285 1434 1703 1965 
1357 1564 1298 1420 1533 1036 1262 1414 1545 1825 
1720 1790 1840 1607 1580 1384 1467 1967 1855 1934 
1455 1577 1589 1809 2035 2003 1496 1633 2093 2047 
1861 2230 2052 1587 1908 1967 1477 1583 2177 2053 
1834 1844 1907 2112 2024 1960 1906 1916 1807 1952 
1813 2094 1662 1750 1952 1854 1828 1833 1728 1938 
1607 1768 1903 1734 2090 1715 1823 1847 1660 1961 
1832 1853 1997 1718 1764 1791 1642 2035 2172 2243 
1562 1712 1861 1251 1345 2154 1876 1998 2280 2208 
1772 2007 2047 1718 1649 2304 1985 1828 2228 2224 
1182 1478 1768 1606 1650 1796 1586 1903 1786 1671 
1611 1600 1799 2052 1928 1797 1837 1988 1673 1705 
1384 1161 975 1563 1675 1335 1902 2183 1578 1453 
1508 1153 1290 1873 2023 1883 2060 1982 1531 1577 
1403 1804 1240 1124 1754 1826 1398 1630 1726 1466 
1174 1309 1492 1346 1395 1778 1508 1689 2065 1809 
1904 2031 1378 1413 2167 1929 1491 1766 2046 1548 
1858 2057 1957 1826 1802 1710 1632 1636 1571 1554 
2015 1903 1725 1825 1995 1599 1743 1484 1446 1609 
2259 2260 2357 2016 1727 1782 1936 1783 1136 1383 
1798 1473 1992 2094 1619 1767 1883 1753 1436 1584 
2170 1828 2035 1849 1320 1679 1656 1369 1266 1228 
1435 1179 1242 1853 1691 1759 1581 1653 2023 1714 
1586 1644 1681 1584 1295 1710 1997 1405 1655 1709 
1029 1047 1244 1308 1427 1399 1830 1927 1754 1604 
1430 1243 1473 1728 1622 1610 1786 1589 1511 1945 
1463 1203 1207 1699 1540 1378 1531 1927 1424 1392 
1482 1421 1337 1745 1806 1713 1638 1633 2026 2042 
1488 1720 1778 1992 1622 1387 1814 1484 1179 1192 
1744 2052 2039 1899 1768 1628 1520 1378 1451 1539 
1543 1733 1946 2293 1950 1649 1716 1319 764 1122 
1547 1763 2002 2351 1754 1540 1726 1245 765 1008 
1737 1701 2149 2202 2005 1678 1617 1458 1110 1127 
2048 2002 1834 1799 2041 2036 1600 1694 1697 1647 
1443 1631 1555 1286 1640 1939 1355 1772 2144 1641 
1877 1980 1782 1304 1701 1697 1639 2002 2014 1874 
1244 1422 1560 1140 1010 1467 1730 1791 1691 1998 
1314 1092 1547 1271 999 1146 1339 1658 1883 1935 
1378 1014 1142 1378 1094 1180 1726 1634 1857 2001 
1127 883 923 1312 1309 1275 1424 1577 1580 1644 
1521 1624 1261 1063 1714 1378 1172 1701 1413 1489 
1241 1203 1527 1707 1748 1801 1557 1763 1834 1780 
1894 1921 1623 1221 1665 1851 1420 1928 2045 1506 
1761 1529 1436 1850 1782 1656 1935 1635 1663 1704 
1658 1695 1359 1278 1725 1802 1470 1614 1871 1954 
1513 1352 1644 1586 1319 1515 1637 1933 1925 2168 
1423 1501 1554 1445 1343 1639 1850 2130 2107 2127 
1231 1365 1848 1833 1642 1768 1884 2071 2520 2553 
1511 1580 1958 2099 1507 1482 1905 2008 1981 2332 
1720 1921 1927 1699 1798 1829 1958 1927 2208 2255 
1536 1890 1858 1441 1811 1786 1490 1317 1410 1476 
1302 1306 1683 1793 1713 1309 1559 1385 1075 1387 
1591 1669 1511 1656 2194 1741 1452 1749 1454 1117 
1499 1206 1424 1714 1509 1514 1206 1463 1248 1021 
1451 1378 1357 1564 1906 2069 1628 1636 1712 1384 
1291 1531 1842 1454 1425 1875 1150 1434 1795 1445 
1380 1633 1540 1645 1634 2005 1705 1292 1936 1834 
1406 1928 1902 1826 1778 1827 1626 1363 1632 1507 
1462 1429 1749 1944 1840 1719 1644 1496 1891 1861 
1245 1330 1664 2155 2504 1983 1652 1656 1708 1622 
1513 1570 1649 1577 1674 1978 1646 1269 1516 1664 
1523 1394 1328 1612 1702 2034 1973 1378 1642 1703 
1302 948 1096 1376 1286 1325 1684 1348 1183 1253 
1831 1561 1616 1878 1443 1543 1927 1767 1281 1478 
1617 1386 1455 1726 1895 1246 1086 1851 1494 1299 
1594 1604 1925 1440 1851 2084 1498 1866 1799 1622 
1540 1508 2128 2021 2074 2457 1773 1510 1850 1482 
1886 1941 2128 1991 1902 2510 2150 1382 1749 1883 
1439 1422 1728 2213 2045 1991 2084 1861 1919 1735 
1898 1952 1863 2072 2348 2245 2609 2100 2149 2109 
1654 1601 1637 2129 2152 1908 2193 2274 1878 2010 
2150 1957 1691 2049 2036 2073 2136 2168 2144 2554 
2017 2063 1697 1875 1900 1659 1902 2470 2212 2358 
2119 2173 1767 1740 2235 1925 1551 2222 2674 2701 
2219 2649 1843 1794 2139 1794 1828 2271 2289 2307 
2048 2263 1832 1677 1807 1779 1757 1861 2268 2222 
1704 1830 2013 1712 1922 2086 1839 1703 1564 1839 
1466 1705 2056 1379 1395 1881 1579 1551 1354 1217 
1447 1459 1599 1545 1595 1258 1096 1131 1109 1170 
1624 1494 1629 1240 1298 1230 1031 1277 1258 1037 
1416 1349 1286 1691 1321 892 958 1222 1614 1586 
1605 1595 1516 1440 1177 990 1315 1544 1725 1838 
1712 1862 1348 1199 1725 1434 1572 1936 1960 2266 
1138 1234 1142 1167 1628 1562 1560 1899 2091 2246 
1691 1423 1317 1631 1781 1868 1585 1844 2229 2035 
1432 1068 1270 1228 1469 2029 1777 1561 2004 1911 
1485 1020 1217 1514 1133 1752 2021 1606 1887 1942 
1215 1309 1053 1343 1486 1205 1773 1899 1962 2070 
1527 1616 1615 1345 1431 1526 1768 1881 1895 2016 
1540 1470 1324 1612 1586 1553 1660 1820 1865 2076 
1873 2101 1663 1513 1863 2114 1850 1797 1995 1921 
1944 2199 1758 1991 2123 1653 1678 1647 1395 1624 
2115 2203 2079 1532 1903 2034 1803 1869 1924 1684 
2304 2065 1984 2080 1680 1796 2062 1721 1796 1768 
2122 1863 1799 1678 1575 1989 2014 1579 1664 1977 
2476 2100 2217 1756 1596 2206 1957 1790 1781 1646 
2079 1707 1842 1592 1267 1860 2039 1630 1481 1634 
1700 1682 1922 1613 1580 2104 1993 1775 1455 1408 
2064 1781 1832 1774 1606 1316 1791 1933 1785 1378 
1691 1403 1102 1668 1802 1646 1787 1831 1696 1881 
1713 1645 1187 1814 1863 1544 1500 1933 2043 1740 
1322 1663 1127 1657 1962 1878 1860 1426 1561 1752 
1209 1790 1395 978 1487 1654 1502 1276 1273 1541 
1119 1548 1541 1172 1451 1685 1539 1569 1621 1449 
1065 1549 1691 1446 1458 1526 1574 1553 1413 1298 
1401 1396 1798 1876 1128 1203 1776 1480 1486 1725 
1965 1683 1469 1593 1604 1443 1599 1717 1818 1835 
2023 1560 1772 1858 1550 1973 1878 1703 1760 2048 
2107 1893 1728 2166 1561 1483 1545 1747 2001 1945 
2196 2012 2082 2090 1546 1504 1953 1927 1928 2120 
2309 2003 1701 1493 1296 1257 1245 1516 1611 1988 
1645 1760 1663 1676 1708 1508 1573 1677 2188 2196 
1939 2174 1725 1275 1421 992 1013 1518 1773 2183 
1568 1649 1556 1364 1536 1821 1558 1830 2497 2676 
1834 1625 2051 1928 1538 1375 1542 1865 2131 2245 
1571 1339 1825 1484 1537 1840 1747 2112 2205 2492 
2160 1817 1730 1833 1978 1956 2090 2103 1785 2104 
1776 1734 1379 1734 2292 2016 1900 2242 2071 1923 
1608 1969 1660 1518 2001 2156 1799 1892 2370 2186 
1684 2076 1946 2086 2063 2330 2403 2106 2230 1870 
1541 1839 1800 1506 1660 2076 1832 1459 1694 1706 
1647 1477 2111 2181 1626 1874 2217 1748 1509 1932 
1224 1495 1526 1750 1937 1606 1965 2130 1797 1888 
1334 1534 1940 1824 1751 1556 1780 2185 1921 1860 
1306 1384 1599 1662 1863 2132 1836 2074 1958 1825 
1591 1831 1773 2084 2020 1744 1585 1699 1722 1799 
1505 1729 1821 1729 1853 1917 1486 1559 1759 1563 
1505 1659 1828 1805 1765 1539 1362 1623 1561 1576 
1653 1703 1839 1867 1722 1785 1470 1371 1641 1682 
1667 1535 1636 1625 1303 1392 1617 1492 1497 1840 
2057 1754 1758 1636 1590 1654 1730 1317 1755 1903 
2128 1976 1845 1934 1219 1479 1645 1630 1923 1939 
2390 2420 2059 1797 1815 1738 1833 1819 2132 2076 
2219 2087 1974 2142 1701 1653 1720 2005 2232 2208 
1912 1655 1766 1831 1981 1765 2021 2030 1896 2190 
1694 1265 1825 2079 1667 1712 2258 1892 1605 1975 
1807 1692 1309 1631 1472 1552 2042 1576 1379 1691 
941 985 921 1413 1558 1238 1783 1646 1404 1216 
1705 1897 1586 1450 2169 1621 1559 1867 1465 1431 
1489 1272 1572 1424 1333 1277 1081 1739 1739 1497 
2156 1939 1582 1412 1474 1591 1667 1811 1458 1311 
1721 1573 1521 1469 1326 1475 1542 1336 1670 1871 
2279 2170 1659 1341 1527 1447 1337 1301 1379 1321 
1874 1968 1758 1412 1394 1384 1269 1288 1537 1486 
1605 1802 1544 1168 1351 1077 1369 1425 1505 1379 
1936 1889 2106 1538 1402 1309 1216 1312 995 1244 
1712 1498 1467 1385 1319 1164 954 1423 1472 1222 
1640 1687 1745 2034 1757 1437 1162 1317 1473 1672 
2031 2151 1793 1550 1826 1560 1241 1566 1205 1381 
1822 1733 1822 1762 1476 1786 1639 1519 1505 1880 
2129 1976 1976 2147 1752 1545 1793 1784 1424 1658 
1731 1585 2017 1953 1420 1467 1559 1600 1631 1415 
1992 1589 1892 2181 1862 1406 1695 1880 1659 1481 
1787 1496 1504 1792 1698 1573 1562 1464 1655 1397 
1881 1971 1656 1692 2118 2043 2045 1792 1625 1583 
1788 1959 1503 1718 1964 1752 1507 1544 1818 1628 
1459 1737 1295 1518 1873 1822 1809 1948 1682 1645 
1754 1780 1780 1946 2025 1948 1638 1638 1484 1347 
1561 1632 1734 1846 1929 1937 2217 1868 1530 1614 
1796 1834 2042 1824 2016 1914 1748 1601 1454 1331 
1935 1944 1757 1588 1787 1854 1744 1656 1535 1510 
2064 1989 1635 1786 2101 1805 1710 2102 1738 1703 
2090 1993 1708 1668 1825 1483 1654 2029 1573 1845 
1464 1666 1598 1827 1749 1305 1527 2114 1726 1860 
1480 1755 1839 1459 1704 1600 1865 2089 1986 1782 
1311 1232 1643 2050 1886 1885 1989 1596 1153 1491 
1763 1762 1279 1425 1649 1538 1506 1779 1763 1459 
1622 1676 1322 1247 1978 1960 1792 1660 1139 1127 
1734 1520 1639 1473 1498 1550 1321 1579 1413 1050 
1826 1514 1501 1696 1546 1324 1378 1502 1724 1495 
1506 1313 1748 1430 1343 1632 1263 1247 1550 1164 
1538 1721 1554 1722 1732 1549 1218 1260 1756 1657 
1403 2037 1645 1059 1469 1711 1248 1187 1784 2043 
1383 1475 1725 1379 1566 1857 1431 1624 2170 2063 
1673 1765 1797 1420 1590 1633 1695 1570 1746 2040 
1860 1677 1982 1539 1453 1949 1464 1451 1922 2042 
1757 1845 1584 1693 1692 1980 1834 1778 1638 1793 
1744 1873 1959 1770 1610 1571 1377 1594 1647 1456 
1664 1545 1713 1688 1898 1882 1660 1702 1844 1568 
1668 1570 1479 1863 1842 1442 1147 1629 1506 1393 
1634 1461 1311 1366 1645 1764 1660 1319 1576 1468 
1901 1388 1635 1632 1395 1412 1822 1761 1400 1338 
1844 1627 1724 1681 1481 1781 1811 1604 1418 1703 
1689 1447 1852 1782 1167 1245 1874 1727 1508 1276 
1675 1455 1453 1397 1600 1891 1686 1416 1585 1655 
1518 1340 1625 1802 1363 1485 1810 1290 1336 1295 
1100 1301 1355 1410 1709 1704 1391 1359 1537 1566 
1323 1491 1540 1484 1290 1540 1691 1829 1658 1500 
1612 1278 1488 1936 1488 1171 1787 1809 1419 1717 
1829 1974 1301 1475 1754 1439 1253 1851 1658 1757 
1594 1900 1603 1581 1355 1347 1451 1541 1555 1681 
1877 2179 1646 856 1641 1596 1384 1521 2031 2000 
1716 1994 1673 1076 1015 1366 1391 1518 1732 1695 
1682 1835 1482 1399 1477 1610 1569 1623 1981 2083 
1978 1799 1752 1423 1355 1382 1625 1572 1812 1779 
2070 1564 1456 1416 1660 1695 1246 1563 1936 1713 
1865 1507 1620 1889 1594 1709 1661 1533 1419 1437 
1998 1728 1482 1701 1297 1106 1461 1545 1462 1462 
1604 1414 1273 1611 1579 1291 1817 1364 686 956 
1485 1569 1376 1810 1682 1219 1491 1457 1315 1530 
1175 1361 1466 1546 1598 1322 1268 1371 1322 1229 
1564 1515 1558 1765 1666 1524 1397 1632 1489 1349 
1431 1527 1506 1600 1491 1789 1288 1204 1366 1353 
1722 1692 1530 1542 1534 1061 1336 1363 1110 1061 
1710 1739 1727 1431 1611 1648 1383 1481 1512 1397 
2017 2038 1731 1373 1310 1436 1430 1329 1197 1230 
1590 1627 1669 1537 1551 1625 1358 1370 1760 1655 
2182 2227 1880 1351 1177 1471 1450 1207 1364 1364 
1697 1853 1647 1634 1487 1205 1704 1613 1209 1697 
1572 1663 1685 1610 1453 1131 1592 1711 1433 1572 
1504 1579 1574 1873 1804 1555 1938 1997 1516 1808 
1467 1314 1350 2059 1598 1663 2023 2085 2101 2222 
1545 1358 1374 1853 1754 1609 2132 2196 2198 2431 
1044 1274 1394 1662 1598 1716 2003 2009 2075 2153 
1320 1749 1731 1452 1758 1645 1660 1927 2162 2388 
1093 943 1505 1628 1616 1726 1611 2039 1932 2040 
1662 1483 1563 1512 1438 1800 1351 1923 2316 2042 
1148 1063 1502 1498 1700 2182 1743 1543 1901 1951 
1750 1843 1959 1726 1532 2184 1857 1657 2108 1911 
1276 1470 1595 1690 2094 2006 1630 1315 2013 1794 
1830 2118 1986 1694 1789 1775 1576 1720 1991 1845 
1628 1707 1679 2012 2037 1822 1525 1895 2048 1809 
1406 1564 1748 1514 1734 2000 1556 1672 1896 2079 
1559 1222 1730 2037 1732 1680 1613 1706 2079 2106 
1828 1655 1388 1420 1773 1665 1498 1533 1786 1785 
1351 1135 1232 1549 1802 1387 1770 1906 1777 2018 
1528 1752 1442 1224 1523 1927 1966 1803 1513 1768 
1198 1483 1481 1274 1533 1696 1630 1570 1337 1302 
1566 1748 1468 1101 1294 1624 1542 1234 1519 1359 
1527 1589 1303 1420 1793 1682 1474 1659 1686 1156 
2012 1956 1308 1433 1835 1602 1222 1097 1540 1249 
1603 1775 1284 1019 1609 1848 1413 1343 1425 1195 
1731 1791 1876 1655 1836 1705 1691 1267 1165 1267 
1495 1815 1662 1170 1470 1392 1390 1326 1020 1100 
1548 1581 1691 2019 1651 1393 1699 1544 983 1040 
1593 1759 1299 1708 1823 1155 1752 1596 1145 1309 
1600 1364 1631 1811 1705 1464 1613 1731 1223 1489 
1891 1534 1603 2023 1894 1551 1605 2049 1371 1227 
1315 1303 1594 1493 1463 1484 1156 1271 1486 1259 
1621 1634 1779 1680 1906 2064 1554 1646 1461 1315 
1227 1632 1543 1307 1559 1885 1295 1250 1312 1159 
1481 1832 1860 1379 1507 2099 1924 1474 1447 1406 
1036 1146 1620 1750 1609 1772 1845 1601 1322 1241 
1603 1742 1670 1401 1856 1902 1804 1726 1538 1416 
1307 1380 1275 1536 1703 1927 1695 1699 1341 1006 
1362 1704 1160 1148 1636 1747 1735 1559 1546 1320 
1647 1889 1550 1022 1626 1715 1663 1793 1672 1475 
1554 1425 1558 1305 1294 1694 1608 1836 1941 1715 
1516 1494 1779 1572 1451 1458 1527 2187 2124 2198 
1266 1508 1723 1461 1499 1685 1684 2037 1881 1894 
1596 1615 1996 1432 1663 1503 1203 1475 2125 2168 
1717 1452 1738 1383 1371 1424 1388 1858 1929 1813 
1918 1758 1571 1374 1309 1398 1497 1490 1679 1840 
1981 1558 1445 1829 1659 1112 1488 1574 1443 1572 
2342 1970 1467 1707 1589 1404 1574 1553 1595 1599 
1669 1328 1332 1594 1581 1455 1475 1452 1662 1464 
2074 2014 1736 1916 1820 1529 1362 1514 1503 1335 
1134 1487 1465 1276 1604 1711 1355 1484 1708 1832 
1826 1912 2117 1640 1627 1645 1713 1503 1507 1621 
1468 1740 1734 1464 1688 2134 1721 1439 1532 1718 
1922 2021 2210 1978 1896 2172 1828 1518 1582 1614 
1758 1648 1932 2036 1901 1885 1838 1749 1634 1667 
2279 2165 1952 2235 1969 1512 1582 2072 1834 1384 
1782 1846 1623 1754 1827 1618 1627 1637 1792 1727 
1667 1846 1657 1617 1764 1483 1121 1334 1522 1739 
1427 1457 1625 1514 1280 1759 1677 1414 1395 1568 
1654 1535 1602 1476 1637 1787 1789 1562 1738 1818 
1468 1476 1959 1778 1640 1643 1765 1765 1664 1690 
1649 1743 2193 1765 1565 1741 1754 1999 2251 2113 
1587 1565 1916 1602 1853 1760 1763 1796 2245 2119 
1941 1881 1888 1872 1917 2048 1668 1597 2263 2185 
1780 1755 1485 1567 1662 1747 1323 1294 1509 1696 
2204 2011 1590 1551 1469 1785 1700 1523 1498 1776 
2049 1680 1527 1911 1584 1476 1415 1716 1500 1535 
2113 1847 1662 1893 1640 1326 1449 1605 1584 1467 
2145 1901 1742 1752 1664 1208 1324 1642 1670 1597 
1755 1341 1593 1763 1815 1758 1694 1431 1631 1868 
1643 1467 1515 1950 1830 1562 1594 1754 1667 1716 
1866 1863 1755 1471 1659 2312 1881 1521 2059 1840 
1852 1676 1816 1898 1806 1980 1928 1686 1848 1904 
2066 2315 1904 1636 1952 1946 1760 2013 1832 1919 
1927 2219 2086 1752 1844 1589 1694 2319 2103 1953 
2240 2218 1792 1868 1901 1257 1540 1903 1910 2144 
1428 1496 1519 1393 1742 1649 1540 1732 2240 2130 
1945 1550 1586 1548 1393 1636 1360 1441 2080 2281 
1416 1080 916 1249 943 1421 1726 1469 1953 2134 
1651 1138 1334 1453 985 1157 1572 1507 1996 2096 
1506 1286 1287 1381 1512 1249 1552 1849 1616 1672 
1495 1602 1757 1346 1478 1798 1558 1265 1467 1690 
1606 1935 1478 1411 1715 1624 1409 1697 1318 1329 
1398 2085 1801 1719 2239 2136 1701 1762 1855 1399 
1406 1883 2028 1798 1672 1796 1581 1224 1296 970 
1719 2139 1868 1767 1920 2135 1813 1416 1663 1748 
1471 1712 1901 1568 1687 1780 1846 1360 1368 1258 
1448 1602 1482 1777 1790 1594 1932 1786 1880 1930 
1322 1591 1434 1517 1882 1352 1684 1893 1452 1651 
1567 1337 1380 1741 1957 1483 1663 2149 1687 1685 
1428 1529 1511 1576 1666 1664 1554 1713 1156 1294 
1569 1459 2068 1822 1506 1752 1624 1579 1394 1196 
1416 1420 2030 2067 1816 1813 1690 1422 1198 993 
1666 1662 2193 2114 2018 2025 1611 1583 1335 1038 
1419 1680 1457 1709 2015 2124 1710 1404 1319 1148 
1226 1635 1340 1708 2197 1840 1675 1385 1085 917 
1182 1628 1315 1329 1785 1859 1845 1492 1314 1038 
1366 1780 1342 1145 1532 1733 1703 1472 1056 1047 
1032 1522 1513 1218 1231 1876 1919 1727 1648 1250 
1221 1445 1766 1345 1444 1554 1839 1818 1846 1775 
1624 1597 1886 1633 1588 1945 1923 2148 1793 1543 
1684 1565 1369 1832 1642 1421 1681 1965 2104 2000 
1699 1913 1752 1567 1734 1743 1642 1633 1735 1612 
1793 1738 2161 2102 1412 1448 1869 1435 1595 1756 
1800 1509 1578 1936 1681 1373 1610 1404 1472 1392 
2354 1710 1755 2287 1728 1543 1608 1213 1259 1534 
2176 1728 1637 1925 1779 1451 1329 1431 1609 1684 
1955 1925 1921 1822 1547 1516 1659 1467 1780 1649 
1500 1671 2026 1275 1485 1980 1641 1256 1467 1783 
2230 2063 2101 1515 1335 1791 1484 1379 1724 1948 
1535 1358 1437 1613 1233 1793 2040 1384 1596 1764 
1701 1689 1924 1843 1527 1580 1862 1596 1369 1581 
1644 1923 2162 1970 1333 1633 1899 1678 1740 1766 
1184 1249 1768 1823 1322 1504 1636 1618 1731 1886 
1553 1257 1841 1763 1428 1442 1486 2103 2213 2112 
1337 1060 1318 2031 1634 1416 1481 1877 2114 2192 
1336 1468 1654 1821 1553 1511 1787 1766 1985 2460 
1276 1394 1265 1552 1947 1579 1818 2026 1838 2087 
1240 1333 1269 1608 1722 1685 1565 1586 1722 1792 
1371 1347 1238 1912 1873 1145 1827 2102 2008 1935 
1306 1585 1289 1398 1586 1119 1134 1662 1752 1545 
1235 1352 1112 1331 1714 1263 1597 1986 1987 1944 
1301 1580 1383 1169 1932 1688 1088 1511 1896 1876 
1353 1671 1618 1586 1839 1868 1777 1662 1812 2056 
1496 1907 2091 1616 1650 2251 2104 1655 1605 1587 
1717 1697 1954 1645 1589 2123 2014 1569 1613 1909 
1708 1688 1823 2154 1932 1937 2023 1961 1733 1457 
2309 2420 1806 1834 2113 1690 1753 1981 1859 1622 
1944 2084 1848 1802 2082 1699 1652 2055 2227 1971 
1850 2023 2141 1946 1812 1793 1876 1673 1599 1610 
1829 2195 2399 2184 1795 2089 1712 1323 1451 1648 
1749 1794 1994 2215 1854 1757 1793 1534 1415 1726 
1635 1663 1653 1881 1698 1363 1368 1778 1718 1583 
1655 1599 1689 1802 1759 1494 1720 1575 1547 1729 
1584 1815 1679 1602 1665 1327 1433 1773 1557 1586 
1732 1820 1542 1441 1458 1748 2198 1337 1368 1800 
1965 1745 1671 1741 1745 1721 2253 1817 1123 1262 
1928 1274 1641 1792 1610 1584 1898 1892 1228 1102 
2073 1635 1462 1787 1368 1587 1928 1738 1228 889 
1566 1056 1165 1352 1431 1570 1610 1762 1540 1253 
1989 1527 1274 1342 1171 1197 1493 1515 1471 1349 
1552 1572 1381 1333 1454 1406 1674 1367 1693 1417 
2140 1944 1791 1450 1309 1259 1472 1385 1456 1551 
2296 1893 1510 1148 1479 1453 1489 1626 1570 1658 
2662 2281 1727 1638 1871 1648 1560 1773 1595 1560 
2223 2297 1834 1363 1416 2000 1920 1871 1856 1991 
2317 2335 2112 1631 1578 1743 2417 1994 1642 1944 
1959 1968 1758 1362 1411 1597 1887 2169 1838 1766 
1574 1327 1446 1859 1395 1347 1636 1588 1352 1384 
1680 1646 1243 1659 1787 1084 1396 1869 1400 1160 
1132 1090 1131 1205 1566 1155 803 1210 968 775 
1346 1468 1289 1174 1516 1510 1074 1035 1254 1203 
1033 1381 1255 1207 1261 1236 1325 1522 1221 1220 
1245 1442 1427 1729 1866 1650 1496 1418 1963 1803 
1370 1679 1560 1637 1627 1376 1616 1897 1628 1580 
1579 1466 1851 1859 1930 1939 1293 1614 1766 1640 
1518 1725 1440 1515 1460 1478 1536 1507 1667 1739 
1095 1144 1541 1705 1632 1596 1751 1766 1613 1720 
1494 1140 1033 1207 1414 1267 1483 1738 1759 1824 
1411 973 1043 1293 1481 1415 1456 1656 1827 1793 
1568 1401 845 1257 1599 1075 1569 1761 1232 1475 
1414 1785 1493 1202 1610 1520 1262 1420 1385 1211 
1940 1972 1945 1544 1548 1664 1365 1331 1479 1247 
1970 1935 1896 1496 1655 1741 1383 1327 1370 1125 
2248 2164 2128 1791 1801 2081 1510 1362 1505 1263 
1740 1763 1849 1741 1720 1532 2133 1861 1050 1375 
1882 1758 1875 1865 1691 1659 1799 1986 1717 1447 
1759 1674 1765 1857 1865 2003 1917 2066 2213 2038 
1910 1690 2166 1888 1556 1817 1877 1970 2151 2096 
1625 1586 1633 1498 1663 1886 1931 2072 2574 2740 
1689 1750 1882 1659 1695 2061 2022 2028 2053 2455 
1912 1724 1639 1807 1617 1741 1983 2091 2283 2307 
1432 1386 1380 1665 1888 1668 1675 2064 2314 2174 
1258 1418 1801 1842 1559 1837 2255 2239 2314 2292 
1765 1880 1535 1592 1749 1684 1878 2046 2369 2328 
1455 1305 1182 1735 1680 1871 1795 1665 2156 2135 
1803 1657 1578 1982 1914 1360 1624 1683 2266 2396 
1350 1486 1511 1568 1826 1550 1448 1576 1644 1809 
1660 1653 1843 1331 1460 1826 1449 1429 1453 1650 
2049 2061 1909 1315 1636 1975 1699 1163 1595 1965 
1677 1780 1983 1463 1260 1624 1705 1778 1764 1643 
1974 1931 2113 2151 1756 1729 1634 1524 1432 1585 
1979 2321 1802 1697 1529 1276 1416 1574 1472 1593 
1439 1772 1951 1925 2058 1982 1529 1461 1469 1076 
2102 2579 2165 1768 1989 1768 1289 1275 1198 1242 
1664 1929 1880 1715 1706 1685 1162 1272 1428 1327 
1695 1886 1855 1761 1579 1562 1416 1657 1444 1241 
1547 1931 1812 1168 1329 1520 1255 1245 1328 1554 
1803 1702 1931 1574 1309 1608 1589 1553 1450 1778 
1658 1344 1526 1843 1691 1524 1651 1984 1912 1817 
2127 1897 1964 2006 2062 1715 1699 1827 1972 1808 
1927 1709 1931 2195 2148 1837 1872 2010 2336 2269 
1910 2197 1694 1804 2187 1841 1413 1959 2236 1925 
1401 1633 1767 1798 1752 1999 1974 1547 2022 2222 
1683 1679 1491 1663 1833 1435 1713 2073 2054 2163 
1177 907 1542 1558 1422 1828 1693 1521 2035 2082 
1727 1369 1587 1682 1703 1608 1902 1986 1986 2182 
1488 1357 1657 1453 1585 1591 1188 1605 1952 2023 
1884 1800 1630 1389 1358 1264 1519 1814 1753 1765 
1932 1869 1605 1871 1922 1499 1078 1373 1883 2014 
1944 1914 1586 1669 1684 1717 1565 1664 1800 1904 
2017 1941 1796 1723 1693 1740 1509 1558 2031 1897 
1846 1874 1679 1603 1803 1915 1673 1594 2093 2084 
1773 1941 1869 1457 1914 1583 1298 1745 1764 1796 
1681 1308 1632 1537 1399 1667 1484 1173 1496 1754 
1925 1669 1881 1820 1460 1856 1494 1241 1343 1558 
1498 1743 1750 1849 1594 1590 1788 1129 1067 1339 
1294 1782 2024 1879 1422 1868 1824 1261 1646 1536 
1699 1651 2035 2044 1781 1597 1643 1474 1506 1261 
1189 1181 1627 1987 1588 1757 2077 1819 1668 1915 
1950 1832 1863 2205 1906 1748 1717 2017 1973 1806 
1414 1398 1319 1946 1854 1592 2009 1739 1709 1835 
1959 2119 1786 2232 2238 1889 2053 1634 1755 1766 
1451 1293 1640 1805 1662 1795 1828 1564 1490 1382 
1540 997 1553 1871 1685 1855 1929 1466 1253 1495 
1454 1298 1497 1414 1778 1607 1465 1654 1187 1108 
1505 1399 1264 1363 1535 1499 1354 1505 1496 1684 
1788 2104 1252 847 1558 1693 1437 1621 1729 1352 
1574 1752 1811 1607 1601 1546 1319 1365 1664 1692 
1828 2108 2070 1623 1387 1702 1474 1645 1841 1860 
1902 1907 1836 1852 1520 1428 1812 1600 1272 1504 
1934 1854 1721 2127 2090 1719 1781 1517 1547 1748 
1872 1969 1865 1799 1632 1547 1704 1520 1414 1470 
1871 2134 1977 1533 2135 2258 2040 1827 1662 1577 
2013 1981 1903 1714 1861 2015 1752 1939 1977 1595 
1622 1383 1486 1738 2047 2528 2280 2116 2037 2152 
1898 1387 1617 1840 1689 1720 2051 2076 1706 1648 
1743 1589 1501 1692 1984 2076 2016 2178 2449 2102 
1937 1903 1628 1618 1725 1541 1585 1923 1946 1849 
1991 1975 1689 1517 2188 2251 1511 1639 2269 1945 
1915 1752 1779 2035 1500 1745 1946 1588 1738 1843 
1807 1962 2153 1810 1698 2352 2315 1634 1470 1797 
1370 1463 2043 2175 1685 1743 2405 1993 1419 1778 
1374 1635 1931 2014 2020 1977 1980 1952 1715 1715 
1337 1309 1688 1684 1755 1980 1970 2038 1674 1641 
1727 1516 1917 1902 1872 1923 1669 1816 1589 1584 
1264 1360 1333 1535 1555 1511 1496 1724 1390 1444 
1568 1875 1948 1592 1731 1789 1504 1769 1663 1333 
1400 1337 1739 1770 1929 1812 1517 1511 1457 1214 
1615 1847 1543 1898 1538 1512 1635 1507 1908 1469 
1640 1816 1372 1887 2051 1661 1936 1724 1953 1812 
1295 1705 1482 1918 2049 1664 1566 1643 2007 2129 
1204 1658 1725 1508 1702 1583 1758 2028 2244 2230 
1659 1587 1846 1538 1884 2045 1343 1660 1989 2212 
1723 1391 1694 1671 1576 1442 1215 1733 1639 1822 
2224 1842 1682 1718 1571 1597 1532 1290 1638 1895 
1925 1789 1221 1536 1578 1422 1642 1456 1396 1315 
1971 2161 1782 1499 1501 1468 1713 1166 1241 1623 
1353 1749 1686 1585 1498 1265 1584 1760 1411 1329 
1168 1525 1913 1488 1228 1989 1867 1246 1391 1430 
1327 1344 1501 1493 1243 1391 1647 1346 1329 1462 
1726 1549 1670 2011 1904 1518 1505 1597 1829 1597 
1368 1630 1475 1648 1900 1255 990 1715 1966 1751 
1475 1709 1933 2107 2121 1473 1437 1967 1864 1835 
1819 1934 1825 1930 1984 1598 1305 1397 1427 1640 
1561 1540 1755 1929 1758 1717 1513 1428 1654 1828 
1679 1837 1534 1569 1714 1660 1375 1257 1283 1314 
1879 1863 1486 1351 1538 1379 1223 1145 1235 1313 
2124 1665 1617 1373 1184 1307 1164 1147 1007 1038 
2445 1998 1586 1714 1366 1277 1399 1572 1398 1505 
1907 1780 1546 1920 1677 1694 1649 1237 1450 1602 
2284 2149 2010 1998 1803 1531 1891 1775 1813 1720 
1520 1672 1362 1564 1672 1631 1861 1623 1736 1999 
1445 1754 1680 1740 1515 1555 1848 1888 2065 2222 
1017 1414 1296 1168 1367 1193 1394 1997 2092 2039 
1047 1498 1337 1165 1433 1386 1359 1783 1948 2259 
1243 1397 1198 1453 1615 1295 1185 2143 2394 2468 
1323 1286 1338 1667 1555 1550 1623 1853 2077 1988 
755 839 1311 1719 1659 1525 1773 1475 1549 1814 
1276 1334 1808 1727 1666 1956 2096 1832 1797 1936 
1281 1241 1558 1422 1800 1902 1904 1725 1553 1500 
1463 1316 1852 1857 1837 1886 1551 1694 1712 1477 
1945 1954 1952 1829 1758 1863 2055 1728 1355 1288 
1727 1582 1903 1936 2248 1843 1513 1620 1429 1476 
1786 1701 2006 2115 1677 1898 1880 1522 1299 1183 
1559 1658 1503 1939 2038 1351 1812 2011 1475 1363 
1795 1704 1768 1889 1899 1628 1553 1880 1738 1356 
1797 1594 1273 1948 1803 1456 1830 1786 1682 1907 
2180 1951 1379 2033 2044 1575 1642 1870 1710 1372 
1773 1354 1336 1732 1809 1884 2080 1599 1688 1910 
2227 1905 1711 1731 1684 1634 2036 1848 1260 1261 
1661 1532 1366 1402 1549 1871 2004 1489 1245 1364 
2047 2010 1497 1740 2106 1668 1943 1912 1265 1120 
1810 1852 1697 1366 1668 1804 1657 1671 1356 1080 
2313 1965 2192 2049 1742 1662 1743 1697 1541 1299 
2135 2001 1966 1586 1849 1874 1445 1599 2154 1624 
2288 2112 2163 1950 2153 2187 1850 1514 1559 1357 
2090 2042 1585 1913 2106 1809 1375 1386 1356 1549 
1999 2084 1929 1940 2061 1863 1621 2024 1758 1654 
1988 2116 2088 1980 2335 1942 1679 1766 1475 1311 
1665 2068 2322 1599 1657 2047 1417 1142 1301 1168 
1818 1945 1860 1935 1671 1282 1438 1553 1498 1377 
1711 2092 1663 1368 1619 1865 1382 1272 1583 1507 
1667 1431 1659 1933 1259 1285 1360 1304 1670 1665 
1284 1380 1468 1317 1680 1749 1321 1215 1809 1783 
1426 1318 2045 1972 1176 1731 2044 1172 1426 2071 
1723 1847 1465 1527 1816 1154 1665 1736 1325 1726 
1353 1347 1623 1795 1524 1307 1761 1880 1504 1796 
1888 1946 1567 1493 1448 1463 1175 1717 1758 1813 
1655 1567 1735 1593 1031 1551 1741 1412 1754 1792 
1758 1596 1375 1649 1516 1514 1614 1520 1783 1908 
2136 2154 1523 1530 1590 1397 1285 1501 1560 1640 
1460 1519 1278 1378 2032 1408 1215 1833 1679 1500 
1662 2035 1985 1561 1870 1523 1123 1379 1390 1377 
1145 1625 1795 1682 1738 1249 1295 1294 1319 1299 
1780 1902 1930 1847 1737 1332 1474 1307 1033 1311 
1457 1007 1487 2041 1639 1477 1640 1333 1254 1296 
1698 1170 1382 1934 1869 1622 1433 1578 1511 1657 
1727 1582 1302 1673 1734 1739 1595 1883 2116 1972 
1768 1636 1505 1537 1651 1948 1764 2093 2200 1993 
1848 1793 1577 1378 1356 1870 1991 2001 2005 2500 
1687 1747 1504 1922 1736 1644 1866 2246 2343 2294 
2135 2177 1908 1358 1648 1908 1502 1577 2134 2062 
1536 1166 1468 1676 1815 1656 1659 1649 1869 1737 
1996 2012 1861 1133 1438 1934 1257 1085 1543 1509 
1377 1034 1450 1552 1252 1597 1494 1429 1257 1406 
1983 1691 1491 1325 1623 1693 1323 1362 1350 987 
1675 1255 1376 1145 1340 1455 1106 998 1464 1187 
1553 1545 1662 1665 1698 1844 1606 1432 1371 1200 
1470 1656 1531 1546 1710 1581 1441 1514 1599 1318 
1758 1510 1621 1868 1690 1922 1793 1746 1670 1663 
1498 1179 1562 1641 1685 1979 1929 1491 1798 1955 
1867 1890 1748 1821 1637 1446 1854 1875 1892 2107 
1716 1744 1614 1400 1429 1644 1683 1680 1803 2045 
2432 2389 1784 1821 1615 1100 1624 1836 1646 1890 
1479 1674 1721 1384 1643 1828 1521 1573 1649 2103 
2030 1954 2161 2128 1844 1912 1678 1706 1763 1772 
1551 1732 1774 1555 2026 1918 1433 1856 1919 1406 
1238 1274 1835 2034 1820 2204 2003 1791 1996 1924 
1072 1230 1813 2175 1595 1805 2219 2051 1480 1415 
1289 1227 1818 1856 1828 2032 2258 1847 1877 2041 
989 627 1370 1989 1639 1731 2334 2085 1704 1821 
1520 1395 1332 1634 1952 2053 1845 1911 1890 1782 
1652 1586 1412 1823 1819 1454 1947 1860 1778 2039 
1743 1721 1216 1446 1669 1681 1821 2408 2151 1782 
2029 2028 1503 1590 1958 1767 1440 1646 1768 1480 
2376 2166 1734 1511 1799 1678 1517 1505 1902 1643 
2552 2221 1633 1722 2119 1739 1768 1787 1642 1688 
2332 2200 1774 1613 1912 1929 1874 1781 1913 1858 
2394 2235 1802 1846 1701 1643 2065 2218 2158 2133 
1848 1610 1391 1601 1657 1844 1666 1553 2069 1940 
1441 1267 1163 1578 1695 1602 1657 1509 1720 1707 
1003 1133 1374 1177 1368 1599 1730 1397 1316 1685 
1019 1115 1582 1363 1352 1833 1900 1637 1219 1301 
1405 1612 1576 1550 1452 1637 1577 1522 1018 1226 
1887 1773 1770 1861 1581 1670 1661 1529 1535 1583 
2014 1934 1637 2039 1859 1226 1441 1999 1456 1404 
2029 2232 1759 1605 1749 1736 1332 1697 1854 1612 
1467 1388 1741 1849 1611 1926 1588 1799 1713 1646 
1693 1327 1763 1619 1942 1815 1511 1504 1647 1354 
1722 1316 1668 1912 1703 1658 2181 1723 1433 1489 
1558 1465 1399 1666 2169 1607 1514 1873 1422 1197 
1276 1455 1437 1674 1686 1645 1694 1508 1856 1656 
1493 1419 1251 1421 1700 1551 1515 1656 1752 1510 
1769 947 1500 1587 1446 1875 1513 1353 1812 1867 
1690 1209 1178 1710 1219 1660 2201 1246 1086 1262 
1833 1970 1468 1299 1224 1512 1411 1202 1189 1529 
1535 1669 1501 1448 1234 1440 1671 1366 1046 1047 
1270 1414 1456 1244 1206 902 1456 1371 1153 1006 
1635 1276 1699 1828 1574 1419 1358 1442 1049 1060 
1937 1306 1455 1731 1183 1334 1446 1197 1098 1161 
1810 1485 1472 1859 1711 1667 1781 1593 914 927 
1812 1868 1772 2103 1796 1535 1688 1577 1022 915 
1440 1863 1341 1649 1911 1135 1685 1642 1230 1383 
1641 1837 1507 1750 2015 1415 1516 1958 1944 1512 
1680 1739 1543 1655 1905 1681 1337 1697 1753 1671 
1686 1656 1690 1435 1287 1500 1481 1469 2012 1903 
1598 1355 1743 1492 1650 1655 1798 1791 1634 1859 
2115 1597 1829 1374 1235 1415 1498 1410 1127 1366 
1789 1314 1581 1616 1147 1329 1689 1591 1535 1400 
1911 1499 1644 1656 1274 1260 1616 1652 1556 1661 
2171 1840 1799 1736 1080 1477 1717 1429 1437 1324 
1952 1588 1578 1730 1219 1489 1570 1463 1919 2096 
1893 1828 1843 1357 1230 1505 1567 1374 1582 1625 
1493 1308 1336 1226 1374 1338 1435 1666 2016 1814 
1872 1814 1373 1396 1999 1747 1221 1626 1705 1553 
1887 1808 1035 1345 1413 1143 1303 1750 1570 1642 
2003 1877 1313 1509 1676 1716 2079 1967 1584 1735 
1651 1326 1401 1706 1135 1149 1538 1648 1581 1898 
1525 1413 1663 1332 1172 1766 1746 1518 1928 1760 
1598 1374 1471 1378 1511 1140 1062 1534 1924 1802 
1233 1515 1397 1272 1660 1733 1437 1646 2002 2190 
1326 1751 1477 1726 1462 1436 1585 1684 1811 1776 
1394 1542 1514 1562 1499 1695 1658 1245 1661 2277 
1130 968 1446 1676 1348 1352 1645 1632 1608 1700 
1276 1116 1478 1639 1426 985 1274 1563 1406 1837 
1431 1344 1383 1731 1662 1346 1740 1949 1638 1793 
1293 1425 1377 1902 1870 1391 1519 1594 1717 1908 
1257 1661 1541 1655 2038 1882 1578 1738 1810 1770 
1382 1472 2079 2183 1881 1969 1871 1768 1968 1887 
1623 1620 1723 2057 2131 1599 1998 1809 1323 1597 
1483 1805 1630 2088 1926 1571 1625 1784 1438 1607 
1580 2004 1408 1447 2017 1677 1338 1554 1512 1299 
1579 1905 1939 1422 1671 1976 1530 1339 1659 1417 
1984 1624 1743 1271 1416 1569 1056 1221 1308 1315 
2044 1500 1708 1397 1652 1871 1643 1677 1161 1047 
2438 1704 1447 2053 1767 1202 1706 1971 1492 1661 
2284 1914 1210 1854 1915 1115 1563 1840 1541 1357 
1863 1902 1488 1923 1975 1441 1795 1896 2089 1923 
1463 1875 1492 1591 1782 1506 1744 1881 2070 2057 
1201 1519 1636 1595 1905 2066 2073 1833 2128 2321 
1106 1304 1844 1855 1962 1959 1557 1805 2052 2042 
1546 1537 2191 1981 1844 2357 1957 1774 2031 2044 
1870 1850 2212 2183 1869 2211 1740 1586 1711 1590 
1860 1843 1934 2131 2024 1768 1630 1677 1726 1732 
2430 2362 1822 1970 2109 1722 1820 1756 1857 1810 
1852 1615 1279 1856 2207 1665 1683 2099 1864 1926 
2009 2119 1456 1833 1943 1704 1687 2025 2082 2097 
1854 2060 1881 1320 1856 1764 1508 1812 2311 2349 
1951 1800 1948 1706 1652 1855 1942 2253 2339 2516 
1990 2551 1721 1478 2143 1757 1347 1884 2236 2284 
1467 1970 1994 1565 1889 2008 1516 1719 2310 2427 
1672 1970 2020 2023 1899 1707 1602 1652 2044 2031 
1382 1629 1883 1712 1849 1791 1464 1744 1822 1710 
1196 1122 1667 1942 1811 2009 1930 1889 1800 2126 
1554 1689 1683 1560 2066 1907 1429 1749 1611 1550 
1378 1378 1707 1684 1506 2129 2221 1923 2016 2113 
1416 1602 1280 1340 1430 1616 1783 1527 1587 1722 
918 1094 1711 1549 1319 1714 2082 1678 1436 1433 
1353 1173 1505 1786 1401 1162 1495 1511 1458 1236 
1021 1019 1043 1414 1568 1251 1160 1201 1013 881 
1083 893 1471 1601 1603 1694 1420 1312 1161 855 
1362 1346 1229 1559 1358 1509 1581 1037 545 795 
1158 1587 1627 1375 1356 1928 1790 1161 1109 1071 
1506 1638 1758 1506 1317 1508 1747 1397 1509 1374 
1466 1283 1483 1439 1551 1518 1529 1609 1736 1417 
2125 1841 1795 1729 1779 1685 1455 1620 1774 1769 
1591 1647 1510 1814 1696 1444 1502 1998 1819 1902 
1930 2339 1984 1842 2040 1988 1971 1506 1369 1535 
1737 1660 2015 2228 2168 1619 1664 1839 1467 1681 
1828 1754 1953 1949 2002 2084 1804 1702 1170 1140 
1936 2113 2094 2207 1905 1648 1352 1464 1349 1374 
1737 1994 1730 1471 1823 1898 1517 1561 1381 987 
2089 1990 1972 1734 1815 1651 1443 1473 1464 1373 
1801 1343 1682 2139 1890 1442 1680 1704 1360 1280 
1800 1550 1565 1713 1823 1611 1685 1728 1513 1465 
1626 1150 1239 1842 1829 1720 1652 1497 1305 1171 
1827 1649 905 1431 1841 1548 1454 1438 1581 1303 
1885 1611 1265 1592 1632 1620 1515 1228 1691 1571 
2007 1844 1640 1716 1515 1772 1570 1613 1635 1452 
1888 2440 1882 1543 1822 1780 1493 1256 1518 1617 
1799 2379 2213 1496 1576 1648 1326 1434 1561 1685 
2080 2097 1907 1933 1874 1332 1709 1750 1183 1347 
1918 1918 2055 1861 1659 1504 1482 1345 1272 1630 
2006 1700 2176 2314 1558 1640 1479 1193 1368 1370 
1692 1984 1742 1717 1797 1792 1656 1345 1677 1763 
1654 1790 2037 1855 1788 2159 1746 1379 1717 1828 
1337 1461 1454 1976 1888 1540 1399 1906 2099 1891 
1580 1995 1777 2019 1712 1482 1698 1684 1866 1935 
959 1161 1236 1606 1783 1210 1566 2129 1852 1994 
1322 1549 1535 1615 2023 1770 1586 1632 1528 1883 
1171 1290 1374 1679 1666 1290 1421 1570 1397 1612 
1191 1129 1574 1664 1664 1479 1251 1450 1937 1747 
1473 1278 1791 2074 1740 1445 1664 1593 1751 1848 
1830 1685 1579 1864 1764 1461 1036 1679 1951 1987 
2261 1969 1758 1802 1977 1787 1406 1682 1908 2064 
1784 1809 1550 1718 1962 1658 1198 1808 1921 1960 
1796 1984 1967 1978 1920 1894 1592 1444 1975 2011 
2047 2074 1996 1747 1920 1694 1669 1803 1714 1570 
2189 1857 2092 1938 2106 1966 1331 1392 1730 1454 
1971 2015 1646 2201 1870 1788 1861 1393 1380 1706 
2150 2576 1970 1816 2213 1970 1449 1510 1597 1424 
1385 1527 1865 1573 1431 1698 1828 1211 1370 1670 
1552 1879 2074 1609 1827 1879 1446 1634 1590 1414 
1488 1549 2172 1574 1308 1747 1426 1430 1518 1531 
1738 1392 1769 2082 1532 1228 1400 1422 1375 1510 
1467 1755 1464 1679 1474 1647 1614 1502 1908 1738 
1775 1780 1969 1668 1261 1523 1867 1145 1668 1779 
1320 1120 1606 1436 953 1657 1698 1234 1478 1753 
1435 1551 1715 1593 1253 1558 1809 1504 1584 1446 
887 842 1356 1521 1501 1265 1246 1160 794 1067 
1416 1556 1478 1616 1539 1503 1442 1481 1461 1225 
1017 1459 1350 1049 1367 1507 1321 1176 1298 1301 
1088 1106 1395 1453 1253 1409 1570 1361 1359 1352 
1463 1557 1497 1339 1417 1212 1406 1565 1557 1713 
1143 1062 1127 1510 1318 1083 1446 1738 1441 1735 
1644 1914 1235 1290 1580 1516 1527 1763 1506 1428 
1713 1621 1554 1608 1571 1548 1564 1544 1644 1658 
1736 1519 1638 1787 1713 1443 1609 1755 1635 1470 
1826 1431 2173 2106 1540 1682 1633 1783 1658 1580 
1793 1339 1714 2229 2031 1779 1927 1739 1728 1486 
2010 2151 1662 1735 2289 1877 1972 1637 1236 1693 
1932 2001 1677 1738 2043 1826 1845 1867 1458 1405 
1832 2094 1563 1396 1704 1838 2134 1580 1084 1304 
1576 1545 1920 1707 1368 1853 2169 1782 1058 1102 
1849 1670 1571 1622 1851 1798 1639 1655 1249 838 
1302 1422 1555 1498 1621 1519 1448 1496 1261 893 
1529 1734 1827 1639 1804 1978 1810 1875 1350 822 
1197 1301 1354 1883 1709 1423 1290 1316 1279 1080 
1605 1766 1912 1562 1819 1887 2031 1928 1158 1217 
1044 847 1638 1904 1907 1655 1247 1840 1450 1299 
1604 1687 1729 1832 1923 1966 1960 1969 1725 1300 
1096 1057 1271 1664 1840 1692 1696 1441 1333 1213 
1542 1404 1400 1708 1861 1977 1749 1675 1220 903 
1372 1551 1297 1634 1865 2135 1926 1250 1464 1264 
1398 1494 1756 1653 1609 1756 2092 1422 1312 1209 
1543 1275 1750 1715 1448 1929 2377 1752 1313 1193 
1912 1623 1560 1943 1692 1783 1755 1465 1338 1235 
1379 1301 1088 1184 1686 1761 1832 2002 1689 1433 
1863 1832 1442 1350 2045 1762 1332 1703 1736 1573 
1517 1552 1308 1236 1510 1655 1837 2239 2060 2009 
1314 1357 1501 1756 1437 1564 1931 1770 2192 2049 
1483 1422 1616 1706 1365 1435 1713 1449 1540 1761 
1326 811 1540 1598 1570 1980 1627 1435 1875 1987 
1621 1243 1375 1696 1586 1774 1565 1118 1203 1209 
1430 1639 1608 1385 1516 1713 1456 1586 1540 1581 
1491 1768 1333 1555 1604 1465 1524 1391 1627 1393 
1776 2288 1594 1346 1947 1581 1475 1681 1597 1528 
1414 1136 1564 1576 1767 1654 1296 1628 1742 1746 
1765 1630 1894 1709 1493 1888 1507 1889 2034 1961 
1254 1144 1807 1799 1394 1710 1836 1798 2119 2128 
1294 1150 1601 1761 1341 1631 1683 1440 2142 1952 
1575 1525 1332 1869 1756 1546 1696 1386 1924 2109 
1315 1571 1090 1535 1733 1377 1781 1651 1597 1905 
1798 1745 1438 1472 1698 1693 1648 1685 1298 1606 
1614 1607 1360 1504 1840 2104 1901 1608 1610 1663 
1727 1564 1891 1346 1257 1677 1928 1748 1773 1826 
1762 1360 1896 1840 1485 2047 2178 2328 2531 1982 
1121 1390 1480 1549 1763 1750 1857 2082 2370 2177 
1332 1458 1648 1980 2184 1801 1793 2313 2562 2519 
1344 1203 980 1303 1905 1893 1577 1776 1946 2118 
1473 1468 1389 1540 1824 2075 1895 1591 1654 1912 
1225 1554 1810 1492 1033 1895 2051 1284 1303 1786 
1169 1704 1760 1562 1466 1508 1664 1746 1614 1251 
1146 1821 1937 1573 1753 1764 1545 1462 1554 1404 
1505 1524 1899 1968 1943 1449 1097 1642 1689 1473 
1588 1621 1324 1678 1833 1674 1659 1637 1526 1534 
1532 1784 1712 1636 1830 1853 1563 1673 1869 2112 
1451 1488 1807 1701 1287 1745 1874 1574 1864 1837 
1639 1972 1919 1379 1331 1844 1546 1406 1926 1635 
1596 1581 1899 1738 1568 1847 1877 1473 1797 1711 
2119 2283 1580 1328 1673 1366 1674 1406 1264 1423 
1768 1490 1687 1562 1514 1256 1616 1755 1066 1234 
1787 1648 1607 1724 1430 1367 1622 1521 1156 1382 
1436 1368 1856 1701 1033 1166 1952 1647 1430 1411 
1804 1213 1641 1985 1925 1735 1933 1540 1404 1243 
1714 1344 1258 1759 1776 1628 1525 1406 1557 1407 
1353 1227 1131 1869 2173 2116 1819 1918 1917 1414 
1464 1773 1476 1366 1733 1897 1873 1552 1465 1481 
1580 1568 1722 1690 1826 1782 1889 2008 1552 1584 
1900 1740 1694 1699 1932 2121 2132 1878 1379 1628 
2173 2078 1803 2080 2136 1853 1806 1933 1375 1203 
2062 2260 1844 1700 1919 2007 1982 1833 1704 1567 
2114 1964 2103 1771 1613 1701 2124 1712 1563 1282 
2011 1592 1713 1769 1722 1872 2091 1717 1496 1310 
2000 1528 1629 1839 1716 1566 1826 1724 1463 1673 
1999 1616 1395 1645 1565 1692 1825 1917 1366 1269 
1853 1928 1604 1306 1617 1895 1813 1712 1755 1722 
1454 1500 1800 1414 1649 2034 2129 1921 2092 1935 
1274 1690 1543 1512 1983 2256 1808 2140 2078 2017 
1348 1905 1666 1822 1997 1959 2073 2485 2278 2323 
1473 1718 1788 1853 1893 1825 1927 2039 1774 1851 
1519 1833 1770 1573 1845 1850 1868 1975 1686 1815 
1459 1658 1735 1714 1742 1493 1497 1778 1735 1606 
1888 1953 1807 1600 1667 1705 1579 1733 2101 2069 
1726 1464 1741 1960 1565 1165 1525 1810 1971 1621 
1943 1565 1667 1734 1673 1554 1466 1769 2355 2338 
2365 1986 1745 1890 1756 1732 1598 1464 1780 1903 
2104 2069 1511 1516 1909 1658 1595 1656 1355 1762 
2280 2564 2010 1367 1784 2237 1969 1666 1777 1873 
1790 1999 1891 1853 1654 2021 2284 1723 1689 1722 
2019 2000 2397 1734 1544 1985 1858 1818 1406 1233 
1414 1121 1656 1869 1437 1711 1816 2030 2031 1861 
1587 1406 1686 1668 1746 1680 1938 1862 1339 1388 
1622 1252 1274 1708 1799 1300 1616 1897 1630 1541 
1890 1462 1331 1309 1553 1295 1464 1599 1365 1559 
1827 1254 1625 1825 1594 1549 1520 1819 1816 1621 
1627 1542 1587 1816 1392 1344 1657 1863 1911 1881 
1864 1564 2081 1810 1485 1638 1775 1853 1660 1707 
1422 1208 1298 1688 1754 1658 1446 1656 1785 1432 
1429 1369 1474 1855 1865 2060 2006 1602 1642 1786 
1371 1253 1314 1835 2293 2003 1728 1761 1628 1460 
1617 1474 1681 2233 2134 1699 1796 2069 2018 1649 
1715 1741 1600 1760 2029 1763 1758 1743 1530 1753 
1662 1860 1552 1808 1814 1627 1597 1663 1734 1647 
1783 2148 1442 1430 1395 1453 1230 1129 1530 1942 
1628 1604 1645 1224 968 1541 1639 1256 1532 1456 
1319 1065 1551 1940 1277 972 1146 1154 1412 1318 
1322 1420 1608 1299 1196 1373 1417 1091 1214 1484 
1592 1596 1844 1886 1365 1277 1422 1451 1077 1039 
1586 1425 1463 1464 1587 1459 1301 1343 1575 1497 
1985 1962 1612 1472 1620 1725 1621 1413 1492 1522 
1538 1243 1418 1875 1877 1190 1647 1483 1299 1393 
2274 2321 1808 1589 1771 1353 1255 1372 1347 1435 
1535 1465 1744 1482 1337 1612 1453 1717 1582 1508 
1886 1893 1739 1897 1895 1747 1417 1526 1718 1632 
1307 1853 1697 1785 1826 1405 1433 1969 1860 1953 
1544 1803 1989 1809 2033 1774 1612 1711 1581 1711 
1246 1635 1806 1702 1923 1638 1528 1664 1498 1777 
1119 1319 1511 1541 1878 1864 1528 1468 1818 1756 
1961 1933 1660 1980 1902 1893 2060 1636 1535 1514 
1401 1079 1435 1936 1795 1691 2095 1737 1368 1590 
1855 1848 1560 1723 1844 1548 1629 1757 1632 1697 
1318 1256 1526 1537 1622 1762 1485 1751 1388 1129 
1923 1523 1446 1639 1616 1676 1460 1434 1441 1190 
1357 1312 1051 1412 1819 1488 1419 1600 1519 1541 
1407 1417 1666 1228 1405 1847 1641 1705 1259 944 
1433 1118 1501 1852 1613 1662 2030 1552 1598 1619 
1448 1403 989 1375 1575 1625 1759 1515 1217 913 
1118 1091 1183 1666 1570 1638 1627 1438 1402 1390 
1376 1457 1095 1403 1802 1363 1100 1487 1818 1393 
1197 1390 1409 1163 1345 1934 1674 1628 1969 1683 
1465 1139 1651 1811 1555 1764 1728 1086 1450 1592 
1738 1421 1720 1593 1111 1541 1823 1510 1365 1718 
1408 1181 1340 1711 1678 1733 1888 1746 1411 1354 
1993 1969 1861 1586 1749 1684 1684 1634 1529 1368 
1658 1547 1513 1425 1662 1916 1773 2123 2269 1911 
1650 1507 1477 1575 1776 1969 1882 2058 2100 1943 
1515 1368 1193 1585 1607 1642 1941 1860 1839 2099 
1382 1016 923 1649 1503 941 1601 1794 1504 1668 
1367 1477 1120 1267 1679 1569 1509 1571 1669 1794 
1150 1436 1887 1517 1395 1588 1302 1393 1681 1465 
1419 1653 1962 1558 1643 1541 1554 1615 1556 1591 
1400 1721 2158 2041 1995 1792 1931 1742 1344 1577 
1756 1770 1818 2025 1464 1294 1922 1701 1036 1502 
2004 1793 1765 2014 1879 1726 1885 1910 1348 1337 
1966 1701 1735 1861 1725 1502 1427 1581 1701 1526 
1535 1464 1716 1892 1577 1359 1202 1673 1674 1298 
1848 1831 1795 1593 1828 1828 1677 1548 1928 1765 
1449 1238 1543 1939 1906 1601 1727 1773 1791 1842 
1926 1827 1644 2305 2051 2086 1790 1972 2122 2089 
1660 1881 1514 2006 2109 1909 1975 1965 2373 2368 
1473 1523 1576 1852 1872 1928 2091 1633 2122 2121 
1518 2001 1581 1354 1922 2068 2006 1940 1974 2341 
1452 1865 1898 1372 1668 1919 1755 1734 1744 1811 
1392 1338 1670 1620 1375 1744 1503 1518 1417 1377 
1648 1570 1592 1886 1654 1801 1891 1540 1364 1290 
977 785 1534 1908 1955 1875 1972 1448 1351 1429 
1179 1278 1650 1978 1930 2190 2265 1753 1295 1302 
1249 1449 1416 1626 1934 1768 1846 1700 1666 1628 
1382 1364 1291 1181 1807 1965 1704 1824 1752 1662 
1622 1720 1519 1597 1751 1655 1397 1615 1486 1127 
1589 1599 1434 1367 1508 1370 1354 1404 1338 1309 
1508 1328 1528 1380 1520 1732 1545 1386 1006 967 
1118 891 1559 1809 1632 1836 1614 1607 1474 1489 
1459 1106 1467 1540 1417 1740 1980 1835 1610 1413 
1332 919 1246 1475 1133 1773 1953 1489 1678 1583 
1279 1030 1370 1876 1618 1421 1898 1672 1699 1908 
1599 1639 1531 1379 1264 1399 1547 1485 1840 1665 
1265 1130 1497 1756 1795 1520 1580 1745 1547 1608 
1992 1718 1697 1630 1398 1213 1271 1545 1458 1513 
1997 1950 1599 2056 1950 1533 1458 1407 1296 1256 
1942 2103 1528 1868 2056 1579 1399 1376 1266 1249 
1617 1773 1797 1797 1777 1877 1519 1352 1587 1275 
1786 1482 1828 1761 1628 1843 1930 1264 1339 1521 
1377 1552 1458 1743 1634 1757 2040 1660 1704 1487 
1294 1501 1398 1570 1847 1568 1687 1928 1807 1944 
1250 1228 1219 1665 1771 1470 1580 1676 1846 1882 
1337 1063 1545 2005 1797 1840 2105 2144 2110 2185 
1755 1466 1483 1772 1883 1937 1688 1766 1663 1944 
1270 1438 1400 1603 1997 1760 1863 1813 1857 1823 
1772 1896 1753 1651 2020 1484 1431 2058 1381 1309 
1751 1705 1506 1563 2125 2183 1549 1485 1729 1292 
1756 1442 1568 1815 1497 1929 1721 1239 1471 1252 
1990 1940 1839 1709 1633 2088 1749 1204 1138 1096 
1413 1553 1489 1478 1464 1643 1509 1320 1623 1385 
1929 2117 1432 1378 1955 1667 1453 1720 1587 1625 
1538 1543 1357 1532 1889 1747 1471 1696 1818 1534 
1427 1583 1388 1388 1616 1642 1642 1641 1866 1972 
1797 1940 1917 1418 1447 1629 1612 1725 1922 1882 
1520 1414 1543 1460 1390 1628 1766 1594 1544 1651 
1659 1754 1653 1464 1808 1674 1492 1338 1116 1390 
1438 1202 1828 1819 1331 1614 1937 1532 1178 1621 
1664 1188 1382 1676 1492 1466 1545 1685 1453 1150 
1286 1029 1373 1513 1441 1989 1835 1410 1562 1255 
1394 1343 1464 1636 1835 2141 1894 1507 1771 1390 
1221 1457 1262 1657 1649 1834 1734 1694 1259 1277 
1372 1660 1387 1482 1737 1898 2012 1777 1652 1372 
1457 1527 1720 1844 1843 1885 1807 1617 1346 1120 
1432 1556 1474 1415 1440 1809 1961 1411 1081 1134 
1555 1693 1674 1478 1967 1931 1749 1346 1021 967 
1717 1590 1571 1522 1770 1709 1416 1535 1472 1003 
1591 1183 1434 1424 1941 1855 1481 1400 1474 1039 
1948 1632 1340 1429 1907 2046 1551 1845 1871 1421 
1579 1580 1366 1632 1621 1718 1664 1597 1604 1703 
2034 1902 1897 1516 1293 1687 1879 1903 1883 1813 
1984 1491 1635 1626 1352 1653 1978 1633 1752 1859 
2233 1772 1624 1668 1630 1428 1494 1483 1350 1822 
2009 1782 1500 1338 1553 1309 1253 1706 1628 1501 
2109 2219 1763 1616 2017 1677 1426 1492 1876 1591 
2017 2176 2265 1722 1608 1664 1506 1161 1332 1500 
2095 2212 1862 2102 1840 1489 1403 1612 1749 1583 
1942 2015 2109 2132 1879 1775 1545 1544 1449 1677 
2312 2036 1909 1772 1408 1485 1296 1606 1950 2220 
1804 1837 1707 1840 1696 1748 1641 1542 1916 1747 
1977 2110 2244 1797 1641 1737 1600 1396 1470 2047 
1777 1704 1488 2126 1757 1156 1361 1440 1464 1573 
2178 2106 1740 1861 2276 1504 1437 1987 1651 1593 
1812 1640 1768 1550 1744 1622 1300 1523 1477 1457 
1566 1935 1934 1595 1693 1831 1452 1580 1627 1406 
1572 2133 1666 1234 1821 1779 1288 1548 1478 1763 
1314 1506 1493 1550 1387 1325 1174 1476 1511 1175 
1463 1629 1409 1275 1389 1254 1488 1296 1307 1292 
1444 1580 1761 1943 1557 1190 1287 1046 1043 973 
1422 1493 1639 1567 1238 1148 1244 958 1093 1115 
1570 1609 1602 1458 1625 1127 1108 1204 860 757 
1561 1351 1486 1907 1665 1488 1328 1314 1019 1047 
1691 1753 1538 1742 2097 1429 1249 1547 1259 1226 
1586 1878 1591 1672 2183 1562 1377 1665 1641 1537 
1278 1600 1541 1994 2389 2075 1722 1908 1808 1657 
1330 1782 1799 1856 2336 2387 1509 1680 2010 1559 
972 1295 1718 2052 2046 2396 1673 1169 1782 1665 
1068 1506 1743 1784 2040 2301 1936 1775 1670 1673 
1018 1161 1758 1964 2027 1833 1708 1750 1682 1722 
1136 1358 1744 1799 1765 1586 1872 2000 1697 2020 
1298 1405 1743 1880 1702 1522 1945 1895 2013 2226 
1615 1500 1717 1900 1974 1797 1601 1782 1716 1931 
1694 1628 1736 1501 1545 1857 1679 1828 1862 2114 
1824 1739 1704 1729 1641 1809 1511 1763 2093 1901 
1476 1414 1689 1368 1532 1637 1642 1791 1887 2136 
1666 1396 1675 1650 1672 1353 1717 2134 2357 2032 
1584 1253 1415 1941 1665 1386 1747 1687 1504 1813 
1514 1271 1402 1845 1487 1553 1744 1520 1484 1587 
1339 1468 1386 1677 1526 1619 1947 1538 974 1308 
1626 1587 1689 1202 1288 1683 1810 1580 1291 1396 
1344 1473 1311 1348 1421 1410 1896 1762 1263 1320 
1384 1780 1807 1669 1848 1606 1869 1951 1730 1737 
1624 1643 1819 2020 1575 1394 1676 1986 1672 1496 
1161 1136 1358 1637 1800 1754 1239 1884 2132 1819 
1828 1419 1886 2057 1607 1970 1594 1698 1866 1494 
1422 1014 1175 1441 1361 1593 1352 1206 1476 1365 
2305 1810 1671 1619 1364 1291 1507 1233 1162 1310 
1642 1245 1209 1234 1054 1497 1657 1320 1023 1235 
2155 2111 1866 1596 1578 1534 1486 1271 1450 1162 
1593 1988 1825 1232 1216 1376 1487 1168 1408 1561 
1439 1761 1803 1331 1242 1400 1548 1650 1503 1460 
1406 1535 1810 1760 1587 1392 1727 1186 1308 1484 
1654 1510 1726 1766 1442 1217 1432 1257 1045 1290 
1447 1345 1579 1582 1726 1973 1427 1178 1814 1506 
1433 1340 1809 1757 1601 1969 1718 1306 1576 1557 
1755 1699 1583 1409 1760 2109 1380 1841 1910 1556 
1756 1252 1740 1861 1393 2082 2203 1783 1633 1820 
2039 1747 1547 2089 2167 1810 1895 1750 1179 1430 
2021 2113 2173 2066 1711 1969 2127 1778 1564 1518 
2001 1661 1809 1853 1809 1801 1911 1553 1291 1288 
1544 1703 1874 1865 1856 1955 1752 1682 1729 1528 
1210 1290 1670 1798 1444 1493 1736 1616 1682 1708 
1140 1337 1341 1427 1649 2072 1937 1877 1793 1952 
1094 1161 1367 1459 1387 1368 1783 1485 1676 1755 
1176 1532 1636 1559 1568 1679 2009 1960 1593 1741 
1875 2293 1845 1364 1539 1602 1358 1467 1404 1717 
1725 1830 1725 1676 1658 1678 2036 1879 1845 1731 
1861 1946 1990 1806 1757 1501 1604 1993 1502 1557 
1527 1459 2031 2188 1798 1684 1579 2065 2075 1845 
1427 1479 1833 1925 2005 2082 1598 1741 1860 1484 
1343 1342 1912 1831 1760 2135 1592 1855 1958 1692 
1408 1490 1733 1690 2075 2310 1696 1469 1947 1549 
1753 2066 2069 1716 1863 2090 2014 1564 1427 1734 
1580 1342 1864 1878 1629 2080 2045 1755 1999 1831 
1785 1649 1379 1778 1626 1475 2009 1539 1370 1451 
1740 1842 1766 1321 1308 1645 1710 1841 1680 1651 
1705 1601 1473 1360 1311 1311 1281 1546 1568 1413 
1592 1839 1506 1367 1632 1384 1424 1348 1652 1680 
1774 1746 1655 1666 1732 1472 1192 1492 1773 1572 
1957 1797 1877 1711 1688 1894 1539 1286 1601 1742 
1571 1521 1568 1624 1581 1561 1336 1181 1049 1143 
1457 1539 1581 1395 1459 1818 1580 1288 1154 1253 
1446 1336 1339 1233 1188 1609 1576 1172 1031 874 
1443 1387 1131 1445 1422 1397 1669 1519 1122 1007 
1212 1205 1056 1137 1779 1547 1301 1911 1822 1536 
1522 1585 1206 866 1437 1724 1691 1838 1462 1428 
1200 1196 1065 1233 1434 1772 2087 2135 1772 1944 
1545 1505 1564 1186 1215 2004 2060 1521 1884 2178 
1336 1193 1537 1145 1113 1473 1977 2231 1964 1929 
1351 981 1543 1327 1138 1751 1747 1879 1986 1825 
1820 1507 1619 1776 1521 1361 1593 2020 1771 2039 
1858 1455 1421 1747 1330 1264 1485 2022 2250 1925 
1815 1478 1205 2058 1580 1367 2125 1912 1678 1768 
2129 2060 1526 1477 1811 1636 1393 1596 2003 1959 
1275 1229 1474 1414 1305 1968 2100 1597 1782 1936 
1614 1909 1658 1391 1457 1771 2020 1536 1541 1743 
1050 1417 1661 1246 1175 1476 1907 1597 1392 1772 
1690 1936 1607 1621 1620 1354 1840 2081 1789 1874 
1509 2055 1539 1376 2076 1616 1456 2066 2049 1940 
1631 1695 1481 1354 1867 1566 1487 1853 2189 1921 
1746 1881 1628 1656 1968 1866 1755 2176 2368 2257 
2070 1836 1572 1259 1434 1774 1902 1892 2007 2017 
1915 1644 1453 1352 1845 2073 1679 2121 1953 2031 
2117 1788 1793 1609 1494 1679 1779 2042 2210 2205 
2056 1819 1686 1664 1519 1034 1718 2102 1745 1744 
1940 1606 1685 1764 1609 1443 1720 2040 2020 2097 
2006 2178 1240 1648 1854 1279 1137 1659 1912 1980 
1784 2084 1749 1504 1886 1915 1302 1626 1957 1897 
1876 1952 1848 1370 1709 1644 1334 1599 1589 1926 
1870 1870 2059 1908 1856 1834 1582 1757 1812 1948 
1314 1549 1696 1800 1585 1670 2106 1655 1476 1743 
1807 2054 1938 2209 1987 1493 2018 2018 1734 1805 
1413 1580 1676 1948 1707 1975 2321 1777 1643 1689 
1884 2125 1753 1826 1912 1352 1827 1966 1625 1448 
1792 2165 1957 1963 2479 2128 1430 1720 2246 1832 
1604 1888 1964 1450 1829 1989 1642 1504 1616 1530 
2109 2053 2218 1934 2187 1921 1290 1435 1457 1299 
2113 2144 1974 1612 1628 2084 1670 1563 1554 1891 
1571 1896 1677 1523 1665 1675 1655 1791 1390 1418 
1533 1869 1854 1586 1636 2080 1949 1533 1872 1666 
1363 1486 1760 1711 1363 1586 1625 1785 2087 2041 
1115 1080 1337 1687 1628 1510 1901 2141 2194 2036 
1715 1850 1659 1758 2056 1656 1671 1964 1957 1756 
1722 1718 1156 1531 1955 1524 1747 1973 1544 1859 
1383 1838 1102 1325 2286 1930 1608 1734 1852 1736 
1654 1690 1638 1420 1909 1829 1935 2001 1698 1556 
1257 1146 1180 1390 1753 2293 1475 1634 2041 1731 
1450 1500 1631 1767 1489 1798 1862 1489 1635 1448 
1386 1605 1874 1393 1452 1820 1694 1312 1580 1762 
1339 1502 2081 1539 1697 1900 1995 1625 1274 1674 
1405 1901 1958 1554 1826 1773 1505 1648 1542 1554 
1302 1744 1497 1384 1562 1867 1689 1786 1931 1663 
1023 1303 1037 1685 1986 1743 2082 2089 2198 2093 
951 1134 1200 1188 1375 1469 1953 2035 1740 1724 
1326 1413 1355 1329 1591 1759 2017 2139 2043 2131 
1264 1271 1427 1279 1136 1642 1612 1569 1877 1887 
1558 1573 1764 1512 1477 1885 1581 1647 1758 1659 
1251 1362 1849 1391 1338 1802 1467 1076 1339 1310 
1334 1517 1727 1180 1301 1891 1416 1124 1311 1351 
1102 1165 1375 1222 1291 1348 1353 1562 1497 1339 
1377 1507 1539 1383 1330 1238 1293 1653 1736 1557 
1042 1174 1363 1590 1073 954 1370 1726 1507 1719 
1503 1794 1346 1572 1492 1182 1238 1517 1607 1883 
1771 1828 1711 1516 1249 1638 1624 1273 1483 1743 
1493 1338 1495 1611 1254 1561 1435 1076 1506 1587 
1920 2281 2155 1567 1622 1832 1778 1478 1608 1445 
1260 1748 2192 1540 1340 1743 1689 1313 1123 1333 
1953 2071 2325 1838 1590 1437 1706 1718 1066 1079 
1836 1539 1937 1916 1702 1635 1462 1431 1045 1160 
2506 2054 1630 2085 1592 1065 1425 1439 1649 1431 
1834 1966 1652 1652 1836 1479 1504 1872 1779 1587 
1773 1828 1998 1891 1545 1627 1616 1687 1948 2139 
1379 1422 1709 1818 1431 1464 1721 1786 1817 1717 
1396 1081 1504 1944 1642 1655 2155 1828 1864 2385 
1516 1412 1585 2074 1840 1898 2169 1925 1671 1756 
1407 1490 1330 2035 1950 1873 1987 1715 1790 1912 
1860 1828 1628 1779 1991 1915 2061 1975 1794 1747 
1897 1518 1558 1690 2053 2132 2142 2126 1599 1584 
1925 1929 1813 1424 1780 1837 1663 2051 1872 1658 
1685 1536 1609 1369 1282 1506 1632 1921 1765 1448 
1994 1908 1318 1297 1696 1756 1688 1682 1966 1777 
1647 1307 1537 1694 1572 1253 1377 1441 1708 1692 
1993 1942 1773 2024 1993 1697 1735 1713 1924 1914 
1191 1635 1585 1704 1668 1442 1506 1596 1298 1607 
1219 1579 1858 1577 1916 2146 1604 1607 1621 1670 
953 1225 1544 1525 1384 1741 1562 1470 1120 1176 
1178 968 1425 1570 1828 1768 1396 1470 1527 1291 
1468 1276 1462 1796 1841 1752 1518 1660 1795 1434 
1856 1905 1854 1835 1548 1895 2181 1799 1795 1808 
1880 2205 1910 1850 1910 1946 1864 1746 1822 1847 
1880 2539 2135 1466 1824 1841 1891 2044 2187 2442 
1552 1966 1992 1827 1636 1543 1420 1965 2147 2088 
1811 1873 1892 1721 1519 1438 1742 2036 2325 2417 
1732 1609 2042 1502 1651 1882 1629 1576 1823 2084 
1635 1521 1947 2073 1527 1609 1473 1668 1982 2057 
1400 1692 1776 1747 1846 1374 1445 1677 1429 1624 
1616 1879 2110 1958 1825 1668 1815 1446 1214 1155 
1367 1559 1830 1961 1677 1797 1757 1167 910 1305 
1446 1433 2110 2078 1675 2312 1905 1290 1299 1227 
1780 1750 1773 1655 1540 1856 1417 1456 1836 1500 
1234 1276 1570 1664 1673 2033 1624 1703 1665 1431 
1489 1891 1781 1590 1911 1806 1534 1275 1543 1382 
1034 1470 1830 1697 1509 2022 1700 1165 1461 1737 
1060 1193 1553 1922 1522 1738 1902 1533 1655 1606 
1461 1840 1955 1539 1900 1941 1563 1532 1730 1526 
982 1312 1598 1654 1505 1749 1303 1515 2087 1912 
1795 2305 1976 1764 1706 1637 1616 1460 1750 2105 
1484 1603 1757 1274 1125 1612 1508 1322 1776 1902 
1501 1241 1822 1949 1525 1639 2009 1682 1575 2128 
1642 1868 1858 1578 1541 1330 1565 1778 1772 1853 
1285 1581 1632 1575 1449 1430 1958 2140 1589 1777 
1367 1572 1394 1796 1929 1729 1646 1867 1734 1545 
1650 1616 1584 1784 1714 1597 1697 1493 1845 1877 
1660 1418 1319 1638 1824 1780 1839 1852 1622 1477 
1540 1730 1553 1558 1615 1712 1439 1557 1980 1806 
1616 1690 2067 1862 1735 1636 2024 1856 1636 1822 
1627 1495 2106 1901 1559 1598 1661 1821 1474 1313 
1626 1405 1644 1817 1775 1878 1551 1537 2002 1970 
1792 1911 1724 1626 1850 1901 1919 1704 1748 1878 
1259 1617 1449 1163 1622 1817 1555 1600 2017 1671 
1734 2105 2019 1671 1535 2150 2044 1341 1660 2252 
1075 1129 1669 1660 1334 1679 1694 1811 1735 1720 
1398 1718 1756 1538 1433 1960 1858 1419 1539 1738 
1403 1472 1860 1834 1705 1541 2074 2132 1928 1906 
1706 1316 1429 1674 1824 1536 1717 1784 1374 1498 
1958 1701 1341 1961 1859 1607 1902 2137 1803 1824 
2031 1821 1516 1828 1999 1729 1845 2162 1891 1818 
1786 1975 1684 1681 1788 1781 1799 1760 1636 1510 
1335 1728 1793 1518 1690 1585 1217 1672 1856 1485 
1318 1559 1861 1535 1629 1815 1313 1355 1644 1354 
880 1535 1516 1336 1759 1853 1117 954 1314 1070 
1155 1496 1900 1728 1744 1776 1350 1296 1182 1075 
1130 1324 1431 1750 1906 1647 1591 1297 830 906 
1176 1467 1724 1728 1878 1810 1807 1394 1316 1309 
1030 989 1503 1461 1512 1830 1543 1781 1786 1687 
1244 1308 1606 1225 1379 2222 1581 1392 1832 1416 
1155 1012 1289 1445 1294 1286 1723 1595 1630 1790 
1469 1317 1171 1395 1535 1590 1709 1781 1644 1705 
1597 1266 1359 1662 1204 1446 1867 1654 1738 1584 
1765 1609 1474 1625 1594 2079 1909 1623 1822 1635 
1663 1690 2005 1642 1464 2193 1774 1428 1514 1405 
1979 1782 2096 1666 1718 2049 2066 1794 1256 1404 
1709 1711 1736 1655 1592 1651 1658 1457 1263 1134 
1578 1668 1570 1576 1699 1254 1459 1907 1870 1553 
1194 1306 1467 1390 1571 1672 1531 1829 2050 1616 
928 875 1234 1694 1492 1500 1402 1638 2102 2121 
880 1076 1368 1769 1789 1881 1711 1758 2031 2063 
1109 1208 1473 1673 1577 1746 2032 1356 1730 1859 
1542 1627 1595 1447 1758 1966 2065 1774 1569 2110 
1749 1480 2083 1621 1335 1956 1996 1790 1638 1618 
2460 2003 2067 1817 1210 1721 2123 1889 1748 1910 
2234 2096 1712 1505 1825 1904 1795 1971 1843 1900 
2282 2243 1815 1602 1761 1691 1752 2134 2188 2032 
1973 2039 1965 1666 1731 1839 1796 2102 1912 1509 
1753 1946 1941 1471 1480 1544 1642 1617 1733 1863 
1745 1801 2079 1576 1309 1408 1336 1621 1678 1629 
1381 1441 1504 1315 1290 1602 1287 1481 2283 1945 
1781 1772 1633 1498 1254 1222 1233 1174 1770 1522 
1734 1480 1399 1671 1446 1615 1400 1277 1661 2001 
1710 1712 1499 1387 1404 1395 1216 1327 1651 1721 
1739 1725 1890 1633 1683 1638 1757 1816 1955 1866 
1580 1577 1551 1125 1799 1699 1280 1591 2079 1903 
1673 1606 1499 1425 1394 1706 1437 1641 1990 2200 
1677 1634 1240 1353 1496 1772 1570 1303 1721 1908 
1848 2002 1582 1473 1441 1819 1931 1554 1674 1948 
1885 1869 1517 1533 1558 1396 1538 1347 1532 1778 
2132 1860 1761 1776 1654 1480 1605 1737 1538 1752 
1621 1212 1713 1915 1429 1350 1495 1582 1513 1629 
2058 2068 1818 1604 1216 1357 1500 1272 1326 1548 
1897 1932 2078 1742 1288 1505 1644 1661 1622 1822 
2261 1943 1847 1834 1686 1140 1451 1545 1446 1535 
2311 2597 2083 2116 1882 1551 1713 1911 1732 1679 
1892 2208 1984 1947 1875 1339 1677 1789 1417 1687 
1946 2344 2072 1502 1880 1534 1399 1725 1653 1837 
1472 1612 1925 1470 1506 1792 1338 1348 1723 1584 
1615 1889 1678 1540 1424 1418 1393 1340 1469 1540 
1194 1556 1537 1452 1585 1526 1512 1223 1621 1831 
1559 1531 1861 1663 1662 1752 1661 1891 1937 1640 
1353 1317 1532 1686 1543 2009 1840 1608 1880 1721 
1012 1018 1654 1450 1509 1832 1840 1692 1901 1525 
1286 1013 1400 1295 1287 1508 1593 1777 1705 1814 
1137 1006 868 1250 1406 1518 1925 1779 1369 1457 
1458 1048 1233 1438 1508 1539 1804 1826 1847 1708 
1647 1504 1290 1341 1485 1818 1526 1299 1849 1926 
1514 1355 1815 1943 1522 1606 2129 2188 2418 1982 
2079 1928 2092 1923 2136 1973 1714 1657 1649 1533 
1979 2001 1982 1578 1513 1682 1812 1672 1810 2367 
2385 2248 1940 1878 1789 1719 1832 1769 1451 1572 
2179 2307 1917 1470 1513 1954 1795 1437 1518 1506 
2289 2137 2210 1713 1688 1557 1481 1308 1268 1491 
1825 1832 1658 1411 1461 1582 1480 1639 1355 1131 
1746 1731 1539 1693 1516 1556 1296 1212 1543 1042 
1610 1670 1182 1598 1609 1376 1703 1177 1075 1091 
1448 1674 1467 1560 1478 1508 1467 1427 1515 1491 
1333 1459 1352 1385 1418 1169 1139 1376 1350 1361 
1619 1710 1899 1366 1629 1905 1629 1794 1727 1764 
1916 1585 1578 1662 1624 1587 1435 1517 1441 1549 
1633 1624 1490 1327 1782 1912 1561 1456 1495 1578 
1855 1849 1645 1169 1485 1550 1443 1867 1549 1486 
1234 969 1676 1491 1741 2002 1700 1663 1796 1290 
1679 1489 1302 1311 1470 1194 1470 1656 1403 1383 
1309 1429 1310 1477 1850 1811 1431 1739 1836 1570 
1805 1837 1455 1571 1671 1546 1710 1713 1965 2029 
1651 2326 1596 1538 1801 1884 1503 1742 2088 1854 
1740 2094 2080 1649 1287 1440 1522 1293 1603 2016 
1605 1827 1856 1919 1834 1388 1423 1631 1487 1676 
1655 1603 2011 2109 1509 1405 1319 1102 979 1136 
1794 1529 1790 2011 1940 1266 1251 992 838 1043 
1207 1147 1859 1528 1565 1480 1186 1270 1129 782 
1574 1404 1723 2128 1891 1836 1660 1392 1181 1115 
1749 2011 1346 1384 1977 1650 1382 1174 827 845 
1646 1700 1400 1774 1855 1452 1775 1903 1183 1136 
1434 1768 1344 1263 1497 1324 1593 1387 925 1004 
875 1326 1399 1285 1541 1401 1665 2078 1510 1294 
897 1162 1594 1324 1527 1679 1295 1583 1589 1327 
1091 1179 1782 1507 1694 1876 1839 2207 2096 1812 
1029 1300 1571 1478 1902 1954 1450 2082 2411 2159 
1452 1625 1855 1727 1843 1633 2022 2332 2033 1850 
1371 1433 1430 1666 1849 1924 1664 1646 2085 2034 
1850 1594 1762 2035 1668 1765 1569 1362 1572 1287 
1863 1419 1455 1691 1530 1885 1507 951 1714 1533 
2268 2095 1600 1900 1687 1645 1680 1322 1389 1284 
1606 1668 1331 1618 1852 1433 1631 1510 1284 1319 
1705 1841 1610 1637 1936 1555 1841 1477 1373 1582 
1783 1630 1781 1990 2042 1626 1634 1864 1058 1264 
1755 1663 1933 1877 2013 2331 1934 1697 1549 1452 
1713 1924 1911 2304 2401 2094 2330 2263 1504 1430 
2067 2307 1899 1569 2202 2243 2102 1809 1524 1219 
1393 1414 1482 1870 2260 2041 2209 2012 1734 1565 
1761 1819 1697 1685 1844 1881 1934 1776 1518 1283 
1279 1270 1214 1242 1582 2097 1882 1462 1365 1204 
1677 1664 1558 1301 1352 1933 1753 1433 1449 1480 
1359 1647 1599 1396 1354 1625 1438 1523 1651 1088 
1557 1917 2260 1176 975 1544 1386 1301 1315 1257 
1573 1271 2038 1963 1226 1191 1428 1450 1052 1074 
1642 1884 1614 1487 1408 1345 1079 920 902 934 
2042 1923 1842 1576 1295 1025 1374 1028 861 921 
1791 1318 1253 1443 1386 1670 1431 1065 1083 992 
2073 1750 1546 1584 1666 1580 1407 1300 1407 1142 
1674 1423 1456 1255 1512 1886 1866 1694 1334 1164 
1809 1941 1472 1421 1575 1858 2159 1780 1669 1616 
1289 1584 1656 1356 1726 1560 1973 2254 1954 1642 
1613 1427 1640 1173 1355 1895 1938 2057 2008 2061 
1791 1520 1286 1685 1654 1436 1649 2060 1949 1787 
1793 1647 1483 1667 1681 1471 1620 1953 2111 2306 
1541 1734 1431 1538 1293 1666 1797 1736 1623 1710 
1604 1636 1670 1794 1337 1182 1423 1480 1816 1608 
1659 1445 1718 1045 1237 1381 1520 1689 1629 1623 
1404 1368 1400 1297 1179 1526 1315 1367 1468 1609 
1441 1194 1319 1146 921 1142 1513 1379 1591 1762 
1788 1589 1372 1546 1792 1567 1777 1867 2114 2207 
1230 1190 1353 1344 1534 1362 1897 2000 2105 2121 
1775 1919 1461 1788 2439 1974 1774 2397 2419 2341 
1527 1713 1662 1870 2346 2074 1900 2306 2455 2248 
1655 1824 1514 1597 2176 2267 2184 2501 2546 2376 
1653 1600 1786 2059 1960 2235 2159 1932 1976 2130 
1297 1161 1450 1594 1519 1951 2125 2151 1979 2200 
1282 1090 1480 1891 1678 1675 1723 1953 1993 1857 
1086 1272 1188 1174 1598 1477 1750 2066 1744 1956 
1290 1179 1556 1775 1752 1057 1515 2182 1936 2124 
1627 1556 1103 1395 1622 1450 1758 2081 2103 2316 
1567 1498 1441 1392 1044 1625 1960 1613 2181 2491 
1752 1983 1562 1546 1241 1400 1709 1609 2080 2255 
1485 2087 1941 1154 1096 1469 1460 1473 1830 2015 
1677 1838 1750 1412 1447 1184 1213 1711 1637 1509 
1940 1672 1922 1674 1553 1546 1065 1188 1415 1471 
1887 1334 1360 1795 1439 1425 1184 1337 1591 1303 
2347 1848 1691 1519 1541 1540 1280 1050 1314 1295 
1835 1504 1338 1281 1451 1441 1558 1571 1301 1283 
1543 1650 1610 1423 1372 1169 1236 1118 755 868 
1764 1607 1362 1245 1276 1357 1667 1753 1534 1407 
1830 1637 743 1394 1749 1551 1512 1211 1226 1192 
1529 1437 956 1201 1683 1439 1930 1795 1768 1578 
1542 1622 1472 1466 1748 1757 2152 1728 1505 1491 
1531 1681 1969 1381 1536 2037 2288 2012 1646 1594 
1520 1574 1885 1498 1737 2360 1774 1706 1705 1492 
1920 2258 2139 1800 1902 2273 1735 1736 2254 1688 
1404 1785 1797 1553 1750 1865 1351 1320 2020 1744 
1604 2028 1791 1888 1759 1642 1992 1579 1817 2098 
1621 1593 1924 2063 1712 1414 1653 1344 1530 1935 
1678 1373 1628 1976 1462 1407 1789 1642 1695 2186 
1595 1471 1577 2035 1479 1329 1780 1930 1668 1841 
1754 1762 1621 1537 1910 1701 1447 1627 1962 1930 
1610 1600 1548 1665 1697 1595 1857 1955 1578 1830 
2232 2068 1484 1823 1991 2030 1632 1733 1905 1950 
1917 1561 1687 2195 1675 1877 2202 1762 1967 1884 
2028 1843 2002 2172 1725 1579 1916 1853 1870 2056 
1648 1834 1606 1481 1654 1603 1537 1617 1875 1719 
1238 1600 1787 1497 1887 1640 1706 1587 1075 1649 
1119 1559 1960 1403 1559 1651 1155 1490 1369 1227 
1046 1613 1811 1898 1883 1944 1768 1617 1371 1469 
1145 1462 1703 1788 2127 1992 1472 1953 2008 1731 
1145 1557 1527 1834 2334 2185 1684 1794 2103 1818 
861 1230 1548 1793 2003 1722 1956 2050 2014 2201 
1292 1236 1725 1378 1551 1822 1758 1869 1712 1887 
979 766 1350 1624 1549 1697 1908 2104 1979 2190 
1417 1613 1302 1168 1554 1723 1633 2284 2191 2198 
1756 2036 1635 1497 1852 1872 1808 1972 2194 2015 
1786 1831 1783 1641 1864 1540 1550 1945 2363 2263 
2039 2024 1892 1952 1748 1760 1653 1422 1846 1971 
1952 1922 1910 1854 1820 1981 1877 1705 1705 1627 
1952 1866 1711 1408 1597 1995 1667 1339 1594 1881 
1557 1742 1775 1151 1421 1819 1909 1751 1676 1484 
1556 1462 2013 1459 1173 1601 1533 1655 1858 1708 
1451 1491 1135 1435 1433 1058 1079 1632 1740 1497 
854 1067 1480 1488 1504 1463 1238 1665 1686 1749 
1303 1297 1365 1806 1556 1114 1475 1365 1341 1552 
885 1148 1212 1536 1654 1469 1961 1680 1281 1595 
1104 1098 1581 1726 1711 1740 1744 1580 1422 1519 
1294 1539 1536 1651 1694 1811 1419 1666 1492 1205 
1209 1375 1245 1409 1842 2105 1533 1433 1663 1331 
1807 1949 1446 1551 1903 1789 1537 1237 1613 1534 
1662 1890 1549 1529 1535 1662 1910 1693 1624 1647 
1468 2003 1664 1130 1788 2003 1865 1487 1814 1641 
1598 1767 1727 1449 1504 1362 1504 1757 1429 1769 
1268 1109 1385 1268 1457 1756 1765 2056 2096 1756 
1258 1175 1595 1607 1280 1344 1658 1846 1769 1955 
947 941 1489 1406 1023 1630 1879 2061 2296 2304 
1259 1284 1590 1618 1590 1486 1658 1937 1888 1969 
1503 1332 1655 1502 1080 1520 1575 1620 2169 2473 
1160 1224 1066 1507 1163 1271 1974 1776 2008 2249 
1335 1600 1391 1507 1720 1296 1574 1908 1795 1942 
1412 1479 1539 1216 1274 1506 1420 1745 1982 2082 
1194 1179 1380 1934 1604 1017 1523 1954 1546 1896 
1548 2002 1795 1460 1647 1750 1794 1718 1794 1926 
1497 1343 1833 1930 1718 1466 1987 1873 1843 2004 
2006 1910 1770 2082 2065 1639 1834 1785 1595 1693 
1750 1855 2156 2264 1751 1659 1629 1851 1692 1549 
2173 2056 1863 2264 1738 1519 1475 1511 1322 1159 
1576 1538 1727 1735 1421 1568 1381 1156 1152 1155 
2098 1546 1584 1569 1537 1342 1061 1294 1383 1200 
1804 1711 998 1060 1588 1560 1244 1082 1287 1494 
1433 1198 1062 1312 1449 1432 1116 1240 1628 1252 
1541 1514 1358 1464 1363 1652 2018 1284 1108 1536 
1264 1204 1576 1372 1404 1503 1682 1617 1132 924 
1430 968 1752 1776 1129 1590 1992 1808 1499 1748 
1644 1403 1317 1685 1407 1291 1716 1614 1401 1186 
1345 1268 1499 1494 1573 1769 1598 1365 1541 1458 
2020 1876 1693 1501 1742 1753 1611 1201 1160 1238 
1753 1849 1639 1609 1729 1902 1509 1532 1507 1136 
1974 2073 1923 2025 1947 1993 1714 1541 1209 837 
1538 1831 1740 1644 1957 2075 1554 1559 1892 1435 
1258 1534 1894 1708 1904 2124 1647 1620 1672 1669 
1263 1806 1883 1371 1617 1799 1748 1685 1939 2018 
1165 1448 1481 1815 1464 1331 2002 1841 1832 2369 
1637 1577 1645 1819 1400 1182 1579 2170 2100 2254 
1378 1405 1241 1855 1657 1132 1505 1812 2128 2314 
1800 2079 1699 1495 1643 1147 1179 1863 2201 2233 
1727 1597 1599 1202 1387 1520 1662 1775 2083 2427 
1756 1708 1387 1362 1729 1398 1514 1728 1712 2040 
1715 1487 1616 1282 1321 1535 1476 1535 1887 2169 
1537 1436 1483 1679 1584 1792 1830 1746 1881 2137 
1381 1630 1651 1432 1210 1673 1458 1757 1754 1489 
1473 1271 1883 1751 1458 1703 1506 1480 1537 1490 
1729 1700 1713 1747 1629 1255 1285 1750 1085 1042 
1490 1666 1421 1503 2038 1530 1219 1479 1131 888 
1877 1925 1461 1359 1667 1233 1128 1411 1245 1172 
1493 1641 1331 1350 1526 1433 1603 1658 1738 1458 
1402 1506 1756 1414 1308 1682 1491 1426 1804 1748 
1310 1327 1345 1087 1251 1670 1450 1290 1813 1955 
1200 1446 1696 1433 1550 1908 1575 1505 1917 1798 
953 1264 1742 1677 1605 1716 1377 1367 1690 1781 
1614 2082 2106 1895 1805 1921 1820 1750 1791 1768 
1709 1482 2144 2230 1885 1769 1644 1627 1748 1719 
1626 1698 1930 2275 2185 1647 1642 2027 1899 2266 
1657 1940 1902 1906 1748 1741 1846 1778 1914 1945 
1459 1590 1337 1452 1794 1747 1819 1414 1246 1839 
997 1234 1301 1122 1424 1586 1418 1478 1500 1635 
1143 1233 1300 984 900 1433 1344 1290 1323 1218 
1021 1005 1329 1032 1252 1457 1503 1658 1384 1446 
1182 1177 1475 1799 1386 1457 1477 1584 1674 1476 
1365 1435 1435 1779 1511 1416 1755 1578 1422 1711 
1519 1661 1949 1993 1642 1552 1964 1684 1424 1753 
1429 1701 1955 1850 1581 1438 1305 1823 1740 1726 
1808 2055 2261 1821 1750 2011 1371 1686 2154 1897 
1839 1997 2019 1836 1941 1760 1320 1729 2568 2167 
2038 2157 2003 1867 1561 2010 1609 1375 2379 2358 
1907 2050 1839 1864 1659 1485 2001 1731 1816 2202 
2180 2023 2017 1538 1414 1322 1761 1596 1300 1831 
1989 2013 1522 1643 1813 1362 1178 1435 1180 1520 
2167 2378 1812 1439 1615 830 679 1328 1625 1378 
1580 1615 1952 1863 1558 1505 1422 1597 1815 1666 
1663 1747 1892 1990 1491 1284 1435 1480 1681 1702 
1298 1181 1919 2070 1944 1715 1594 1806 1858 2067 
1708 1346 1814 2102 2083 2144 1758 2104 2439 2517 
1856 1920 1965 2199 2113 2161 2040 2060 2200 2253 
1292 1827 1632 1764 1982 1762 2194 2207 2323 2766 
1585 1966 2141 1841 1698 1796 2163 2127 2100 2359 
1679 1647 1354 1856 1949 1464 1799 1956 1794 2174 
1419 1673 1642 1654 1750 1687 1637 1976 2266 2156 
1587 1623 1751 1748 1391 1499 1815 1874 1624 1847 
1512 1547 1800 1745 1652 1794 1437 1766 1883 1675 
1630 1376 1637 1814 1571 1423 1223 1305 1473 1348 
1490 1536 1494 1653 1957 1617 1353 1640 1560 1645 
1417 1709 1620 1659 1707 1551 1593 1328 1083 1205 
1559 1913 1817 1692 1940 1436 1902 1839 1498 1682 
1823 1948 2020 1741 1537 1926 1729 1318 1559 1664 
2108 2182 2122 2035 1287 1558 1724 1613 1777 1888 
2207 2194 1887 1717 1635 1593 1362 1461 1826 1735 
2121 1820 1747 1616 1356 1389 1410 1496 1660 1686 
2060 1811 1662 1700 2019 1546 1563 1747 1313 1655 
1745 1621 1806 1704 1366 1361 1276 1580 1536 1267 
1676 1569 1545 1489 1317 1826 1911 1552 1922 1819 
1582 1763 1689 1599 1580 1873 2003 1887 1860 1851 
1342 1468 1726 1435 1632 1768 1792 1821 1878 1771 
1541 1724 1996 1824 1912 1767 2024 1769 1626 1892 
1649 1725 1646 1815 1706 1074 1800 2217 1654 1827 
2066 1814 1659 1997 1922 1489 1611 1951 1781 1799 
2042 1775 1382 1761 1649 1465 1830 1907 2054 2196 
2343 2202 1801 1847 1866 1702 1672 2029 2050 2321 
2021 1889 1817 2102 1351 1494 1833 1946 2335 2428 
1644 1999 1695 2032 2024 1704 2347 2114 2167 2241 
1874 2045 2046 1871 2280 1898 1852 2102 1994 2199 
1773 1758 1461 1440 2102 2008 1414 1732 2156 1753 
1942 2131 1712 1508 2169 2073 1600 1836 1841 1908 
2134 1915 1751 1466 1716 1864 1702 1864 1900 1807 
1953 1716 1623 1541 1548 1725 1659 1859 1816 1805 
2039 2072 1957 1638 1707 1719 1707 1666 1799 1983 
1449 1669 1615 1336 1382 1562 1653 1643 1668 1430 
1550 1633 1560 1733 1932 1625 1602 1665 1197 1511 
1279 1488 1795 1731 2048 1741 1056 1635 1720 1419 
1345 1764 2064 1885 1944 2037 1642 2134 2227 1874 
1350 1561 2076 2377 1869 1927 1849 1667 1902 1814 
1394 1810 1793 2251 1993 1843 2169 1555 1467 1808 
1483 2171 2009 1937 1862 1664 1773 1235 1343 1680 
1458 1905 1809 1466 1777 1844 1627 1278 1343 1330 
1829 2030 1727 1440 1566 1574 1211 1121 1381 1123 
1932 1793 1867 1811 1559 1380 1566 1532 1374 1453 
1573 1245 1648 1815 1102 1044 1695 1738 1439 1556 
1933 1795 1574 1912 1834 1163 1713 1615 1270 1434 
1777 1543 1502 1716 1757 1357 1393 1822 1651 1694 
2048 2020 1619 1780 1756 1581 1261 1414 1534 1451 
1647 2183 1445 1340 1763 1442 1158 1517 1435 1283 
2044 2417 2227 1525 1734 1801 976 1203 1299 1496 
2022 1837 1969 1660 1350 1390 1176 1429 1719 1567 
1949 1872 1957 1901 1739 1285 1287 1497 1609 1623 
2270 2064 2082 1697 1727 1421 1517 2012 2122 2240 
1680 1707 1664 1882 1986 1837 1462 1703 1607 1744 
2117 2140 1901 2006 1831 1414 1712 1990 2017 2034 
1492 1581 1638 1907 1873 2067 2160 1642 1685 1996 
1754 1392 1735 2062 1777 1292 1697 1956 1685 1691 
1728 1585 1336 1569 1822 1892 1926 1851 2100 2160 
1738 1586 1476 1308 1529 1705 1525 1897 2228 2126 
1855 1592 1509 1447 1320 1719 1419 1664 2160 2163 
1941 1947 1853 1285 1145 1714 1656 1350 1979 1884 
1886 1689 2024 1441 1130 1693 1805 1172 1266 1605 
1845 1937 1652 1431 1626 1664 1520 1136 904 1065 
1551 1915 1809 1460 1737 2050 1700 1470 1306 1426 
1669 1785 1654 1339 1717 1761 1479 1853 1487 1215 
1576 1543 1670 1665 1325 1971 1845 1641 1933 1771 
2007 1805 1727 1544 1164 1481 1772 1913 1998 1961 
1957 1754 1537 1754 1520 1593 1904 1686 1804 1728 
1765 2025 1316 1307 1766 1614 1777 1781 1592 1526 
1337 1467 1638 1593 1913 1778 1682 1673 1157 1425 
1013 1129 1513 1317 1528 1749 1909 1883 1406 929 
1282 1420 1646 1646 1828 1881 1912 1994 1388 1379 
1073 1332 1592 1348 1720 2181 1741 1865 1583 1310 
1687 1922 1988 1433 1377 1695 1749 1618 1612 1403 
1630 1564 1463 1554 1696 1798 1760 1696 1973 1576 
1866 1692 1333 1370 1319 1418 1467 1274 1433 1345 
1711 1190 1393 1796 1457 1125 1351 1555 1860 1495 
1452 1353 1346 1350 1152 1396 1373 1340 1738 1924 
1517 1499 1785 1262 1205 1878 1727 1541 1816 1787 
1865 1897 1752 1688 1665 1711 1553 1301 1191 1512 
1250 1647 1740 1762 1731 1440 1475 1685 1500 1705 
1213 1663 1887 2096 1900 1560 1952 1610 1244 1433 
1525 1537 1787 2116 1800 1235 1648 1532 1125 1040 
1769 1571 1530 1978 1799 1763 1723 1497 1751 1855 
1813 1723 1546 1819 1730 1340 1713 1554 1448 1425 
2172 2228 2052 2088 2124 1713 1735 1953 2000 2103 
1748 2085 2070 1695 1677 1565 1940 1836 1516 1807 
1980 2388 2276 1892 1863 2026 2012 1888 1830 1793 
1238 1585 1845 2072 2274 2070 1533 1587 1849 1926 
1664 1806 2046 2122 1856 1869 1809 1771 2028 1784 
1389 1174 1567 2287 2270 2023 1924 2029 2066 1755 
1915 1622 1797 2001 1814 1987 2041 1429 1475 1856 
1916 1889 1554 2046 1857 1881 1947 1692 1385 1520 
1980 1978 1657 1417 1775 1651 1384 1774 1511 1537 
2205 1993 1777 1570 1975 1656 1515 1996 1742 1535 
1912 1750 1390 1607 1808 1568 1404 1970 1933 1754 
2448 2123 1712 1309 2137 1801 1541 1892 2282 2088 
1801 1411 1419 1578 1544 1957 2012 1794 2155 2191 
2000 1779 1775 1690 1656 2099 1847 1547 1838 1606 
1843 1620 1873 1970 1811 1765 1849 1489 1432 1542 
1913 1781 1505 1669 1684 1660 1719 1694 1479 1536 
1960 1860 1445 1609 1977 1996 1563 1943 1688 1653 
1909 1662 1659 1191 1192 1794 1807 1567 1747 1829 
1743 1711 1677 1274 1214 1454 1759 1871 1968 2257 
1747 1740 1476 1138 948 991 1714 1985 2006 2362 
1987 1911 1324 1367 1339 1232 1787 1962 2177 2193 
1657 1151 1153 1558 1141 1005 1512 2102 2417 2636 
1939 1675 1562 1714 1537 1609 1671 1905 2003 1943 
1021 1076 1575 1493 1387 1459 1528 1605 1610 2060 
1751 1942 2010 1684 1602 1547 1786 1873 1454 1634 
1489 1608 1514 1694 1573 1169 1405 1447 1614 1818 
1894 1770 1438 1907 1914 1591 1325 1471 1713 1418 
1696 1280 1325 1748 1471 1603 1299 1039 1825 1699 
2134 1470 1104 1433 1675 1728 1709 1332 1693 1649 
1779 1493 1316 1646 1707 1681 1343 1159 970 1065 
1871 1692 1495 1385 1568 1578 1582 1694 1583 1333 
2078 1790 1718 1606 1706 1849 1677 1281 949 1185 
1802 1304 1429 1740 1621 1459 1368 1553 1339 1251 
1630 1627 1445 1452 1564 1585 1520 1566 1496 1474 
1546 1480 1332 1501 1692 1426 1739 1986 1773 2032 
1330 1139 1005 1340 1406 1555 1655 1887 1842 1947 
1448 1642 923 1518 1506 1690 1892 1590 1900 2026 
1297 1484 1129 1522 1587 1483 1816 1891 2170 2403 
1889 1897 1599 1449 1774 1543 1459 1723 1712 1643 
1347 1674 1464 1143 1661 1433 1255 1658 1555 1427 
1864 2181 1705 1426 2049 1687 1493 1551 1161 1359 
1550 1852 1382 1221 1738 1858 1398 1412 1350 1083 
2006 1998 1580 1719 1738 1502 1641 1636 1537 1320 
1551 1520 1350 1515 1598 1397 1650 1793 1966 1674 
1253 1491 1782 1441 1660 1743 1755 1932 2015 2030 
1249 1668 2081 1579 1893 1940 1172 1888 2282 2222 
1280 1561 2125 1673 1330 1949 1506 1390 1935 2298 
1288 1341 1674 1860 1609 1690 1720 1949 1953 2279 
1500 1743 1815 2001 1951 1993 1862 1981 1833 2358 
1553 1699 1561 2322 1959 1617 1861 1807 2216 2265 
1826 1983 1693 1970 1762 1399 1771 1764 1736 1937 
1266 1156 1723 1883 1922 2000 2259 1911 1652 1817 
1651 1674 1676 1586 1725 1291 1291 1344 1053 1200 
1204 1112 1370 1253 1245 1569 1556 1883 1492 1289 
1445 1551 1081 1371 1510 1252 1217 1434 1350 999 
1360 1480 1485 1481 1466 1594 1776 1694 1768 1517 
1105 1067 1326 1450 1460 1933 1735 1486 1760 1646 
1499 1677 1776 1794 1646 1593 2019 1604 1621 1598 
1679 1959 1763 1219 1544 1794 1918 1736 1887 2002 
1767 1668 1801 1358 1307 1228 1457 1689 1454 1336 
2050 2157 1990 1388 1634 1597 1330 1457 1431 1446 
1568 1770 2157 1591 1394 1512 1345 1401 1583 1459 
1551 1528 1921 1466 1364 1824 1949 1641 1431 1401 
1086 1049 1129 1638 1722 1990 1985 1508 1458 1333 
1392 1299 1142 1411 1565 1912 1966 1341 1477 1297 
1053 829 1119 1602 1558 1804 1806 1755 1766 1353 
2034 1990 1940 1568 1433 1869 1925 1492 1573 1235 
1574 1394 1842 1979 1547 1605 1875 1647 1471 1557 
2163 1927 2123 2127 1618 1677 1471 1385 1524 1412 
1523 1300 1763 2145 1594 1689 1775 1293 1579 1573 
2096 1710 1746 1907 1523 1480 1787 1335 1402 1843 
1840 1626 1650 1716 1646 1721 1433 1564 1529 1412 
1857 1849 1717 1794 1765 1613 1683 1335 1308 1644 
1476 1834 1555 1214 1496 1563 1225 1491 1579 1556 
1377 1442 1676 1341 1336 1921 1708 1552 1717 1718 
1075 1313 1657 1764 1439 1639 1616 1604 1871 1821 
1267 1328 1543 1572 1221 1390 1653 1862 2343 2370 
1596 1265 1424 1784 1428 1583 1862 1719 1855 2081 
1603 1374 1586 1698 1674 1438 1193 1458 2097 2267 
1225 1532 1878 1684 1347 1507 1327 1589 1802 2031 
1036 1679 1528 1292 1630 1571 1109 1595 1913 1820 
1287 1812 1535 1444 2096 1538 1109 1387 1853 2047 
1082 1537 1505 1233 1738 1526 1757 1730 1522 1765 
1232 1694 1630 1601 1632 1431 1655 1452 1347 1789 
1518 1795 1827 1644 1576 1420 1607 1625 1375 1559 
1616 1508 1670 1481 1302 1500 1449 1623 1824 1696 
1989 1902 1495 1433 1563 1437 1706 1722 1590 1911 
1769 1702 1709 1315 1504 1856 1392 1885 2409 2241 
1886 1871 1925 1221 1307 1603 1541 1782 1957 2030 
1616 1522 2131 1889 1491 1684 1587 1817 2158 1957 
2064 1765 1774 1743 1384 1356 1347 1129 1262 1534 
2299 1844 1698 1941 1812 1655 1758 1647 1212 1186 
2308 1739 1539 1776 1583 1487 1393 1274 1283 1137 
2237 1924 1557 2013 1945 1557 1716 2058 1477 1507 
2152 2168 1586 1516 2019 1533 1354 1912 1862 1353 
1712 1611 1628 1464 1839 1564 1675 1535 1752 1668 
2038 2024 1765 1169 1255 1591 1538 1376 1452 1533 
1365 1290 1663 1183 1468 1765 1573 1444 1366 1507 
1983 1940 1864 1643 1403 1630 1602 1746 1810 1773 
1272 1393 1349 1495 1735 1774 1232 1692 1829 1593 
1829 1700 1876 1712 1738 1899 1641 1725 2245 1802 
1623 1713 1487 1667 1590 1683 1357 1323 1892 1893 
1322 1131 1795 1904 1126 1349 1812 1869 1632 2009 
1923 1813 1668 1526 1625 1273 1271 1481 1888 2055 
1514 1302 1507 1817 1499 1490 1765 1710 1759 2205 
1799 1493 1593 1360 1571 1609 1322 1282 1735 1750 
1891 1687 1487 1567 1694 1353 1669 1788 1778 2000 
1606 1315 1416 1609 1473 1569 1503 1916 1307 1323 
1660 1765 1281 1525 1833 1480 1258 1649 1676 1493 
1323 1669 1409 1352 1861 1603 1423 1620 1644 1504 
1859 1900 1602 1340 1889 2091 1486 1501 1728 1515 
1534 1904 1668 1719 1986 1944 1886 1445 1601 1623 
1913 1990 2179 1852 1600 1819 2178 1619 1481 1889 
1937 1802 1642 1948 1665 1875 2179 1904 1749 2011 
2383 2473 1941 1945 1714 1640 1784 1839 1901 1807 
1703 1618 1772 1890 1673 1393 1501 1953 1928 2090 
1641 2073 1836 1599 1723 1428 1260 1843 1929 2054 
1420 1890 2113 1015 1377 1378 991 1639 1943 2133 
1579 1498 1831 1442 1241 1454 1152 1808 2274 2433 
1798 1804 1535 1309 1308 1286 1209 1475 2308 2497 
1586 1335 1301 1573 1456 1381 1272 1800 2358 2590 
1902 1460 1356 1270 915 1248 1459 1645 2263 2445 
1826 1502 1274 1493 1503 1373 1728 1774 1955 2127 
1820 1620 1591 1510 1004 1162 1243 1238 1427 1572 
1951 1822 1608 1886 1591 1214 1706 1367 1323 1559 
1805 1761 1629 1954 1635 1119 1757 1662 985 1280 
2462 2145 1582 1599 1551 1800 1655 1546 1408 1509 
1976 1492 1237 1663 1610 1407 1584 1425 1387 1489 
2268 2007 1825 1334 1523 1591 1436 1469 1586 1258 
2117 2048 1865 1284 1100 1534 1400 1464 1637 1487 
2225 2157 1681 1283 1663 1538 1096 1535 1521 1401 
2023 1966 1634 1488 1520 1612 1067 1575 1950 1602 
2050 1543 1267 1613 1673 1135 1179 1646 2075 1976 
1661 1251 1129 1426 1636 1269 1900 2041 1640 1886 
1939 1507 1806 1757 1667 1470 1594 1587 1698 1949 
1403 1015 1577 1659 1399 1939 1852 1979 2178 2138 
1922 1629 1645 1814 1824 1892 1801 1709 2067 1824 
1552 1145 1303 1466 1768 1797 1752 1611 2129 1979 
1814 1509 1332 1177 1591 1650 1846 1894 1520 1965 
1669 1584 1204 1112 1504 1757 1371 1506 1867 1777 
1720 1828 1054 1106 1251 1304 1399 1615 1606 1757 
1768 1915 1584 1364 1465 1554 1450 1905 1971 1834 
1853 1918 1723 1686 1268 1412 1680 1578 1399 1636 
1511 1500 1879 1776 1033 1276 1674 1324 1412 1630 
1639 1723 2049 2213 1923 1525 2072 1862 1624 1609 
1783 2002 1952 1598 2015 1416 1040 1635 1711 1706 
1961 1797 1790 1869 2020 1805 1656 2154 2176 1873 
1978 2280 1960 1791 2114 2209 1600 1686 1926 1761 
1837 2065 2031 1780 1718 1892 1851 1550 1498 1728 
1959 2065 1740 1719 1791 1776 1784 1733 1653 1379 
1565 1439 1911 1730 1637 1627 1669 1754 1413 1354 
2022 1849 1797 1786 1711 1736 1802 2066 1787 1584 
1816 1834 1831 1802 1716 1848 1757 1858 2007 1856 
2163 2061 1566 1538 2027 1631 1952 2173 2260 2364 
1796 1747 1607 1555 1960 1904 1587 1934 1982 1801 
1673 1314 1544 1412 1504 1856 1770 1803 1903 2046 
1806 1440 1743 1787 1462 1855 1822 1541 2120 1750 
1609 1344 1414 1481 1553 1538 2044 1816 1702 1866 
1515 1517 1717 2291 2074 1665 1634 1893 1928 1681 
1425 1523 1299 1784 1613 1334 1776 1500 1199 1633 
1632 1568 1647 1968 2175 1723 1978 2197 1434 1563 
1326 1380 1278 1713 1798 1438 1355 1368 1368 1616 
1796 2200 1963 1571 1769 1912 2002 1944 2051 1722 
1328 1133 1742 1760 1481 1696 1446 1362 1899 1649 
1856 1768 1897 2150 1745 1499 1943 1729 1589 1740 
1440 1509 1780 1746 1540 1278 1424 1724 1136 1615 
1439 1352 1583 1787 1933 1392 1454 2094 1399 1463 
1619 1855 1952 1923 1807 1483 1449 1589 1695 1718 
1093 1357 1940 1843 1525 1352 1344 1651 1778 1583 
1310 1368 1771 1593 1383 1685 1555 1519 1804 1791 
1465 1233 1276 1772 1600 1855 1790 1421 1777 1934 
1327 1166 1083 1620 1596 1759 1804 1977 2080 2222 
1515 1592 1443 1917 1334 1694 1888 1566 1943 1952 
1462 1557 1507 1634 1328 1498 2010 1876 1876 1855 
1649 1751 1762 1268 1924 2024 1330 1246 1690 1677 
1476 1410 1808 1402 1623 1870 1514 1546 1557 1348 
2065 1704 1707 1151 1384 1774 1356 1620 1895 1809 
1397 1187 1248 1222 1158 1758 2102 1665 1546 1452 
1668 1865 1624 1577 1430 1827 1694 1458 1637 1766 
1613 1694 1492 1624 1481 1896 2278 1738 1655 1886 
2169 1834 1702 1991 1884 1851 1910 2093 1939 1923 
1508 1335 1638 1864 1843 1992 1848 2236 2045 1804 
1497 1531 1791 1841 1791 1766 2041 1881 1894 1808 
1224 1132 1535 1532 1495 1733 1698 1672 1426 1615 
1611 1384 1272 1716 1641 1275 1524 1765 1737 1428 
1437 1603 1288 1732 2079 1614 1847 1416 1186 1262 
1787 1800 1561 1995 2056 1479 1245 1675 1401 1128 
1924 2018 1622 1709 1847 2015 1609 1105 1168 1135 
1686 1685 2015 1797 1775 1947 1804 1349 1181 1004 
2233 2021 2257 1933 1760 1856 1614 1297 1128 762 
1940 1887 2055 1863 1853 1698 1868 1732 1175 1414 
1667 1771 1878 1635 2164 1910 1796 1821 1500 1387 
1985 2045 2054 1854 1992 2042 1688 1828 1825 1740 
1616 1396 1494 1509 1578 2041 1751 1730 1898 1953 
1783 1867 1493 2058 1780 1280 1572 2013 1671 1522 
1815 2024 1732 1615 1678 1575 1669 1629 1485 1545 
1831 2187 1780 1854 2016 1515 1694 1528 1113 1420 
1796 2298 2223 1408 1621 1778 1273 1203 1480 1154 
1946 2023 1966 2058 1731 1438 1456 1411 1331 1145 
1874 1838 1838 1613 1879 1504 1406 1399 1023 872 
1912 1830 1691 1720 1689 1464 1223 1348 1219 1302 
1656 1972 1530 1550 2013 1843 1558 1838 1849 1514 
1425 1691 1892 1367 1537 2031 1562 1455 2101 1717 
1418 1407 1887 1913 1814 1637 1834 1851 2009 1952 
1620 1885 1741 1717 1632 1691 2019 2077 1726 2139 
1238 1172 1495 1712 1767 2009 2141 1848 1677 1887 
2079 1714 1519 1683 1871 1941 2032 1849 1900 2212 
1493 1179 1515 1689 1772 1997 1986 1918 2099 1865 
2233 1997 1731 1552 1579 1604 1378 1718 2099 2042 
2121 2239 1892 1651 1464 1684 1848 1799 1827 1824 
1827 1982 1763 1901 1805 1518 1450 1606 2138 2064 
2201 2227 2215 1963 1886 1794 2059 1917 1949 2273 
1931 1704 1687 1779 2022 1624 1752 2251 1780 1936 
1664 1552 1619 1765 1589 1576 1756 2181 1905 1940 
1697 1581 1028 1328 1508 1160 1305 1488 1218 1298 
1777 1510 1326 1632 1753 1348 1219 1637 1541 1374 
1550 1581 1222 1381 1806 1516 1150 1330 1351 1109 
1586 1937 1610 1407 1644 1520 1468 1228 895 991 
1347 1461 1451 1598 1849 1953 2045 1572 1302 1191 
1608 1742 1630 1952 1831 1952 1848 1252 1331 1204 
1137 1338 1461 1467 1566 1803 1971 2132 1895 1436 
1431 1548 1657 1583 1809 1875 1809 1712 1895 1881 
1495 1783 1633 1658 1726 1711 1904 1895 1783 1548 
1479 1530 1753 1794 1794 1922 1713 1428 1850 2107 
1856 1720 1835 2078 1555 1593 1655 1198 1288 1344 
2024 1899 1815 2014 1782 1623 1635 1593 1502 1290 
1741 1739 1616 1531 2022 1756 1404 1299 963 1122 
1497 1635 1413 1878 1922 1572 1283 1418 1289 1099 
1521 1837 1493 1297 1784 1510 1263 1361 970 825 
1257 1381 1243 1245 1691 1553 1510 1566 1449 1327 
1213 1529 1734 1611 1896 1929 1664 1387 1030 1044 
1462 1540 2061 1565 1693 1556 1788 1985 1496 1447 
1371 1320 1727 2020 2127 2042 1763 1885 1730 1545 
1370 1481 1663 1661 1937 2085 1834 2121 1815 1718 
1499 1411 1456 1820 1972 1729 1996 2063 2300 2145 
1484 1340 1374 1545 1456 1970 2040 1712 1979 2059 
1589 1493 1503 1595 934 1616 2112 1934 2044 2383 
1412 1333 1095 1402 1059 1362 1909 1632 2207 2251 
1415 1365 1063 1456 1432 1488 1806 2168 2340 2534 
1118 880 1067 1418 1543 955 1621 2252 2079 2221 
1185 1387 1161 1429 2061 1339 1434 1970 2049 2116 
951 1382 1908 1674 1457 1771 1623 1595 1345 1608 
1218 1439 1762 1882 1928 1965 1757 1383 1445 1551 
1506 1638 2153 2360 2113 1971 1776 1517 1079 1196 
1696 1472 1787 2239 1946 1534 1703 1835 1597 1575 
1727 1756 1744 2259 2123 1877 1829 1889 1806 1590 
1712 1647 1471 1539 1621 1673 1323 1658 1756 1431 
1951 1769 1488 1641 2030 2172 1710 1515 1688 1695 
1950 1723 1488 1372 1765 1867 1723 1897 1686 1740 
1648 1598 1571 1393 1813 1919 2155 2188 1708 1622 
1820 1828 1855 1446 1409 1597 1745 1692 1750 1806 
2073 1836 1893 1694 1528 1991 2038 1800 1949 1554 
1763 1487 1426 2143 1412 1236 1621 1397 1515 1830 
2085 2036 1731 1780 1508 1409 1676 1842 2014 1698 
1781 2035 1799 1749 1757 1509 1812 1679 1502 1886 
1952 2400 2019 1301 1592 1435 1335 1670 1539 1542 
2081 1932 2080 1688 1440 1461 1432 1390 1418 1715 
2109 1939 1793 1502 1454 1269 1061 1273 1267 962 
1736 1629 1888 1587 1274 1355 1302 1136 1262 1347 
1721 1313 1366 1592 1249 1238 1374 1041 1108 878 
1764 1811 1359 1315 1367 1542 1737 1286 1465 1544 
1676 1375 1720 2092 1551 1431 1688 1337 1357 1170 
1865 2239 1721 1792 1718 1645 1631 1574 1584 1736 
1465 1792 1923 1582 1813 1699 1634 1872 1902 1972 
1833 1939 1604 1268 1877 2122 1742 1792 1840 2127 
1539 1755 1471 1475 1725 1703 1673 2176 2025 1962 
1495 1480 1568 1405 1694 1784 1623 2032 2443 2519 
1598 1547 1403 1607 1608 1797 2234 2389 2051 1841 
1483 1499 1303 1616 1859 1789 1722 1714 2199 1986 
1541 1593 1658 1542 1569 1670 1890 1550 1486 1477 
1513 1787 1740 1681 1691 1752 1483 1500 1805 1433 
1175 1592 1552 1678 1765 1876 1759 1070 1047 1202 
1797 1987 1853 1872 1873 1809 1590 1418 1294 1074 
1788 1495 1610 1862 1975 1827 2003 1370 927 1380 
1955 1836 1938 1840 1608 1695 1908 2135 1668 1317 
1893 1785 2133 2113 1969 1719 2004 1886 1673 1533 
2045 1727 2069 1895 1719 1642 1568 1930 1961 1669 
1754 1496 1563 2128 1714 1926 1614 1424 2066 1841 
1868 1802 1655 1767 1938 1571 1642 1690 1774 1749 
1297 1459 1577 1364 1881 1970 1441 1624 1670 1613 
1342 1619 1884 1750 1578 1628 1258 1481 1526 1845 
1431 1415 1495 1754 1622 1346 1417 1801 1901 1682 
1482 1169 1559 1609 1562 2014 1951 1329 1532 1755 
1850 1339 1447 1770 1767 1428 1224 1275 1550 1737 
1838 1432 1460 1586 1382 1588 1588 1514 1637 1481 
2215 2018 1773 1815 1947 1801 1276 1240 1296 1047 
1837 1940 2103 1677 1494 1674 1402 1151 1168 1212 
2379 2396 2482 2010 1619 1796 1492 1325 1402 1552 
1947 1977 2341 2020 1706 1459 2109 1707 1006 1382 
2178 2335 2260 2344 1937 1304 1383 1606 1258 1294 
2082 2360 2112 2296 1910 1166 1339 1342 1356 1498 
1267 1624 1902 1847 1779 1661 1243 1082 1529 1212 
1596 1910 2457 2224 1598 1676 1389 1119 1139 1091 
1585 1584 2178 1957 1782 1988 1612 1353 1789 1780 
1919 1915 1988 2143 1774 1675 1931 1785 1272 1501 
1447 1381 1740 2242 2051 1743 1776 1639 1539 1490 
1830 1958 1891 2343 2027 1769 1997 1643 1613 1572 
1716 1576 1525 1824 1445 1276 1651 1295 1513 1531 
2242 1962 1518 1971 1786 1747 2037 1671 1558 1610 
2072 2086 1266 1389 1566 1179 935 1382 1516 1608 
2134 1971 1972 1838 1654 1761 1674 1733 1732 1768 
2451 2270 1708 1423 1566 1201 1121 1148 1361 1414 
1671 1768 1817 1395 1945 1766 1381 1701 1372 1271 
1732 1590 1752 1511 1483 1496 1184 1257 1372 1427 
1321 1556 1569 1409 1588 1542 1396 1401 1689 1536 
1115 1111 1322 1260 1286 1405 1771 1700 1407 1714 
1545 1704 1334 1330 1164 1540 1460 1362 1845 1936 
1128 1196 1200 1287 1265 1362 1531 1550 1997 2071 
1506 1758 1832 1070 1147 1755 1665 1582 1663 1773 
1818 1611 1656 1435 1451 1281 1692 1873 1984 2249 
1969 1849 1640 1050 1243 1687 1811 2158 1853 2064 
1671 1412 1396 1634 1371 1573 2008 2023 2065 1962 
1579 1591 1444 1044 1312 1627 1608 1424 1699 1741 
1508 1193 1442 1528 1136 1398 1617 1918 1790 1486 
1675 1594 1136 1380 1353 1216 1440 1570 1475 1613 
1766 1590 1638 1981 1843 1349 1765 2047 1732 1558 
1933 2000 1883 1647 2044 1642 1416 1773 1561 1735 
2135 2324 2362 1752 1906 1834 1440 1506 1596 1786 
1725 1816 1840 1768 1772 1750 1499 1908 2129 1643 
2061 2097 1925 1940 1941 1786 1483 1483 1504 1437 
1782 1660 1397 1610 1655 1647 1699 1695 1905 1693 
2055 1630 1486 1784 2015 1786 1892 1883 1537 1582 
2079 1699 1589 1413 1684 2021 1573 1722 1824 1640 
1740 1877 1561 1682 1778 2140 2233 1601 1585 1394 
1339 1696 1792 1535 1777 1981 1821 1433 1589 1576 
1815 2067 1665 1682 2192 1759 1862 1675 1528 1681 
1189 1646 1580 1718 1879 1833 1607 1822 1435 1166 
1720 1907 1833 1817 1702 1497 1509 1346 1233 1339 
1428 1445 2147 1986 1616 1814 1822 1503 1368 1483 
2224 2034 2404 2258 1669 1630 1577 1339 1111 1263 
1763 1641 2146 2310 1805 1934 2024 1568 1767 1541 
2212 2004 2313 2240 1907 2232 1799 1064 1210 1430 
1561 1692 2040 2334 1670 1855 2038 1545 1482 1545 
1397 1642 1823 1882 1887 1817 1722 1519 1905 1621 
1182 1369 1872 1944 1752 1861 2081 1813 1626 1858 
1579 1458 1989 2001 1784 1421 1757 2108 1840 1943 
1357 1184 1649 1638 1274 1882 1940 1733 1252 1519 
1810 1825 1616 1974 2017 1848 1503 1625 1566 1651 
1840 1618 1547 1946 1684 1563 1753 1692 1271 1166 
1575 1468 1460 1989 2110 1985 1696 1854 1865 1592 
1421 1630 1901 1872 1832 1686 2061 1872 1277 1437 
1206 1391 1828 1783 1653 1798 1617 1766 1879 1595 
1057 1344 1493 1502 1647 1832 1901 1590 1540 1671 
1088 1179 1270 1747 1585 1303 1436 1761 1913 2038 
1191 1440 1258 1368 1541 1673 1562 2049 2270 1748 
1435 1511 1733 2065 1961 1630 1542 1584 2210 2128 
1436 1632 1165 1851 2124 1575 1562 1713 1646 1699 
1370 1632 1505 1887 2335 2077 1688 1616 1534 1596 
1859 1725 1485 1884 1935 1467 1692 1476 1089 1372 
1140 1478 1251 1402 1966 1829 1719 1935 1440 1413 
1770 1991 2102 1828 1888 1811 1660 1454 1118 1190 
1568 1565 1692 1665 1854 1726 1627 1443 1396 1256 
2158 1821 1880 2050 1860 1582 1550 1423 854 917 
1537 1413 1587 2191 2006 1759 1633 1663 1401 866 
1790 1753 1916 2076 1687 1679 1303 1059 1188 808 
1663 1613 1676 1927 1567 1708 1592 1130 1341 1229 
2080 1991 1978 2118 1706 1491 1559 1272 1343 1270 
1663 2122 1772 1836 1822 1570 1477 1348 1150 1451 
2034 2517 2348 2108 1835 1663 1745 1500 1372 1568 
1582 1896 2011 1909 2116 2050 1668 1322 1060 1081 
1709 1740 1921 2305 2248 1813 1539 1440 1687 1416 
1843 1910 1868 1821 2210 2326 1772 1349 1662 1228 
1398 1349 1463 1967 2064 1649 1911 1782 1596 1351 
1560 1869 2041 2175 2180 1947 2072 1752 1456 1632 
1361 1496 1827 1880 1705 1615 1853 1982 1764 2145 
1251 1303 2067 1953 1828 2296 1953 2212 2153 2155 
1645 1678 2227 1852 1681 2349 2104 1896 2624 2746 
1278 1759 1814 1680 1964 2223 1999 2151 2514 2552 
1962 2210 2161 1859 1759 2127 2009 1960 2350 2622 
1375 1395 1534 2026 1671 1685 2032 1979 1984 2025 
1623 1636 1617 1967 1954 1832 1830 1653 1809 1636 
1505 1389 1448 1729 1755 1352 1288 1326 1082 1183 
1597 1408 1580 1551 2045 1755 1541 1845 1378 1241 
1781 1929 1890 1185 1620 2007 1450 1422 1302 1224 
1755 1625 1786 1652 1424 2067 1974 1590 1673 1661 
1662 1593 1511 1769 1825 2245 1830 1666 2045 1647 
1775 1490 1647 1507 1563 2085 1951 1628 1770 1678 
1785 1407 1408 1888 2106 2098 2023 1885 1686 1619 
1599 1603 1706 1547 1891 1872 1610 2078 1851 1822 
1760 1789 1879 1803 1771 1623 1813 2096 2046 1912 
1679 1945 1857 2102 1880 1887 1957 2217 2336 2250 
1605 1599 1582 1849 1418 1589 1664 1565 1659 1787 
2033 2009 1413 1920 2159 1654 1944 1898 1775 1708 
1482 1375 1335 1505 1930 1674 1471 1263 1392 1326 
1862 1749 1542 1359 1616 1832 1719 1459 1493 1421 
1459 1238 1343 1069 1205 1796 1686 1261 1684 1512 
1793 1309 1365 1275 957 1483 1867 1464 1823 1888 
1873 1670 1292 1367 1210 1459 1941 1777 1633 1809 
1579 1840 1033 1230 1706 1551 1690 1716 1230 1517 
1700 2324 1545 1464 1759 1485 1544 1709 1226 1149 
1447 1777 1800 1586 1960 1232 1640 1899 1140 1226 
1861 2176 2083 1557 1813 1416 1291 1366 1328 1027 
1462 1629 2046 1575 1165 1315 1209 1509 1601 1681 
1660 1524 1772 1601 1081 1372 1020 1128 1682 1737 
1980 1920 1582 1780 1101 947 1240 1354 1620 1871 
1722 1240 1285 1770 1175 640 1048 1466 1546 2015 
2113 2212 1649 1567 1574 1111 1437 1575 1625 1847 
1828 1831 1989 1706 1449 1423 1375 1244 1402 1810 
2360 1993 1916 1951 1539 1244 1514 1759 1619 1695 
2187 1799 1803 1887 1571 1148 1208 1444 1404 1527 
1928 1631 1629 1871 1570 1313 1401 1634 1205 1326 
1670 1684 1655 1475 1843 1235 1114 1540 1442 1615 
1476 1579 1867 1448 1522 1637 1492 1559 1468 1613 
1494 2044 1990 1590 1539 1825 1644 1562 1505 1679 
1076 1666 1951 1707 1336 2017 1957 1305 1518 1758 
2068 2259 1903 1754 1410 1710 1767 1417 1600 1715 
1567 1734 1563 1566 1405 1691 1839 1450 1543 1585 
1922 1954 1937 1760 1124 1392 1979 1547 1502 1370 
1608 1554 1652 1779 1698 1652 1816 1762 1540 1592 
1858 1463 2068 1830 1382 1594 1846 1863 1818 1561 
1715 1571 1802 2322 2001 1919 1901 2215 2414 2045 
1966 2374 1804 1538 1746 1851 2214 2015 2050 2056 
1711 1956 1789 1596 1945 2205 2027 1761 2040 2386 
1798 1977 1626 1880 1608 1444 1856 1743 1553 1693 
1553 1934 1631 1344 1880 1606 1655 1775 1872 1984 
1864 1594 1431 1525 1726 1446 1343 1779 1309 1209 
1723 1767 1220 1650 2268 1954 1510 1879 2103 1737 
1630 1683 1842 1812 1730 1960 2120 1512 1425 1539 
1637 1713 1791 1890 2121 2269 2314 1979 1485 1615 
1404 1597 2009 1604 1796 2482 2068 1814 1755 1662 
1179 1563 2097 2001 2100 2231 2026 2067 1833 1360 
968 1712 2070 1392 1808 1827 1359 1547 1826 1359 
775 1026 1788 1755 1558 1885 1616 1559 1836 1495 
1343 1537 1595 1846 1885 1704 1723 1547 1336 1503 
1262 1432 1305 1650 1764 1406 1154 1530 1693 1584 
1746 1967 1412 1403 1673 1654 1432 1766 1752 2089 
1781 1880 1288 1298 1530 1179 1104 1881 2160 1882 
1736 1969 1647 1341 1509 1453 1352 1546 1803 2134 
1830 1601 1832 1715 1339 1177 1367 1663 2149 2243 
1907 1498 1398 1965 1583 1566 1840 1241 1508 1921 
1854 1354 1520 1797 1909 1691 1919 1726 1745 1842 
1803 1380 1506 1666 1698 1846 1755 1340 1398 1495 
1830 2069 1657 1494 1800 1810 1985 2105 1727 1792 
1221 1471 1782 1156 1324 1839 1378 1404 1542 1258 
1713 1754 2104 1742 1222 1815 1837 1481 1593 1676 
1608 1962 1872 1641 1533 1680 1810 1608 1660 1862 
1712 1958 2058 1638 1567 1779 1584 1857 2018 2027 
2127 2448 1931 1763 2119 2000 1864 2073 2069 2105 
1836 2251 1909 1557 1913 2046 2067 2005 1989 2275 
1415 1548 1837 1788 1854 1881 1941 1980 1890 2039 
1773 1686 1843 1735 1497 1456 1984 1999 1649 1561 
1456 1221 1216 1187 1642 1715 1581 1579 1651 1509 
1596 1343 1259 1428 1488 1518 1225 1677 1858 1672 
1290 1406 1338 1155 1303 1792 1158 1694 2380 1841 
1768 1570 1597 1454 1170 1457 1451 1449 1797 1587 
1270 1141 1188 1302 1321 1449 1331 1251 1438 1702 
1422 1324 1792 1692 1376 1474 1616 1399 1466 1567 
1498 1516 1530 1530 1306 1618 1815 1264 1206 1214 
1552 1428 1487 1705 1835 2014 1494 1200 1719 1410 
1858 1790 1360 1664 1850 1810 1719 1454 1712 1522 
1644 1742 1470 1687 2168 2048 1677 1645 1774 1585 
1863 1973 1587 1421 1595 2020 2035 1563 1769 1872 
1972 1991 1903 1941 1669 1538 2116 1873 1413 1626 
1842 1890 1620 1690 1779 1631 2008 1946 1471 1622 
1620 2123 1612 1651 1967 1638 1730 2064 1723 1916 
1633 1835 1642 1562 1882 1703 1488 1924 1661 1285 
1426 1466 1551 1311 1547 1898 1435 1554 1765 1435 
1641 1249 1619 1546 1491 1696 1792 1534 1422 1580 
1625 1288 1411 1607 1116 1381 1567 1383 1230 1194 
1661 1815 1652 1469 1459 1376 1514 1033 1008 1028 
1343 1518 1669 1111 809 1106 1196 778 1353 1354 
2068 1906 1386 1526 1275 1002 1366 1240 1257 1277 
1982 1619 1363 1453 1059 932 1328 1347 1278 1462 
1982 1593 1506 1851 1384 1055 1654 1388 1280 1497 
1984 2052 1796 1809 1485 1380 1769 1383 905 1271 
1628 1845 1726 1645 1967 1776 1353 1375 1069 1020 
1889 1976 1878 1886 2144 1659 1644 1737 1484 1379 
1658 1980 1414 1940 2306 1747 1594 2037 1610 1283 
2036 2604 1962 1663 2284 1866 1511 1769 1658 1602 
1777 1797 1785 2042 1498 1656 1802 1658 1742 1685 
2118 2214 1867 1694 1982 1914 1445 1523 1529 1486 
2003 1986 2047 1659 1522 1726 1782 1234 1469 1660 
1827 1961 2037 1697 1793 1563 1754 1893 1641 1635 
1927 2031 2245 1817 1673 1759 1558 1608 2009 2034 
1815 2011 1938 2000 1701 1508 1947 1809 1531 1778 
1841 1765 1831 1747 1787 1516 1272 1453 1820 1844 
1397 1359 1604 1744 1412 1244 1830 1605 1165 1712 
1110 1206 1616 1461 1389 1416 1436 1949 1639 1633 
927 1258 1454 1502 1475 1834 1642 1862 2164 2066 
959 1461 1442 1588 1754 1737 1926 2081 1917 1670 
1663 1814 1639 1591 2169 1813 1990 2052 1944 1792 
1948 1616 1747 1974 1882 1914 2082 1660 1067 1264 
2389 2235 1741 2259 1932 1654 1813 1543 1470 1351 
2026 2088 1623 1904 1697 1675 2163 1598 1224 1222 
1972 2166 1539 1364 1760 1590 1511 1713 1577 1355 
1303 1379 1281 1393 1737 1479 1513 1951 2024 2012 
1738 1801 1591 1087 1717 1834 1541 2211 1898 1794 
1508 1084 1262 1283 1358 1476 1169 1801 2373 2242 
2022 2056 1320 1141 1604 1830 1608 1911 2402 2334 
1933 1746 1692 1845 1623 1562 1653 1524 2040 2071 
1848 1757 1249 1495 1715 1363 1412 1459 1458 1413 
1830 1872 1623 1705 1342 1238 1851 1270 1274 1833 
1490 1518 1224 1862 1839 961 1501 1796 1344 1290 
1349 1579 1502 1467 1607 1582 1553 1563 1477 1473 
1274 1311 1757 1752 1613 1593 1347 1197 1552 1633 
998 1222 1604 1222 1461 1911 1739 1652 1877 2100 
1177 1390 1598 1856 1970 1879 1590 1839 1615 1610 
1165 1335 1042 1470 1790 1365 1612 2028 1875 1979 
1301 1539 1255 1429 1533 1493 1745 2131 1965 2312 
1189 1385 1194 1277 1369 1583 1825 1887 1933 2052 
1342 1619 1474 1075 993 1576 1797 1617 2041 2076 
1582 1385 1783 1633 1153 1261 1395 1517 1714 1806 
1961 1941 1499 1275 1169 1107 1318 1605 1514 1336 
1441 1533 1347 1436 1719 1505 1315 1424 1591 1588 
1829 1664 1524 1474 1881 1525 1448 1509 1329 1381 
1286 1141 1121 1477 1538 1784 1831 1765 1939 1923 
1411 1332 1336 1796 1935 2202 2083 1651 1494 1666 
1126 1214 1294 1578 1470 1597 1591 1609 1455 1356 
1434 1649 1619 1503 1711 2144 1689 1521 1225 1026 
1382 1722 1437 1650 1873 1664 1464 1336 1192 1284 
1677 1808 1702 1344 1475 1466 1538 1433 1204 971 
2104 1748 1487 1504 1345 1357 1484 1481 1199 1355 
1870 1458 1230 1625 1285 1165 1532 1681 1814 1661 
2222 1997 1535 1266 1124 1316 1225 1175 1355 1348 
1630 1459 1389 1622 1475 1409 1510 1492 1926 1749 
1960 2013 1671 1323 1654 1769 1746 1475 1732 1834 
1492 1379 1580 1356 1409 1937 1812 1909 1881 2154 
1980 2042 1632 1336 1490 1945 1981 1880 2011 2077 
1192 1399 1532 1404 1635 1512 1621 2056 1902 1954 
1550 1650 1541 1327 1912 1342 1592 2002 1732 1605 
1575 1468 1692 1710 1739 1520 1733 1887 1606 1768 
1403 1216 1180 1842 1622 1318 1588 1794 1360 1310 
1477 1803 1376 1534 1598 1700 1983 1401 1621 1564 
1785 1688 1622 1599 1733 1617 1662 1300 1129 1286 
1562 1152 1586 1731 1420 1575 1575 1713 1681 1602 
1862 1865 1554 1600 1621 1834 1695 1761 1723 1811 
1325 1262 1489 1986 1586 1689 1777 2105 2128 1660 
1986 1864 1353 1894 2247 1655 1559 1937 2485 2354 
1265 1424 1124 1446 1785 1829 1763 2257 2132 2112 
1938 1794 1833 1973 2133 1941 1960 1892 2233 2160 
1799 1532 1834 1718 2016 1631 1691 1709 1574 1993 
2059 1783 1785 1760 1596 1758 1801 1740 1417 1425 
2252 2138 1934 2246 2371 2001 1744 1470 1446 1482 
1870 1795 1734 1881 1917 1644 1474 1465 1026 998 
2198 2266 1892 1896 2097 1994 1494 1553 1753 1377 
1588 1792 1851 1953 2262 2050 1623 1589 1551 1116 
1845 2146 2158 1381 1569 1918 1382 1167 1290 1365 
1388 1429 1748 1765 1558 2117 1955 1592 1756 1749 
1474 1418 1825 1904 1740 1876 1952 1776 1557 1657 
1255 1350 1331 1485 1438 1332 1929 2229 1864 1979 
1432 1477 1449 1818 2129 1914 2120 2284 2300 2158 
1641 1475 1482 1678 1819 1747 1992 2040 1957 2259 
1946 1502 1833 2307 1951 1977 2391 2226 2499 2454 
2183 1674 1726 1857 1423 2081 2094 2093 2450 2384 
1982 1449 1604 1872 1556 1926 2226 1940 1906 2107 
2233 1719 1556 1395 1688 1616 1518 1853 2121 1833 
1741 1531 1249 1635 1887 1629 1594 1548 1406 1555 
2250 2323 1796 1540 1783 1082 1361 1509 1040 944 
1891 1749 1578 1733 1965 1618 1545 1496 1101 1261 
2151 2151 1966 1837 1868 1810 1171 1024 982 858 
1587 1504 1753 2149 2047 1505 1268 1413 1552 1184 
1819 1809 1776 1500 1559 1619 1287 1315 1602 1502 
1686 1562 1711 1548 1504 1543 1621 1558 1247 1355 
1644 1509 1683 1608 1037 1280 1662 1645 1499 1676 
1605 1751 1603 1538 1340 1430 1553 1534 1532 1726 
1592 1838 1455 1473 1423 1040 1260 1439 1659 1496 
1370 1764 1282 1294 1924 1476 1482 1615 1658 1588 
1881 1803 1608 1476 1382 1312 1089 1130 1548 1840 
1950 1797 1393 1453 1299 1282 1659 1837 1534 1862 
1684 1795 1588 1367 1501 1384 923 1286 1895 1809 
1800 1964 1977 1153 990 1555 1330 1419 1755 1818 
1970 2010 1865 1427 1272 1528 1186 1290 1699 1882 
1917 2016 1886 1280 1094 1375 1547 1812 1649 1757 
2031 2209 1971 1662 1773 1571 1328 1397 1402 1509 
1762 2176 2127 1908 2118 1661 1411 1639 1716 1914 
1935 2062 2211 2076 2052 1841 1587 1811 2043 1879 
1614 1715 2086 2085 2011 2072 1781 1678 2047 1926 
1742 1805 2089 2249 1929 1376 1748 2050 2180 2099 
1429 1933 1704 1487 1688 1783 1628 1442 1585 1655 
1534 1683 1634 1729 1542 1285 1488 1419 1529 1581 
1554 1565 1421 1622 1948 1363 1364 1228 1016 1044 
1521 1722 1748 1789 1759 1296 1322 1587 1065 1219 
1192 1158 1667 1985 1962 1644 1648 1914 1641 1334 
1691 1803 1812 1868 1796 1979 1805 1563 1432 1550 
1279 1422 1396 1383 1686 1886 1705 1743 1755 1708 
1260 1562 1459 1428 1793 1916 1765 1668 1630 1749 
1292 1594 1543 1373 1761 1339 1322 1619 1518 1403 
1536 1872 1617 1405 1592 1340 1485 1454 1130 1250 
1755 1743 1895 1591 1438 1357 1365 1519 1258 1098 
1665 1543 1551 1336 1384 1985 1584 999 754 925 
1938 1798 1858 1531 1437 1978 1546 1308 1608 1308 
1870 1762 1580 1428 1656 1907 1709 1501 1818 1487 
1960 2171 1810 1350 1737 1878 1569 1877 1935 1597 
2126 1879 1776 1872 1647 1865 1856 1850 1789 1731 
2423 2148 1953 2002 1739 1713 1849 1492 1381 1405 
1705 1672 1734 1719 1474 1777 1946 1396 1494 1436 
2039 1922 1992 1820 1520 1646 1720 1665 1768 1445 
1824 1619 1448 1389 1748 1624 1999 2268 2167 2021 
1998 1624 1656 1892 1873 1497 1544 2078 1850 1825 
2489 2223 1467 1927 1977 1871 1848 2037 2036 2136 
2182 1953 1787 1753 1842 1720 1574 1477 1873 2042 
2200 1846 1604 1499 1595 1413 1429 1553 1699 1547 
2074 2047 1917 1808 1699 1634 1380 1438 1567 1808 
1837 1790 1459 1177 1057 957 887 1048 1358 1462 
1464 1779 1476 1205 1394 1296 1378 1224 1489 1414 
1169 1454 1308 1304 1709 1339 1239 1183 1182 1343 
1471 1803 1353 1410 1591 1394 1378 1687 1388 1654 
1071 1230 1233 1267 1637 1664 1545 2114 2010 1698 
1548 1631 1636 1396 1491 1923 2241 2050 1956 2281 
936 1117 1355 1365 1811 1850 1751 2357 2261 2296 
1665 1602 1760 1341 1793 1952 1982 2141 2280 2313 
1269 1193 1095 1427 1808 1908 2023 2070 2083 1991 
1464 1325 1467 1783 1859 1747 1662 2118 1981 1686 
1739 1631 1584 2298 1980 1555 1631 1793 1680 1443 
1553 2045 1573 1818 2048 1654 1365 1499 1614 1431 
1852 2267 2243 2021 2129 1666 1481 1506 1735 1781 
1534 2150 1741 1454 1774 2038 1341 1076 1602 1618 
1698 2240 2028 1818 2012 1707 1590 1557 1628 1817 
1655 1954 1884 1474 1968 1778 1189 1292 1485 1405 
1213 1486 1526 1615 1663 1577 1704 1835 1264 1459 
1742 1902 1598 1560 1986 1681 1400 1473 1290 951 
1049 1018 1252 1544 1543 1724 1712 1543 1448 1333 
1705 1593 1454 1581 1687 1290 1366 1665 1418 1333 
949 947 1051 1193 1687 1535 1359 1838 1511 1473 
1607 1677 1510 1366 1789 1414 1565 1724 1320 1206 
1252 1157 1092 1477 1724 1114 1568 1370 1078 1337 
1793 2005 1457 1337 1474 1578 1711 1501 795 960 
1132 1253 1135 1467 1455 1330 1727 1364 1155 912 
1561 1350 1581 1679 1689 1897 1782 1601 1111 782 
1784 1352 1401 1669 2008 1891 1121 1285 1172 611 
1463 1307 1233 1800 1592 1701 1825 1630 1549 1089 
1450 1398 1456 1737 1936 1529 1730 1733 1205 969 
1063 1536 1455 1416 1996 1786 1584 1859 1426 1243 
1039 1310 1462 1332 1315 1553 1611 1527 1455 1639 
1130 1227 1261 1429 1676 1873 1720 1610 1635 1642 
1340 1453 1443 1286 1305 1573 2153 1746 1786 1733 
1520 1137 1694 1809 1438 1717 1759 1544 1667 1541 
1580 1368 1391 1262 1211 1642 1600 1672 1849 1763 
1697 1591 1465 1580 1613 1516 1707 1671 1548 1533 
1135 1150 1169 1048 1493 1434 1412 1670 1767 1551 
1051 1574 1375 1174 1622 1611 1662 1709 1795 1996 
779 1080 1251 1412 1970 1746 1444 1809 1607 1263 
1341 1472 1367 1266 1689 1975 1496 1538 1389 1615 
1432 1568 1733 1436 1394 1490 1578 1821 1441 1252 
1516 1785 2026 1680 1787 1815 1634 1692 1700 1595 
1712 1908 2185 1534 888 1400 1377 1114 1463 1175 
1806 1378 1741 1886 1418 1494 1588 1358 1512 1487 
1678 1643 1551 1439 1599 1888 1590 1164 1133 1221 
1491 1438 1388 1813 1756 1460 1614 1565 1328 1218 
2285 2236 1449 1300 1882 1764 1376 1565 1477 1117 
1856 1573 1403 1718 1470 1511 1635 1279 1352 1152 
2097 1916 1603 1575 1716 1367 1217 1269 1302 1236 
2020 1825 1962 1859 1805 1639 1506 1731 1567 1690 
2253 1837 1991 1971 1557 1647 1809 1673 1400 1460 
2025 1709 1714 1953 2013 1923 2092 1866 1623 1655 
2270 2328 1980 1709 2025 2040 1715 1843 1665 1648 
1870 1876 1684 1496 1506 1716 1831 2040 1821 1871 
1564 1754 1582 1661 1856 1739 1771 1986 2093 1664 
1401 1709 1567 1418 1547 1457 1529 1392 1857 1880 
1528 1341 1233 1433 1560 1283 1586 1876 1828 1963 
1264 1129 696 1184 1909 1479 1034 1664 1676 1346 
1020 1356 1386 1355 1756 1910 1508 1634 1565 1697 
1368 1650 1622 1340 1656 1898 1620 1616 1855 1507 
1645 1696 1638 1484 1830 1881 1572 1304 1681 1482 
1734 1639 1739 2039 1827 1798 2009 1766 1534 1580 
1854 2046 1740 1951 1995 1863 1527 1519 1733 1633 
1596 1363 1867 1870 1489 1821 1902 1488 1255 1638 
1829 1574 1373 1562 1816 1643 1719 1655 1510 1477 
1389 1439 1577 1622 1811 1678 1730 1814 1223 1433 
1539 1250 1522 1596 1367 1264 1704 1902 1415 1547 
1737 1860 1504 1203 1485 1587 1694 1908 1744 1608 
1678 1381 1569 1739 1686 1470 1251 1818 2394 2001 
1969 1855 1617 1480 1445 1451 1894 1994 2140 2151 
1836 1750 1836 1688 1961 1639 1401 2004 2068 2132 
2055 1864 1615 1580 1441 1405 1503 1745 1538 1668 
1823 2092 1562 1563 2160 2150 1752 1759 1715 1735 
2038 1990 1629 1634 1802 1630 1079 1295 1776 1351 
1763 1593 1311 1615 1874 1667 1650 1413 1767 1508 
1763 1529 1722 1485 1677 1739 1609 1549 1913 1826 
1489 1536 1598 1721 1552 1685 1942 1367 1485 1729 
1736 2177 2199 1500 1449 1757 1817 1736 1771 1856 
2059 2128 2090 1473 1473 1899 1440 1240 1753 1758 
1959 1793 1707 1668 1614 1628 1442 1639 1955 1732 
2203 1936 1913 1864 1554 1288 1110 1608 1817 1926 
1881 1819 1768 1781 1722 1299 1488 1839 1893 1840 
1751 1756 1781 1656 1744 1814 1680 1705 1434 1880 
1932 1699 1932 1934 2215 2148 1740 1713 1768 1826 
1797 1613 1610 1759 1707 1685 1819 1577 1312 1305 
1797 1809 1629 1804 1967 2075 1664 1608 1707 1346 
1597 1687 1514 1466 1593 1493 1500 1200 1054 978 
1574 1844 1581 1534 1509 1415 1618 1227 1046 892 
1678 1747 1580 1676 1595 1191 1581 1194 755 1058 
1976 1579 1699 1669 1477 1223 1587 1657 1472 1141 
1386 1441 1460 1526 1566 1740 1685 1577 1604 1743 
1263 1689 1854 1339 1359 1891 1504 1587 1794 1592 
1600 1903 1819 1486 1474 1973 1686 1582 1734 1940 
1439 1555 1686 2154 1654 1566 1884 1774 1753 1833 
1633 2072 1994 1888 1920 1903 1756 1856 1833 1851 
1995 2261 2525 2176 1722 1802 1734 1647 1768 1858 
1574 1707 2080 1815 1637 1749 1442 1608 2132 2044 
1646 1722 1704 1735 1546 1498 1358 1586 1760 1667 
1368 1418 1500 1610 1731 1545 1362 1175 1486 1533 
1656 1649 1530 1367 1267 1403 1405 1189 1020 1185 
1231 1213 1470 1614 1259 1575 1639 1350 1143 1328 
1808 1772 1660 1609 1281 1001 1726 1695 1009 1026 
1621 1660 1898 1484 1590 1594 1432 1471 1406 1383 
2079 1814 1535 1833 1627 819 1306 1801 1512 1515 
1489 1557 1415 1362 1861 1641 1334 1695 1939 1964 
1807 1483 1616 1966 1451 1256 1605 1761 2016 2039 
1185 1261 1073 1579 1672 1653 2005 1723 2394 2504 
1741 2050 1583 1452 1608 1690 1500 1376 1601 1997 
1349 1755 1420 1649 1796 1893 1580 1925 2085 2087 
1557 2120 1935 1606 1940 1971 1511 1404 1711 1803 
1859 1981 2226 1635 1614 1662 1336 1425 1758 1760 
1519 1400 1832 1896 1182 1424 1445 1165 1309 1417 
1346 1365 1751 1776 1499 1400 1703 1382 1344 1550 
1395 1190 1591 1905 1548 1233 1414 1354 543 956 
1412 1358 1199 1689 1657 1266 1395 1448 1105 1124 
1236 1368 1145 1592 1596 1513 1910 2043 1663 1396 
1135 1433 1034 1152 1823 1821 1481 1620 1545 1276 
1440 1792 1404 1325 1705 1276 1637 1776 1814 1746 
1408 1786 1722 951 1513 1727 1332 1638 1875 1655 
1597 1440 1814 1496 1166 1516 1535 1584 2012 1909 
1900 2017 1724 1495 1880 2139 1528 1439 2102 1859 
1462 1482 1840 1414 1480 1964 1716 1647 1592 1522 
1925 2177 1691 1488 2013 1961 1721 1699 1620 1848 
1214 1747 1486 1095 1535 1750 2056 2118 1694 1673 
1634 1567 1808 1549 1950 1866 1887 2121 1939 1639 
2033 1859 1863 1563 1542 1921 1794 1436 1628 1557 
1461 1190 1512 1456 1142 1472 1851 1837 1820 1844 
1879 1678 1751 1634 1407 1877 1538 1384 1963 1601 
1406 1403 1322 1592 1080 1439 1643 1413 1925 1957 
1326 1279 1369 1441 1478 1497 1726 1691 1802 2049 
1898 1940 1655 1616 1596 1530 1658 1854 1608 2035 
1260 1535 1613 1627 1796 1551 1668 1880 1489 1599 
1904 2250 1967 1760 1810 1565 1357 1599 1660 1640 
1146 1392 1570 1630 1706 2110 1475 1639 2048 1752 
1730 1390 1756 1891 1433 1160 1596 1550 1988 1898 
1219 1136 1201 1581 1795 1302 1735 2282 2138 2243 
1513 1309 1614 1662 1591 1822 1660 1687 1669 2003 
1399 1102 1031 1714 1825 1269 1735 1616 1204 1679 
1323 1231 1279 1490 1631 1674 1734 1605 1365 1412 
1037 952 1383 1591 1531 1406 1832 1414 899 1044 
1832 1843 1591 1545 1625 1549 1590 1625 1719 1338 
1532 1586 1420 1424 1496 1650 1520 1395 1473 1381 
1735 1854 1657 1844 1855 1631 1386 1660 1807 1441 
1615 1987 1586 1693 1515 1729 1704 1192 1270 1295 
1633 1540 1438 1627 1866 1771 1523 1422 1224 1448 
1645 1785 1495 1526 1599 1502 1599 1615 1417 1405 
1806 1729 1847 1622 1616 1089 1521 1989 1756 1813 
1542 1554 1472 1249 1494 1620 1642 2148 1884 1968 
1624 1591 1594 1748 1672 1485 1785 1776 1914 2138 
1642 1641 1594 1667 1807 1689 1817 2089 1945 1853 
1574 1347 1758 1721 1680 1734 2099 2080 2046 1959 
1539 1335 1312 1878 2118 1825 2108 2011 1739 1658 
2000 1707 1734 1720 1710 2143 2253 2156 2341 2113 
1314 901 1185 1761 1986 1971 2509 1956 1841 2032 
1677 1845 1888 1814 1883 2121 2444 2315 2181 2323 
1535 1628 1603 1442 1993 2049 2057 2506 2385 2319 
1813 1782 1670 1740 2046 1880 1978 2212 2105 2180 
1532 1848 1828 1614 1554 1648 1795 2350 2248 2345 
1922 1774 2156 2004 1522 1664 1871 2027 1754 1930 
1827 1472 1409 1597 1127 1342 1629 1527 1640 1949 
2417 2005 1980 1987 1750 1800 1612 1644 1972 1791 
1780 1717 1657 1825 1667 1737 1363 1424 1928 1876 
2166 2361 2297 1682 1538 1787 1379 1444 2104 1843 
1384 1584 1813 1784 1596 1575 1526 1484 1678 1900 
1967 1992 2094 1985 1612 1243 1239 1615 1709 1726 
1839 1547 1669 1603 1758 1523 1463 1381 1229 1583 
2226 2019 1732 1696 1811 1687 1450 1799 1834 1693 
1849 2195 1699 1655 2013 1902 1577 1460 1439 1615 
1962 2425 2220 1768 1921 1986 2035 2060 1993 1664 
1656 1938 2241 1969 1962 2247 1796 1178 1705 1611 
1471 1567 2248 1926 1556 2054 2187 1884 1555 1367 
1763 1636 2216 2223 2024 1980 1902 1467 1145 1329 
1723 1873 1671 1729 1873 1744 2037 2064 1218 1334 
1468 1665 1751 2045 1978 1633 1661 1777 1372 1163 
1764 2071 1993 1660 1752 1615 1653 1759 1707 1631 
1555 1834 2059 1898 1402 1590 1520 1535 1903 1687 
1589 1754 1803 2002 1703 1440 1919 1796 1776 1940 
1931 2398 1803 1733 1945 1411 1603 1925 1514 1714 
1455 1647 1738 1774 1944 1609 1364 1602 1661 1711 
2140 2058 1948 1735 1724 1514 1515 1585 1475 1301 
1281 1128 1562 2069 1829 1514 1518 1601 1461 1139 
1691 1411 1999 1865 1570 1586 1755 1595 1405 1482 
1137 1205 1430 1536 1644 1577 1567 1573 1641 1449 
1462 1590 1670 1465 1616 1381 1868 1811 1329 1495 
1023 1393 1415 1137 1662 1781 1520 1621 1547 1641 
1090 1438 1584 1488 1261 1565 1720 1622 1524 1464 
1732 2038 1599 1541 1748 1516 1614 1953 1569 1710 
1275 1399 1501 1414 1510 1566 1317 1794 1885 1557 
1944 1836 1725 1866 1564 1566 1770 1667 1785 1842 
1796 1333 1389 1858 1753 1578 1701 1511 1636 1713 
2046 1577 1684 1550 1592 1774 1117 1220 1448 1156 
1390 1198 1563 1870 1201 1291 1822 1637 1389 1440 
1593 1787 1558 1525 1666 1621 1678 1601 1320 1105 
1276 1307 1361 1676 1929 1778 1872 1876 1691 1726 
1470 1474 1196 1360 1880 1878 1613 1801 2013 1529 
1577 1604 1686 1395 1758 2568 2322 1855 2160 2143 
1745 1275 1665 1585 1750 1955 2120 1971 1861 1901 
1391 1273 1504 1593 1504 2113 2263 1751 1940 1857 
1385 1570 1633 1984 1761 1697 2335 2279 2028 2367 
957 1216 1297 1350 1575 1904 1911 1959 1776 1735 
854 887 1253 1734 1642 1691 2002 2106 2203 2283 
1097 1233 1212 1514 2189 1691 1330 2050 2047 1897 
930 1056 975 1413 1769 1831 1631 1860 2007 1920 
1167 1343 1325 1620 1869 1937 1520 1602 1640 1384 
1596 1649 1715 1750 1577 1771 1703 1513 1674 1890 
1175 1655 1450 1735 1911 1720 1476 1332 1222 1217 
1748 1929 2010 1909 1879 1673 1429 1533 1528 1377 
1652 1772 1524 1805 2188 1831 1719 1231 967 1120 
2052 2080 2147 1936 1839 1493 1411 1285 1276 1557 
1291 1552 1553 1566 1625 1789 1739 1829 1662 1437 
1455 1950 1961 1952 1933 1607 1750 1630 1652 1648 
1562 1668 1871 1579 1321 1256 1333 1696 1780 2022 
1196 1133 1514 1669 1328 1454 1514 1416 1533 1420 
1654 1940 1664 1473 1570 1543 1263 1123 1274 1461 
1696 1678 1573 1481 1471 1578 1329 1201 1236 1213 
1429 1502 1163 1346 1770 1272 1136 1555 1602 1475 
1586 1649 1861 1603 1545 1627 1694 1692 1567 1263 
1106 1106 1574 1438 1679 1834 1467 1477 1460 1410 
1379 1541 1917 1764 1680 2264 1858 1192 1374 1337 
1259 1123 1502 1852 1440 1911 1944 1320 1280 976 
1836 1287 1522 1737 1856 2016 1840 1320 1302 1195 
1348 884 1371 1846 1693 2031 1826 1284 1387 1251 
1649 1437 1441 1688 1152 1608 1957 1266 1219 1374 
1653 1681 1505 1489 1430 1523 1921 1257 1003 1154 
1309 1584 1914 1805 1397 1475 1641 1342 794 979 
1412 1386 2071 2080 1295 1160 1268 1316 1151 1148 
1415 1386 1482 1993 1915 1601 1654 1710 1397 1157 
1650 1653 1546 1805 2083 1773 1559 1525 1977 1882 
1557 1698 1247 1393 2035 1968 1753 1959 1925 1975 
1656 1915 1396 1152 1771 1896 1638 2049 2198 2384 
1828 1638 1774 1280 1606 2023 2012 2284 2377 2190 
2191 1847 1853 1497 1312 1890 2045 1795 2193 2419 
2087 1870 1842 1622 1320 1761 2142 2149 2368 2397 
2093 2127 1851 1690 1534 1971 2201 1992 2043 2350 
1808 1551 1873 2061 1304 1323 1922 1849 1759 1857 
1876 1421 1595 1897 1642 1595 1514 1627 1934 2040 
1776 1494 2049 1931 1575 1695 1676 1573 1606 1525 
1742 1618 1863 1845 1874 1977 1543 1148 1337 1344 
1753 1746 2033 2144 1787 2130 2063 1549 1582 1759 
1969 1862 1834 2241 1881 1749 2113 1624 1597 1706 
1543 1551 1762 2001 1565 1481 1858 1745 1576 1385 
1834 2123 1833 1597 1720 1668 1303 1397 1669 1407 
1352 1673 2067 1711 1391 1398 1718 1370 1282 1433 
1915 1983 2069 1609 1373 1675 1416 1260 1320 1375 
1428 1411 1769 1636 1263 1883 1831 1277 1674 1755 
2107 1753 1929 1576 1358 1621 1933 1758 2128 2106 
1781 1807 1480 1365 1992 2056 1963 2052 1913 2076 
1766 1903 1646 1840 1874 1561 1766 2077 1859 2176 
1971 2030 1592 1898 1934 1747 2072 2172 1958 1819 
1945 2023 1469 1923 2019 1564 1813 1841 1722 1683 
1457 1445 1620 1771 1736 1863 1700 1630 1666 1535 
1556 1379 1414 1789 1841 1605 1449 1409 1400 1413 
1552 1221 1640 1415 1701 2007 1737 1742 1478 1578 
1534 1337 1334 1389 1694 1791 1471 1735 1817 1793 
1303 1419 1746 1463 1809 1744 1634 1720 1895 1616 
1399 1455 1558 1289 1631 1851 1732 1734 1833 1666 
1621 1195 1830 1868 1267 1939 2081 1446 1741 1991 
1743 1253 1297 1568 1116 1750 1917 1602 1656 1742 
1287 1133 1427 1598 1197 1287 1825 2000 1861 2075 
1919 1801 1207 1543 1622 1309 1609 2093 2219 2207 
1206 1275 1169 1474 1508 1100 1491 1905 1714 2015 
1674 1746 1670 1372 1863 1712 1190 1565 2322 2204 
1058 1523 1460 1193 1414 1966 1828 1883 2181 2253 
1772 1589 1896 1650 1805 2183 1780 1545 1983 1934 
1891 1601 1498 1508 1798 1500 1752 1996 2038 2063 
1889 1608 1658 1797 1863 1615 1654 2090 1753 2006 
1869 1840 1681 1891 1768 1366 1589 1918 1646 1496 
1646 1676 1550 1574 1661 1022 1440 1346 1064 1567 
1300 1469 1713 1313 1412 1837 1768 1540 1084 1332 
1438 1619 1776 1925 1415 1446 1420 1033 1014 1102 
1585 1841 1867 1666 1287 1512 1570 1368 1174 1053 
1549 1398 1773 1999 1580 1414 1486 1243 1303 952 
1927 2025 1994 2014 1723 1476 1539 1449 1207 979 
1837 1876 1939 1896 2048 1637 1388 1713 1599 1429 
1985 2167 1869 1369 1921 1824 1594 1398 1124 1131 
1475 1532 1844 1895 1946 1813 1574 1629 1702 1473 
1788 1773 2138 1779 1441 1585 1770 1258 930 1191 
1835 1685 1840 1730 1509 1378 1275 1772 1474 1181 
1707 1398 1726 1763 1477 1796 1743 1371 1178 1291 
1763 1578 1649 1988 1741 1294 1518 1902 1650 1611 
1720 1830 1698 2088 1869 1438 1952 1846 1754 1574 
1356 1428 1844 1985 1836 1582 2051 2267 1859 1831 
1513 1811 1544 1882 2237 1916 1720 2051 1996 2106 
1452 1710 1812 1804 2008 1739 1684 2123 1801 1652 
1413 1447 1376 1476 1932 1866 1525 1718 1619 1529 
1652 1989 1853 1830 1818 1692 1723 1646 1718 1615 
1331 1327 1639 1962 1577 1477 2008 1621 1756 1703 
1723 1863 1784 1847 1864 1827 1833 2109 2407 2022 
1318 1202 1367 1522 1852 1795 2036 2234 2179 2160 
1816 1484 1658 1731 1963 2067 1836 2028 2241 2294 
1666 1295 1351 1769 1836 1760 1674 2226 2184 2292 
1939 1597 1494 1433 1709 1746 1507 1828 2434 2156 
1783 1605 1743 1887 1766 1710 1903 1869 2054 2337 
1513 1602 1872 1798 1580 1104 1492 1651 1612 1895 
2210 2308 2027 2032 1750 1329 1587 1393 1505 1855 
1562 1532 1489 2130 1830 1304 1439 1274 1219 1377 
2114 2186 2072 1958 1848 1733 1408 1197 1535 1610 
1832 2045 1978 1895 1953 1963 1802 1643 1245 1450 
1682 1724 1737 1729 1941 1768 1467 1876 1731 1674 
1821 1915 1765 2005 2252 1816 1359 2111 1918 1572 
1510 1896 1535 1749 1926 1749 1272 1738 1966 1631 
1352 1976 1508 1783 2140 1729 1679 1564 1855 1576 
1054 1511 1579 1558 1979 1933 1805 1560 1895 2136 
1738 1732 1665 1903 1852 1654 1948 1940 2185 2241 
1468 1519 1624 1775 1855 1789 1788 1737 1762 1930 
2134 2161 1936 1755 1898 2004 1541 1561 1771 1824 
1877 1954 1935 1500 2046 2168 1691 1264 1497 1568 
2100 1913 2025 1475 1566 1478 1613 1581 1449 1356 
1832 1772 2173 1650 1410 2160 1648 1671 1666 1583 
1927 1797 1712 1742 1320 1383 1398 1747 1939 1822 
1546 1542 1353 1464 1533 1374 1497 1532 1916 1994 
2003 1616 1746 2110 1690 1294 1736 1611 1299 1645 
1930 1883 1735 1729 1674 1531 1908 1296 1287 1883 
1977 1703 2002 2202 1450 1192 1741 1539 1167 1412 
2127 2195 1755 1914 2228 1466 1471 2009 1659 1583 
2049 1939 1994 1960 1755 1099 922 1223 1266 1245 
2245 2027 1559 1472 1593 1399 1273 1574 1272 1616 
1762 1620 1454 1695 1364 1282 851 1083 1404 1286 
2049 1991 1696 1456 1541 1383 1353 1547 1629 1691 
1917 1687 1483 1437 1680 1513 1009 1420 2020 1770 
1745 1671 1365 1345 1677 1620 1572 1722 1914 2060 
1448 1381 1689 1365 1346 1671 1856 1892 2210 2357 
1341 1429 1323 1557 1340 1806 2034 1939 1922 2136 
748 1109 1456 1546 1649 1873 2087 1822 1666 1797 
1047 1220 1763 1676 2105 1819 1775 1914 1729 1725 
977 1285 1557 1474 2014 2187 1837 2106 1662 1772 
1001 1246 1752 2078 1917 1966 1864 1899 2197 1564 
1110 1486 1462 1972 1714 1622 2102 1298 1746 2078 
1294 1652 1585 1760 1800 1761 1933 1865 1946 1861 
1219 1202 1598 1537 1617 1805 1424 1480 1860 2016 
1317 1530 1858 1387 1630 2077 1869 2038 1820 1681 
1699 1691 2054 1711 1679 1993 1593 1673 1993 1856 
1707 1558 1581 1512 1640 1749 1787 1709 1750 1972 
1805 1729 1888 1738 1548 1860 2128 2035 1874 1807 
2016 1589 1742 2141 1620 1662 2064 1680 1766 2260 
2083 1643 1570 2023 1485 1254 2032 2250 2013 2317 
2284 1634 1489 1867 1520 1463 1652 1909 2034 2009 
2270 1752 1120 1496 1594 1303 1574 1521 1740 1887 
1604 1614 1057 1149 1579 1225 1054 1801 1703 1536 
1801 1912 1653 1434 1322 1501 1342 1438 1394 1599 
1616 1465 1420 1565 1750 1368 1273 1816 1645 1203 
1677 1387 1352 1418 1622 1702 1088 1229 1530 1531 
1865 1531 1444 1546 1447 1617 1802 1572 1624 1688 
1517 1311 1487 1242 1523 1630 1715 1518 1632 1819 
1374 1223 1506 1645 1149 1318 1747 1600 2142 2285 
1554 1871 1742 1355 1437 1475 1704 1765 1756 1760 
1570 1632 1544 1667 1511 1594 1268 1307 1739 1814 
1866 2112 1764 1555 1908 2048 1529 1331 1648 1787 
1565 1492 2254 1979 1763 1947 1549 1621 1783 1652 
1675 2088 2246 1817 1673 2164 1994 1646 2224 1903 
1476 1689 2237 2311 1769 1527 2031 1814 1582 1905 
1276 1505 1738 1909 2169 1745 1629 1783 1507 1494 
1685 1894 1624 2166 2090 1480 1268 1511 1524 1501 
1465 1511 1191 1549 1883 1645 1534 1515 1365 1482 
1655 1593 1401 1275 1561 1746 1439 1208 1394 1412 
1230 1163 1147 1432 1241 1237 1367 1370 1515 1447 
1628 1464 1538 906 1569 1232 1173 1344 1579 1527 
1155 863 1554 1230 1181 1442 1016 1720 1775 1651 
1588 1475 1209 1388 1470 1389 1194 1681 1770 1707 
991 1257 1118 988 1261 1929 1797 1682 1838 1806 
1282 1338 1378 1490 1714 1647 1358 1504 1793 1857 
621 932 1094 1049 1431 1458 1617 1668 1866 1719 
1347 1574 1590 1187 1674 1592 1331 1706 1721 1581 
1339 1323 1195 1269 1293 1362 1180 1128 1357 1462 
1694 1798 1406 1434 1387 1135 1587 1529 1533 1655 
1320 1198 1445 1083 1236 1394 1038 976 1140 1096 
1717 1626 1653 1430 1551 1528 1386 1280 1363 1233 
1626 1705 1552 1649 2078 1811 1282 1464 1620 1247 
1363 1662 1392 1834 2056 2098 1703 1775 1572 1532 
1801 1739 1856 2463 2223 2160 2318 1912 1826 1687 
1491 1466 1598 2168 1863 2127 2305 1796 1545 1863 
1415 1594 1814 2096 2051 1951 1852 2037 2120 2015 
1726 1697 1999 2106 2015 1834 1734 2012 1953 1648 
1406 1544 1852 1847 2228 1891 1431 1309 1600 1654 
1966 2200 2327 2340 2313 1573 1446 1812 1652 1719 
1657 2006 1708 1758 2080 2109 1522 1438 1696 1695 
1920 1968 1845 2161 2411 1892 1792 1807 1580 1577 
1954 2010 1903 1813 2116 2244 1499 1226 1396 1418 
2208 1982 1747 1718 1431 1600 1944 1806 1800 1853 
2252 2055 1958 1672 1765 2092 2035 1747 1480 1560 
2243 2208 1991 1781 1745 1530 1656 1671 1678 1443 
1969 1925 1739 1750 1786 1328 1633 1605 1420 1732 
2238 1765 1793 1780 1811 1460 1805 1976 1672 1633 
2174 1638 1593 2054 1604 1557 1705 1720 1437 1242 
1968 1681 1700 1748 1618 1947 1690 1403 1579 1566 
1933 1690 1771 1842 1337 1542 1693 1468 1817 1777 
1639 1594 1652 1755 1794 1643 1992 1877 1685 1715 
1653 1573 1665 1411 1579 1952 1712 1556 1527 1681 
1534 1374 1397 1684 1497 1807 1949 1748 1655 2056 
1856 1676 1419 1386 1701 1747 1646 1834 2007 1842 
1988 2026 1485 1309 1490 1702 1935 2074 2075 2085 
1529 1421 1538 1289 1303 1255 1858 1982 1822 1905 
1886 1818 2027 1721 1396 1453 1782 1717 1663 1923 
1388 1299 1551 1768 1455 986 1927 2011 1335 1400 
1329 900 1510 1957 1876 1655 1448 1708 1242 1186 
1584 1392 1048 1517 1925 1522 1467 1815 1350 1219 
1028 893 1070 1326 1749 1763 1504 1766 1880 1250 
1251 1222 1017 1171 1535 1678 1804 1780 1760 1803 
992 1176 1122 1285 1589 1607 1631 1959 2033 1934 
1455 1726 1421 1621 1647 1855 1817 1695 2087 2160 
1587 2181 1912 1746 1997 1454 2005 2162 1973 2096 
1812 1928 1907 1644 1796 1817 1785 1767 2087 2305 
2364 2084 1830 2061 1937 1866 1922 2075 2112 2099 
1767 1788 1293 1474 1759 1606 1922 1639 1633 1637 
1959 2009 1664 1286 1242 1317 1818 1812 1629 1962 
1429 1302 1226 790 1148 1500 1470 1540 1184 1231 
1399 1308 1503 1345 1122 1302 1513 1802 1803 1634 
1197 1205 1448 1671 1371 1516 1217 1429 1548 1328 
1318 1366 1540 1806 1427 1523 1590 1461 1446 1345 
1183 1150 1776 2105 2014 2018 1698 1508 1414 1457 
1544 1512 2168 2133 1798 2057 1771 1517 1636 1491 
1471 1816 1868 1611 1902 1549 1987 2015 1587 1641 
1780 2188 2108 1964 2367 1999 1651 2044 2046 2076 
1675 2209 1784 1809 2020 1654 1363 2048 2131 1860 
1574 1760 1956 1970 2240 2011 1508 1587 2225 2229 
1593 1631 1620 1672 1834 1785 1559 1811 1882 1861 
1378 1346 1654 1942 2115 2064 1376 1471 1897 1815 
1379 1464 1438 1532 1562 1683 1641 1566 1588 1777 
1366 1499 1370 1528 1852 1817 1206 1718 1839 1582 
1826 1886 1787 1549 1957 2036 1399 1428 1772 1540 
1600 1526 1910 1522 1702 1817 1611 1663 1523 1592 
1861 1998 1726 1755 1852 1889 1749 1746 1916 1648 
1748 2201 1878 1652 2048 1951 2112 1612 1384 1488 
1758 2041 2019 2172 2161 1973 2102 1744 1495 1411 
1375 1617 1545 1498 1683 1757 2253 1794 1355 1606 
2046 1857 2010 2224 2266 2245 2164 2064 1607 1630 
1578 1360 1426 1713 1785 1820 1773 2109 1988 1583 
1978 1957 1674 1741 2097 2025 2003 2007 1785 1710 
2074 1973 1919 2014 1757 1902 2110 1974 1581 1595 
2167 2111 1940 2053 1727 1747 1926 1691 1494 1435 
1950 1835 1745 1764 1535 1439 2091 1734 1273 1352 
2405 2033 1752 1483 2049 1707 1394 1473 1691 1283 
1740 1209 1578 1413 1404 1644 1858 1860 1258 1209 
1862 1624 1593 1670 1665 1622 1326 1671 1315 995 
1218 1486 1565 1408 1609 1788 1768 1939 1675 1289 
1648 1789 1691 1681 1796 1811 1876 1598 1537 1303 
1618 1698 1763 1730 1796 1929 1843 1536 1764 1695 
1561 1499 1842 1894 1264 1612 2034 1470 1627 1860 
2020 1991 2362 2209 1520 1636 1813 1607 1889 1759 
1748 1279 1792 2069 1767 1452 1380 1556 2024 2067 
2199 2038 1671 2178 2102 1555 1468 1657 1554 1664 
1617 1665 1427 2036 2220 1638 1345 1411 1376 1442 
1694 1827 1594 1694 1651 1495 1585 1282 1064 1572 
1384 1468 1305 1179 1617 1511 1457 1698 1530 1591 
1273 1245 1398 1318 1138 1632 1606 1528 1419 1572 
1124 1222 1426 1809 1424 1676 1767 1764 2122 2101 
1608 1754 1775 1669 1335 1458 1971 1733 1769 1959 
1399 1304 1633 1858 1653 1470 1769 1863 1875 1871 
1777 1989 2068 1794 2366 1893 1662 2024 1762 1534 
1405 1671 2054 1969 2112 1874 1430 1610 1502 1539 
1922 2142 1904 1679 1539 1820 1696 1558 1405 1581 
1557 1403 1583 1908 1927 1551 1764 1810 1545 1345 
1891 1476 1867 2012 1730 1833 1501 1148 1494 1475 
2006 1638 1517 1885 1440 1417 1382 1262 1309 1388 
1707 1552 1425 1709 1407 1681 2038 1380 1045 1261 
2003 2160 1347 1653 1598 1331 1561 1293 931 903 
1866 1829 1537 1648 1610 1341 1807 1547 1192 1232 
1888 1386 1512 1714 1885 1460 1622 1892 1722 1448 
2157 1739 1659 1801 1727 1897 1603 1696 1973 1557 
1816 1546 1348 1248 1881 2168 1576 1512 1699 1456 
1822 1776 1455 1519 1995 1877 1429 1706 1726 1727 
1826 1885 1466 1501 1631 1668 1727 1800 1431 1336 
1839 1877 1540 1657 1969 1604 1806 1946 1195 1344 
1973 2171 1841 1300 1809 1686 1610 1626 1260 1236 
1368 1364 1728 1913 2131 1706 1320 1692 1789 1491 
1492 1904 1744 1064 1888 1895 1256 1427 1872 1400 
1185 1269 1372 1548 1456 1441 1386 1705 2350 2054 
1118 1153 1023 1247 1460 1866 1776 1718 2155 2096 
1276 1345 1331 1194 1188 1689 1870 1757 1906 2446 
1351 920 1207 1640 1107 1532 1655 1678 1968 2069 
1846 1755 1385 1156 1270 1871 1898 1550 1969 2152 
1832 1778 1784 1738 1539 1721 1817 1631 1650 1670 
2060 1999 2051 1550 1428 1796 1998 1433 1457 1567 
2036 1825 2203 2189 1777 1678 2294 2010 1594 1941 
2208 1708 1881 2005 1568 1518 1958 1920 1423 1641 
2316 2099 1613 1724 1741 1784 2039 2385 2389 2235 
2064 2003 1712 1696 1960 1516 1582 1972 2157 2036 
1656 1841 1750 1299 1592 1707 1368 1836 2217 2257 
1629 1801 1567 1453 1717 1657 1470 1710 2158 1914 
1649 1736 1177 1137 1377 1443 1631 1433 1485 1852 
1684 1616 1720 1365 1414 1760 1855 1859 1761 1820 
1561 1600 1887 1680 1259 1413 1900 1927 1374 1643 
2090 2045 2286 1762 1433 1462 1484 1716 1730 1781 
2192 1977 2133 1784 1810 1841 1853 1746 1678 1416 
1959 2052 2091 2197 2162 1667 1169 1291 1380 1513 
1842 1941 2132 1837 1551 1678 1386 1729 2043 1896 
1670 1678 1989 2313 2200 1988 2038 1958 1887 1721 
1045 1327 1634 1842 1978 1952 1837 1972 1985 1984 
1118 1494 1555 1725 2267 2064 1789 1808 1754 2140 
980 975 1397 1579 1648 1763 2157 2067 2000 1688 
1341 1332 1502 1772 1761 1942 2023 1550 1510 1680 
1422 1251 1665 1626 1079 1243 1522 1673 1663 1799 
1877 1392 1534 1950 1497 1746 1563 1534 1858 1705 
2093 1638 1707 1878 1310 1250 1270 1655 1889 1823 
2007 1625 1599 1792 1673 1399 1353 1637 1613 1717 
1768 1696 1755 1911 1509 1604 1512 1451 1628 1831 
1571 1438 1410 1528 1687 1196 1228 1473 1587 1472 
1546 1304 1402 1427 1508 1422 1386 1355 1520 1539 
1314 990 1068 1527 1541 1148 1103 1439 1378 1383 
1522 1734 1146 744 1321 1320 918 1038 1498 1524 
1512 1523 1207 1284 1012 1168 1455 1264 1355 1465 
1631 1672 1426 1370 1249 1318 1160 1204 1762 1670 
1449 1683 1452 1577 1456 1047 1574 1435 1602 1860 
1513 1486 1741 1505 1520 1363 1312 1717 1518 1486 
1739 1317 1465 1517 1514 1287 1449 1620 1475 1892 
1482 1438 1091 1338 1510 1434 1793 1840 1627 1744 
1870 1478 1298 1333 1354 1673 1675 1711 1502 1513 
1508 1467 1061 1254 1823 1922 1499 1333 1417 1339 
1910 1964 2086 1620 1313 1712 1642 1654 1770 1488 
1542 1568 1539 1363 1562 1813 1768 1561 1203 1114 
1702 1967 1904 2148 1655 1385 1854 1584 895 1130 
1639 1712 1601 1620 1835 1254 1203 1600 1287 1095 
1679 1575 1446 1231 1365 1465 1496 1284 1440 1452 
1395 1317 1513 1752 1370 1387 1575 1549 1777 1385 
1422 1533 1561 1071 1085 1570 1655 1489 1593 1730 
1489 1622 1457 1753 1413 1432 1727 1810 1975 2071 
1354 1525 1373 1374 1522 1639 1453 1647 2261 2024 
1432 1431 1590 1683 1739 1708 1819 1674 2129 2206 
1703 1620 1834 1482 1669 1651 1665 1616 1926 2163 
1512 1144 1918 2038 1576 1597 1976 1798 1644 2150 
1756 1701 1661 2052 1675 1428 2009 1617 1051 1579 
1437 1462 1736 1887 1628 1690 1533 1377 1737 1901 
1244 1231 1792 1690 1443 1773 1822 1743 1695 1506 
1113 1129 1926 1925 1548 1880 1404 1533 1751 1532 
1275 1394 1456 1580 1864 1578 1562 1787 1286 1349 
1228 1420 1445 1454 1844 1577 1133 1328 1147 1177 
1234 1396 1468 1466 1735 1655 1565 1643 1567 1264 
1076 923 1553 1837 1462 1261 1670 1527 1326 1342 
1379 1236 1451 1853 1668 1965 1900 1779 1739 1731 
1567 1421 1399 1800 1356 1540 1774 1777 1605 1732 
1401 1476 1220 1657 1929 1740 1489 1460 1648 1394 
1645 2063 1612 1521 1450 1261 1156 1416 1169 1182 
1365 1528 1450 1295 1594 1457 1169 1394 1196 1118 
1442 1261 1546 1151 1243 1548 1384 1389 1583 1492 
1669 1590 1606 1493 1379 1789 1674 1582 1614 1707 
1626 1491 1473 1694 1515 1474 1722 1871 2203 1832 
2069 2103 1509 1384 1917 1883 1939 1769 1923 2190 
2067 1850 1486 1602 1746 1481 1445 1989 2301 1936 
2025 1711 1707 1282 1842 2025 1571 1743 1872 1759 
1846 1687 1768 1630 1674 1730 1431 1417 1746 1523 
1644 1703 1824 1677 1563 1772 1846 1655 1600 1524 
1615 1751 1627 1557 1912 1800 1491 1513 1192 1295 
1380 1805 1576 1776 1983 2246 2164 1924 1882 1719 
1948 2064 1684 1581 1812 1732 1578 1665 1343 1462 
2085 1932 1565 1711 1774 1842 2188 2161 1885 1773 
2258 2168 2022 1991 2249 2115 1799 1568 1495 1341 
2544 2206 2355 1978 1838 1956 1762 1708 1576 1497 
2582 2453 2183 1879 2079 2184 1963 1812 1995 1585 
2195 2272 2084 1914 1927 1810 1898 1764 1394 1283 
1865 2224 2003 1992 2323 1829 1720 1926 1377 1361 
1615 1701 1800 1585 1932 1758 1488 1694 1479 1370 
1417 1164 1756 2049 2245 2376 1778 1596 1251 955 
1793 1739 1919 1922 1681 2313 2016 1289 1451 1147 
1271 1365 1566 1934 1880 1811 1860 1417 1508 1382 
1669 1748 1821 1366 1345 1702 1830 1565 1563 1356 
1211 1250 1169 1693 1564 1580 1532 1411 1253 1225 
1874 1847 1537 1500 1626 1179 1227 1496 1345 1482 
1610 1310 1257 1578 1771 1181 1377 1645 1312 1504 
1890 2021 1469 1514 1707 1668 1227 1511 1884 1575 
2019 1972 1814 1658 1484 1494 1640 1406 1948 1875 
1884 1844 1919 1676 1628 1774 1608 1391 1538 1814 
1880 1808 2309 2246 1499 1551 1722 1988 1674 1783 
1521 1514 1898 2008 1657 1745 1845 1575 1167 1633 
1808 1686 1968 2100 1648 1751 1789 1376 1485 1395 
1408 1424 1357 1541 1709 1849 1850 1706 1493 1471 
1359 1288 1371 1811 1918 1768 1621 1788 2007 1854 
1540 1535 1137 1216 1608 1599 2007 2056 1815 2021 
1464 1089 1299 1602 1592 1595 1829 2165 2227 2255 
2085 1861 1228 1208 1162 1344 1991 1946 2360 2522 
1548 1328 1404 997 1011 1371 1819 2005 1892 2069 
1968 1447 1373 1402 1306 1357 1193 1821 2089 1933 
1847 1790 1485 1381 1101 1275 1390 1422 1653 1830 
1842 1797 1496 1409 1491 1505 1755 1791 1967 1961 
1936 1935 1563 1433 1170 1225 1631 1505 1226 1588 
2006 1634 1666 1679 1230 1236 1703 1780 1607 1958 
2130 1837 2010 1340 1376 1414 1288 1690 1460 1476 
1682 1467 1626 1334 1428 1423 931 1741 1885 1571 
1908 2172 1688 1186 1411 1618 1105 1284 1869 1569 
1417 1562 1656 1468 1455 1664 1617 1674 2251 1908 
1698 1974 1554 1714 1827 1602 1604 1561 2052 2065 
1459 1525 1974 2081 1645 1482 2062 1712 1660 1915 
1667 1564 1898 2064 2087 1594 1671 1787 1393 1730 
1460 1463 1683 2166 1767 1351 1577 1750 1386 1717 
1591 1447 1717 2190 2003 1539 1310 1440 1390 1287 
1293 1165 1367 1909 2100 1455 1364 1667 1744 1682 
1571 1525 1716 1780 1964 1935 1405 1235 1383 1480 
1657 1677 1654 1883 1793 2056 1853 1597 1441 1549 
1525 1937 1764 1505 1701 1945 1464 1367 1516 1456 
1430 1535 1843 1514 1361 1640 1906 1752 1589 1658 
1504 1875 1723 1799 1660 1659 1812 1646 1422 1586 
1476 1771 1923 1739 1398 1249 1425 1560 1606 1693 
1838 1825 1832 1946 1630 1344 1741 1661 1516 1454 
2381 2304 1848 2080 1887 1206 1187 1400 1309 1279 
2288 2017 1894 2059 1996 1518 1295 1287 1287 996 
1731 1937 1631 1617 1816 1742 1467 1085 1287 1403 
2070 2206 1773 1527 1728 1579 1346 1503 1749 1460 
1710 1531 1504 1324 1684 1900 1767 1751 1548 1566 
1959 1815 1477 1625 1553 1285 1681 1699 1308 1544 
1895 2095 1394 1585 1704 1313 1357 1643 1250 1328 
1862 1883 1796 1546 1301 1288 1446 1381 1405 1291 
1855 1932 1707 1570 1617 1529 1164 1192 1308 1161 
1787 1734 1676 1376 1160 1170 1197 1189 973 927 
2020 2031 1647 1502 1856 1531 1378 1244 1190 1328 
1844 2108 1819 1848 1705 1387 1440 1669 1454 1296 
1288 1544 1940 1912 1940 1746 1427 1354 1400 1061 
1801 1678 2185 2078 1706 1686 1735 1595 1621 1539 
1338 1262 1476 1667 2020 1997 2063 1720 1151 1396 
1474 1599 1611 1472 1868 1894 1666 1741 1705 1460 
1557 1522 1184 1703 1923 1804 1616 1617 1505 1166 
1686 1641 1338 1447 1983 1745 1341 1524 1435 1120 
1698 1463 1576 1917 2046 1772 1534 1445 1125 986 
1972 2295 1938 1836 1488 1793 1734 1118 933 1021 
1784 1922 1881 1688 1511 1482 1749 1549 1068 1166 
1413 1566 1594 1445 1352 1837 1474 1314 1466 1328 
1825 1746 1559 1502 1750 1264 1483 1843 1705 1468 
1586 1290 1098 1248 1678 1453 1151 1643 1861 1665 
1859 1579 1354 1313 1454 1222 1395 1522 1731 1704 
1635 1745 1484 1236 1424 1611 1518 1909 1671 1738 
1788 1589 1611 1515 1309 1356 1186 1384 1896 1892 
1859 1708 1468 1171 1507 1497 1773 1726 1576 1776 
1548 1289 1411 1686 1638 1481 1099 1340 1570 1429 
1746 1388 1363 1412 1319 1538 1732 1398 1288 1492 
1595 1225 1098 1437 1892 1733 1452 1602 1565 1428 
1880 1579 1417 1488 1712 1381 1263 1844 1627 1159 
1911 1911 1561 1594 1993 1848 1716 1607 1623 1722 
1583 2111 1753 1562 1633 1758 2084 1777 1267 1218 
1587 1526 1758 1831 1957 1790 1951 1581 1552 1787 
1477 1385 1345 1654 2007 2085 2192 2107 1759 1689 
1817 1399 1444 1732 1837 1672 1497 1845 1927 1461 
1255 1115 1161 1425 2000 2201 2140 1950 2105 1899 
1773 1798 2180 1634 1467 1756 1832 1683 1508 1476 
1600 1370 1999 1590 1474 2142 2164 1885 1588 1556 
1953 1873 1727 1758 1552 1726 1816 1613 1391 1497 
1306 1591 1339 1780 1743 1704 1936 1903 1912 1645 
1735 1734 1561 1642 1505 1319 1671 1608 1801 1804 
1382 1159 1292 1303 1243 1360 1388 1453 1725 1524 
1327 1005 1419 1449 1425 1528 1439 1432 1498 1711 
1280 1298 1246 1249 1531 1452 1104 1343 1166 1220 
1235 1262 1573 1798 1597 1523 1521 1560 1352 1380 
1587 1675 1578 1526 1556 1701 1506 1626 1634 1480 
1524 1396 1581 2109 1785 1769 1499 1346 1574 1388 
1918 1668 1547 2066 1981 1539 1298 1328 1531 1332 
1911 1715 1666 1845 1626 1582 1577 1345 1334 1608 
1935 1692 1606 1791 1635 1799 1905 1318 1521 1332 
1692 1732 1611 1817 1840 1618 1790 1596 1480 1406 
1427 1782 1668 1737 2226 1848 1450 1599 1408 1246 
1746 1844 1996 1705 1948 2065 1523 1526 1472 1201 
1469 1527 1759 1590 1850 2181 1615 991 939 1132 
1761 2020 2451 1987 1346 1931 1663 1184 1478 1281 
1267 1579 1959 1643 1355 1934 1494 952 1164 1202 
1611 1548 2014 2118 1750 1717 1688 1508 1459 1424 
1770 1658 1370 1778 1819 1588 1503 1271 1244 1224 
1525 1688 1332 1570 2015 1542 1689 1859 1608 1882 
1631 1964 1783 1508 1841 1656 1716 1986 1742 1536 
1545 1985 1882 1702 1467 1659 1635 1699 2083 2121 
1441 1549 1914 1628 1283 1677 1562 1509 2087 2081 
1817 1241 1893 2076 1247 1472 1734 1318 1779 1929 
2126 1641 1696 1846 1499 1316 1350 1231 1430 1497 
1916 1883 1576 1687 1379 1188 1828 1345 755 1315 
1624 2101 1259 1523 1785 776 1321 1468 822 1132 
1798 1865 1751 1801 1723 1232 1614 1799 1425 1482 
2130 1557 1259 1786 1531 1006 1269 1837 1651 1710 
1751 1476 1263 1433 1733 1720 1712 1989 2407 2284 
1768 1668 1726 1801 1663 1672 1752 1950 2075 2355 
1416 1742 1871 1591 1803 2263 1714 1745 2166 2064 
1450 1479 2000 1762 1805 2019 1801 1656 1707 1731 
1424 1642 1952 1636 2116 2588 1885 1700 1683 1633 
1295 1574 2021 1606 1833 2285 2064 1862 1254 1299 
1508 1779 1540 1630 2069 1947 1599 1833 1558 1156 
1713 1628 1886 1833 1996 1614 1591 1830 1712 1456 
1504 1448 1259 1630 1825 1416 1418 1868 1497 1455 
1763 2131 1977 1827 1534 1924 1635 1408 1815 1596 
1640 1668 1603 1851 1341 1384 1923 1501 1387 1788 
1893 2062 1621 1832 1982 1833 1805 1530 1454 1245 
1610 1361 1485 1581 1797 1669 1815 1691 1400 1530 
1391 994 1140 1393 1822 1683 1670 1963 1566 1266 
1250 1015 1232 1008 1165 1700 1486 1409 1676 1415 
1518 1253 1161 1220 1451 1181 1409 1938 2048 1799 
1542 1565 1271 1303 1145 1010 1507 1636 1788 2010 
1556 1708 1459 1748 1559 1229 1234 1854 2021 2316 
1828 2038 1653 1436 1329 1350 1207 1479 2081 2277 
1811 1597 1411 1278 1303 1425 1141 1495 2232 2244 
1443 1359 1130 1199 1647 1410 1119 1519 1991 2267 
1826 1847 1789 1342 1418 1251 1479 1858 1863 1915 
1419 1257 1414 1486 1788 1628 1690 1837 1767 2062 
2243 2128 2020 1890 1751 1817 1824 1684 1566 1530 
2153 2064 1772 2081 1976 1855 2032 1658 1429 1534 
2118 2057 2102 2172 1943 2034 2179 1488 1430 1469 
2415 2404 2390 2308 1760 1673 1812 1871 1841 1707 
1677 1694 2037 1942 2168 2044 1707 1751 1834 1635 
1762 1786 2172 1761 1675 1789 1418 1459 1514 1331 
1553 1344 1832 1706 1888 1808 1357 1437 1041 1382 
1714 1455 1723 1853 1399 1917 1673 1676 1376 1177 
1576 1670 1573 2004 2001 1848 1436 1170 1287 1038 
1638 1706 1773 1555 1542 2032 2077 1597 1702 1762 
1922 2073 1801 1728 1677 2240 2059 1641 1650 1697 
1595 1863 1941 1635 1665 1666 1944 1904 1903 1896 
2033 2229 2182 1895 1659 1666 1882 1790 1696 1759 
2186 2081 1605 1545 1698 1559 1318 1584 1664 1644 
2157 1622 1508 1792 1740 1664 1486 1425 1639 1450 
2157 1889 1600 1745 1627 1527 1461 1596 1386 1253 
1882 1706 1865 1586 1624 1722 1467 1587 1789 2056 
1955 1628 1883 1486 1481 1738 1822 1943 1914 1690 
2064 2003 1591 1673 1613 1858 1862 1918 2058 2381 
2230 2143 1827 2017 1677 1994 2180 2147 2031 2173 
2191 2116 1614 1832 1801 1668 1901 1681 1779 1943 
1877 2250 1859 1694 1855 1844 2052 2035 1903 1843 
1682 2052 2134 1732 1603 2023 1862 1845 2166 2168 
1287 1373 2084 1878 1599 1536 2177 2069 1463 1769 
1488 1572 2185 2000 1905 1697 1414 1880 1913 1772 
1281 1233 1751 2156 1454 1491 1757 1206 1424 1646 
2171 2158 1799 1782 1893 1477 1607 1476 1065 919 
1620 1447 1584 1772 1468 1842 1883 1194 1286 1412 
2055 1616 1952 2249 1340 1434 2054 1555 1092 1334 
1866 1350 1333 1886 1830 1530 1846 1993 1761 1656 
2608 1830 1511 1718 1650 1581 1517 1756 2219 2118 
2066 1344 1209 1494 1785 1804 1681 2105 1857 1771 
2369 2456 1883 1602 1368 1571 1613 1578 1848 2049 
1436 1779 1857 1358 1179 1357 1942 1800 1455 2029 
1418 1628 1793 1648 1450 1240 1648 2099 1759 1944 
1218 1627 1584 1845 1801 1489 1757 1795 2124 2140 
1330 1570 1823 1666 1656 1190 1431 1869 1775 1952 
1448 1822 1569 1610 1891 1613 1550 1473 2097 2148 
1590 1745 1857 1507 1358 1663 1594 1819 1968 2247 
1890 1512 1425 1442 1448 1748 1477 1539 1847 2142 
1962 1772 1660 1376 916 1473 1681 1803 1848 1993 
2010 1272 1726 1808 957 1476 1715 1852 2019 2022 
2119 1878 1524 1438 1323 1609 1876 2044 2168 2208 
2035 1788 2003 1703 1454 2045 1803 1895 2455 2084 
2084 1855 1952 1481 1634 1989 1987 1857 2452 2300 
2283 2340 2374 1689 1600 1876 2076 1834 2064 2156 
1727 1621 1868 1674 1545 1357 1768 1997 1915 2039 
2052 1903 1913 2116 1698 1355 1852 1808 1813 2060 
1343 1343 1247 1596 1761 1334 1821 1698 1463 1804 
1627 1605 1450 1420 1657 1784 1511 1849 1894 1891 
1276 1358 1250 1375 1592 1567 1738 1686 1661 1858 
1308 1348 2058 1645 1315 1610 1572 1813 2038 1587 
1595 1383 1849 1871 979 1616 1905 1331 1803 1961 
1247 1124 1572 1994 1348 1653 1840 1674 1885 2100 
1599 1613 1583 1841 1808 1602 1519 1533 1842 1799 
1355 1334 1415 1929 1663 1187 1368 1854 1676 2024 
1661 1534 1474 1834 2113 1406 1275 1747 1326 1487 
1534 1672 1451 2018 1911 1261 1056 1328 1219 1202 
1585 1656 1815 2012 1890 1452 1264 1205 1213 1367 
1705 1841 1795 2038 2080 1420 1196 1162 1216 1065 
1296 1698 1603 1549 1779 1766 1490 1454 1396 1361 
1404 1575 1659 1437 1852 2132 1631 1462 1597 1708 
1115 1417 1623 1695 1557 1867 1931 2056 1859 1897 
1224 1240 1546 1662 1562 1878 1723 1707 2194 1842 
1052 969 1183 1733 1783 1755 1654 1734 2145 1878 
1253 1202 1436 1646 1957 2028 1683 1423 1983 1889 
941 1099 1309 1404 1662 1918 1566 1359 1612 1528 
1612 1792 1588 1519 1952 2011 1635 1668 1680 1512 
1655 1845 1372 1591 1823 1635 1351 1392 1323 1495 
1800 1793 1617 1547 1835 1234 1523 1715 1302 1286 
1533 1312 1901 1750 1799 1685 1583 1406 1372 1496 
1872 1587 1939 1908 1417 1555 1861 1454 1371 1640 
1302 1159 1578 1755 1409 1729 1809 1498 1603 1317 
1652 1772 1443 1998 1830 1396 1711 1537 1626 1851 
1404 1660 1721 1758 1687 1628 1514 1944 1900 1647 
2039 1838 1867 1858 1751 1417 1097 1531 1840 1922 
1933 1958 1882 1858 2041 1512 1152 1409 1741 1631 
1789 2232 2018 1363 1628 1560 1156 1235 1417 1957 
1865 2151 2135 1567 1821 1935 1437 1338 1640 1602 
2026 2145 1780 1269 1321 1750 1304 1003 1117 1091 
1693 1368 1630 1414 1188 1528 1693 1465 1308 1538 
1604 1698 1310 1247 1643 1618 1576 1652 1250 846 
1510 1791 1785 1518 1797 1883 1841 1543 1712 1370 
1499 1400 1592 1567 1605 1580 1696 1842 1725 1628 
1706 1464 1621 1759 1634 1742 1888 1830 1846 1360 
1573 1374 1713 2033 1627 1933 2014 1442 1151 1595 
1712 1779 1600 1787 1731 1509 1477 1608 1432 1504 
1521 1729 1852 1741 1938 2000 1685 1598 1869 1732 
2100 2217 2166 1817 1887 2169 1568 1608 1635 1265 
1855 1927 1969 1725 1559 1927 1517 1556 2005 1769 
1906 1801 2083 1995 2132 2244 1803 1361 1766 1676 
2152 2009 1839 1524 1440 1437 1513 1701 1679 1557 
2152 1903 1447 1291 1662 1717 1555 1765 1928 1872 
1660 1852 1407 1189 1518 1490 1559 2030 2080 1979 
1495 1946 1680 1075 1197 1411 1510 1797 1876 2088 
1265 1267 1470 1033 1180 1399 1627 1982 2077 2085 
1167 796 1515 1576 1266 1662 1758 1447 1746 1847 
1411 901 1340 1988 1556 1367 1324 1613 2040 1682 
1261 1041 1218 1500 1876 1826 1488 1382 1813 1813 
1615 1422 1694 2157 2015 2023 2021 1806 1839 1920 
1181 1554 1511 1780 1961 2166 2047 1664 1560 1855 
1603 2018 2380 2151 1824 1740 2169 1730 1481 1862 
1447 1903 2030 1733 1735 1939 1905 2049 2123 1996 
1470 1491 1801 2039 1888 1662 1356 1743 2054 1766 
1706 1687 1907 1929 2013 1666 1380 2109 2409 2138 
1393 968 1758 1940 1419 1349 1367 1486 1874 2078 
1889 1484 1441 1736 1559 1604 1815 1663 1424 1872 
1923 1305 1338 1654 1339 1639 1686 1387 1658 1986 
1898 1323 1270 1555 1416 1329 1747 1535 1417 1864 
2044 2074 1627 1145 1590 1443 1181 1900 1829 1619 
1356 1482 1608 1280 1097 1673 1578 1559 1646 1731 
1379 1653 1518 1317 1334 1247 1162 1290 1406 1476 
1210 1337 1544 1873 1253 1353 1661 1207 1133 1315 
1188 1210 1273 1542 1510 1054 1060 1157 1067 921 
1037 1066 1474 1649 1520 1335 1470 1299 1252 1236 
1072 1329 1520 1597 1586 1458 1338 1275 906 1084 
1051 1140 1763 1565 1530 2114 1908 1702 1463 1230 
1127 1014 1579 1879 1473 1978 1868 1145 1305 1165 
1577 1598 1477 1891 1954 1552 1796 1621 1507 1091 
1335 1603 1410 1376 1722 1737 1653 1613 1076 953 
1847 1901 1766 1495 2056 1741 1326 1516 1101 910 
1028 1294 1582 1337 1484 1756 1407 1693 1283 1356 
1411 1638 1905 1532 1648 1864 1240 1746 2008 1646 
1227 1495 1521 1324 1400 1688 1874 1849 1960 1920 
1106 1274 1548 1795 1567 1605 1545 1785 1982 1909 
1671 1983 1664 1465 1408 1462 1438 1207 1734 1758 
1003 1181 1484 1459 1405 1551 1589 1300 1564 1726 
1483 1493 1810 1714 1472 1715 1453 1460 1570 1796 
1247 1237 1408 1196 1158 1606 1730 1804 1999 2279 
948 688 1373 1674 1578 1741 2201 2178 2207 2243 
1421 1267 1339 1743 1637 1285 1475 1973 2175 2104 
1032 1095 1202 1523 1798 1845 1702 2022 2419 2161 
1770 1537 1547 1534 1624 1563 1537 1727 2043 2081 
1692 1793 1366 1188 1924 2172 1505 1586 1942 1651 
1661 1794 1544 1273 1492 1466 1343 1256 1477 1772 
1260 1541 1327 1386 1641 1365 1304 1697 1659 1826 
1448 1626 1431 1450 1256 1086 1477 1401 1262 1456 
1294 970 1196 1177 1061 1140 1513 1508 1287 1490 
1838 1411 1508 1685 1255 1593 1557 1265 1317 1669 
1746 1533 1504 1665 1050 1239 1582 1528 1466 1580 
2292 2060 1715 1662 1610 1500 1532 1275 1547 1272 
2083 1932 1518 1610 1553 1330 1700 1589 1578 1726 
2049 1982 1888 1648 1743 1659 1235 1447 1482 1472 
1964 1775 2218 1814 1283 1693 1489 1195 1462 1233 
1739 1819 1562 1503 1506 1634 1531 983 997 1455 
1719 1737 1909 1854 1575 1426 1558 1453 1150 1407 
1458 1550 1398 1831 1597 1009 1704 2037 1105 1257 
1118 1465 1645 1788 1831 1558 1837 2223 1682 1801 
1741 1759 1316 1599 1745 1256 1517 1778 1993 1886 
996 1132 1488 1588 1970 2362 1978 1872 2151 1891 
1510 1383 1536 1448 1510 1536 1516 1379 1624 1647 
1373 1269 1687 1667 1842 1992 2105 1712 1671 1803 
1476 1412 1358 1447 1661 1722 1902 1545 1077 1259 
1682 1886 1632 1691 1754 1840 1818 1806 1678 1567 
1446 1228 1342 1717 1535 1917 1686 1407 1501 1091 
1821 1654 1679 1754 1516 1738 1575 1419 1369 1201 
1809 1156 1461 1843 1300 1500 1526 1322 1112 1278 
1756 1520 1465 1559 1585 1344 1078 1358 1651 1624 
2003 1745 1871 1377 967 1077 1478 1394 1497 1645 
1680 1715 1091 1464 1734 1350 1268 1743 1759 1805 
1606 1842 1442 1428 1530 1409 1640 1336 1174 1696 
1975 1904 1349 1798 1830 1425 1823 2157 1778 1843 
2250 2091 1727 1693 2045 1894 1847 2173 1734 1431 
2235 1900 2220 1984 1882 2050 1758 2116 2452 2033 
1941 1850 2043 1932 1898 1938 2180 1896 1805 1716 
1870 1952 1960 1778 1936 1823 1894 1597 1717 1734 
1974 1814 1783 1697 1378 1862 2006 1391 1539 1652 
1817 1544 1347 1546 1503 1486 1508 1638 1786 1625 
2131 1812 1748 1658 1754 1585 1395 1480 1547 1378 
1940 1588 1613 1826 1589 1341 1181 1409 1466 1684 
2095 2021 1734 1670 1604 1406 1575 1321 1128 1354 
1584 1569 1919 1697 1458 1559 1616 1245 1575 1779 
1909 2187 2261 1731 1664 1835 1597 1460 1678 1452 
1468 1614 2017 2054 1574 1542 1499 1643 1743 1817 
2225 2436 2015 1965 2283 1956 1750 1830 1467 1395 
1541 1804 2149 1794 2002 1877 1320 1548 1349 1445 
2074 2118 2267 1901 2009 2184 1621 1627 1738 1256 
1984 2320 2006 1738 1900 2547 1856 1324 1824 1605 
2072 1774 1882 2389 2091 2251 2359 1778 1859 1764 
1959 1870 1782 1702 1896 1948 1982 1678 1566 1804 
1796 1593 2137 2189 1840 1796 2061 2124 1969 2119 
1760 2053 2019 1741 1907 1875 1899 1893 1706 1538 
1837 2229 2100 2060 2005 1531 1730 1715 1843 2212 
1701 2333 1980 2162 2364 2066 1827 1959 2176 1783 
1305 2096 2032 1993 2306 2182 2075 1757 1881 2114 
1821 2226 2178 1564 2172 2240 2043 1957 1972 1951 
1808 1656 1989 1583 1598 2464 2183 1942 1839 1863 
2192 2281 1856 1852 1847 2154 1961 1749 1748 1762 
2015 2375 2015 1754 1689 1973 1818 1977 2197 1837 
2495 2575 2161 2048 1851 1966 2078 1780 1895 1900 
2005 2169 1882 1661 1991 1843 2254 1894 1494 1914 
1930 1755 1943 1886 1775 1653 2162 2125 1689 1925 
1545 1398 1932 1818 1419 1637 2060 1899 1645 1967 
1491 1803 1583 1396 1352 1508 1792 1875 1846 1830 
1253 1789 1679 1403 1616 1672 1649 1793 1841 1917 
1702 1853 1488 1300 1560 1425 1493 1905 2009 1862 
1764 1794 1794 2021 1569 1566 1743 1728 1685 1855 
1951 1791 1673 1954 1939 1531 1611 1835 1641 1661 
1685 1770 1790 1805 1982 1917 1653 2005 1867 1701 
2182 2079 1673 1564 2059 1845 1528 1629 1729 1739 
1506 1281 1644 1852 1787 2212 2224 1899 1795 1968 
1850 1348 1541 1904 1529 1764 2237 2017 1702 1957 
1690 1329 1415 1758 1397 1618 2184 2155 1944 2014 
1745 1471 1370 1820 2117 1641 1600 2143 2309 2142 
1828 2024 1691 1572 1900 1630 1493 1897 1875 1700 
2300 2464 1905 1776 1983 1889 1159 1620 1885 1712 
2195 2650 2055 1787 2021 2118 1652 1242 1415 1826 
1965 2059 2402 2100 1768 1610 1495 1397 1141 1162 
2017 1781 2181 2113 1553 1787 1745 1162 1118 1299 
1531 1485 1886 1773 1533 1671 1764 1092 851 1072 
1657 1540 1454 1594 1272 1285 1449 1098 1267 1025 
1349 1578 1224 1145 1589 1414 1322 1239 1387 1156 
1530 1724 1726 1347 1360 1231 1298 1521 1192 961 
1173 1273 1698 1635 1089 1344 1432 1015 1055 1189 
1590 1631 1947 1484 1449 1335 1726 1666 691 1057 
1355 1528 1329 1904 1816 1509 1390 1648 1380 1213 
1656 1969 1547 1401 1742 1643 1398 1697 1782 1496 
1266 1106 1499 1538 2038 1742 1127 1700 1978 1551 
1805 1711 1613 1201 1131 2035 1514 1363 2063 1723 
1651 1406 1356 1690 1695 1724 1816 1629 1635 1877 
1539 1674 1483 1085 1525 1808 1970 2021 1716 1854 
1650 1377 1764 1974 1769 2115 2201 2026 1755 1617 
1580 1233 1321 1606 1729 2116 2192 1574 1854 1561 
1268 900 1612 2276 1914 1914 2402 1901 1668 1441 
1639 1505 1410 2178 1909 1842 2539 1758 1417 1346 
1090 1213 1378 1814 2001 1794 2165 1900 1186 1489 
1825 1963 1780 1712 1958 1961 1960 1915 1785 1825 
1290 1530 1630 1331 1921 1569 1480 1963 1921 1713 
2069 1943 1882 1610 1983 1791 1313 1799 2002 1791 
1740 1885 1334 1774 1729 1355 1492 1591 1783 1763 
1881 1982 1623 1392 1823 1688 1633 1630 1497 1729 
1397 1676 1599 1242 1576 1988 1935 1737 1552 1719 
1695 1894 1692 1069 1670 1995 1721 1957 1814 1500 
1352 1086 1296 1472 1462 1958 1411 1613 1810 1605 
1973 1700 1638 1754 1715 1779 1914 1782 1785 1412 
1277 1303 1450 1323 1297 1804 1851 1466 1687 1710 
1864 2144 1857 1755 1608 1715 2049 1625 1180 1571 
1579 1983 1754 1603 1806 1406 1759 2088 1807 1982 
1771 1921 1807 1681 1775 1435 1259 1532 1385 1290 
1766 1837 1501 1760 1659 1205 1561 2080 1915 1978 
1889 1637 1620 1680 1731 1527 1448 1433 1755 1642 
1706 1599 1605 1502 1295 1156 1345 1587 1871 1910 
1564 1684 1964 2064 1509 1503 1853 1594 1699 1920 
1660 1939 2078 1710 1480 1807 1716 1486 1723 1966 
1780 1969 1689 1699 1909 1935 1855 1830 1781 2324 
2121 1938 1870 1840 2141 2113 1670 2124 2318 1939 
1863 1454 1403 1832 1958 1791 1574 2066 2333 2090 
1682 1989 1592 1729 2055 1663 1631 2125 2417 2208 
1317 1609 1766 1278 1576 1964 1983 1692 1870 2024 
1611 1909 1705 1422 1669 1944 1691 1352 1497 1711 
1243 1204 1557 1404 1229 1461 1793 1531 1725 2016 
1531 1646 1266 1585 1378 1535 1713 1631 1348 1357 
1209 1421 1211 1436 1384 1071 1028 1518 1782 1655 
1325 1312 1364 1144 1398 1595 1503 1393 1560 1617 
1562 1563 1024 1277 1526 1456 1100 1531 1635 1429 
1805 1522 1184 1162 1706 1692 1286 1137 1518 1452 
1696 1456 1220 1550 2046 1581 1355 1499 1589 1447 
1605 1477 1558 1579 1536 1839 1479 1279 1406 1407 
1721 1904 1828 1404 1596 2314 2085 1585 1631 1734 
1319 1505 1938 1878 1235 1524 1783 1581 1735 1900 
1640 1848 1858 1782 1918 1646 1976 2171 2048 2354 
1558 1530 1775 1555 1630 1359 1338 1954 2198 2089 
2121 2007 1610 1558 1738 1754 1749 1864 2285 2564 
1063 1419 1702 1419 1403 1982 1770 1512 1835 1887 
1485 1666 1963 1939 1472 1781 1747 1715 1924 2085 
1276 1631 1456 1621 1706 1995 2101 1792 1851 1972 
1472 1667 1956 1724 2116 1958 2115 2060 1740 1662 
1777 1900 1970 2065 2136 2113 1669 1843 1561 1569 
1821 2103 2055 1577 1626 1900 1796 1738 1196 1385 
1924 1774 2398 2113 1888 1697 1833 1838 1318 1154 
2044 2108 2113 1973 1621 1512 1660 1743 1441 1388 
2031 1970 2072 1867 1743 1496 1584 1614 1687 1394 
1760 1504 1682 1954 1839 1469 1310 1743 1923 1836 
1806 1962 1749 1508 1511 1838 1429 1338 1883 1629 
1595 1504 1948 1566 1331 1685 1842 1540 1681 1950 
1675 1480 1856 1423 1129 1914 1947 1457 1612 1741 
1843 1619 2083 2028 1249 1668 2258 1575 1493 1659 
1594 1287 1574 1918 1290 1433 1911 1696 1456 1543 
2210 2015 1808 2404 1805 1421 1848 1701 1453 1272 
1722 1733 1294 1697 1864 1315 1589 1661 1510 1501 
1884 1846 1718 1683 1872 1671 1335 1294 1186 952 
1636 1631 1321 1274 1387 1377 1493 1493 1370 1469 
1459 1469 1369 1222 1693 1575 1287 1228 1150 762 
1641 1526 1646 1338 1214 1396 1206 1052 1206 1033 
1344 1163 1518 1838 1835 1362 1608 1811 1437 1301 
1844 1677 1792 1668 1307 1498 1594 1476 1627 1707 
1501 1172 1309 1761 1693 1714 2116 2079 2178 2349 
1557 1374 1236 1422 1463 1557 1695 1946 2324 2534 
1264 1315 1165 1273 1378 1427 1897 2204 2218 2585 
1560 1634 1166 1011 1301 1193 1583 2121 1799 2158 
1774 1677 1377 1309 1363 1515 1573 1886 1957 1965 
1848 1585 1454 1729 1360 1353 1701 1596 1522 1467 
1822 1831 1535 2092 1956 1462 1495 1882 2148 1822 
1980 1817 2038 1876 1959 1611 1734 1711 1420 1436 
2202 1647 1810 2102 1787 1412 1559 1750 1484 1205 
2006 1887 1276 1640 1852 1888 1868 1275 1105 1543 
1691 1678 1744 1959 2274 1877 1594 1753 1426 974 
1424 1508 1570 1387 1810 1929 1548 1593 1891 1589 
1014 1032 1662 1729 1633 1958 2076 2025 1866 1544 
1261 1273 1715 1552 1624 2117 1879 1798 2251 2038 
998 1451 1329 1620 1761 1992 2077 1525 1723 2224 
1612 2157 1857 1321 1520 2058 1953 1697 1761 1852 
1283 1478 1496 1447 1620 1903 1640 1429 1647 1667 
1800 2012 1876 1719 1578 1526 1626 1343 1292 1267 
1175 1183 1402 1461 1434 1426 1394 1642 1684 1433 
1383 1357 1349 1597 1736 1221 1566 1684 1456 1565 
1049 804 1465 1182 1058 1389 1735 1765 1789 1946 
1461 1033 1385 1620 1362 1541 1561 1721 1883 1818 
1265 1248 1439 1374 975 1515 1547 1588 1671 1846 
1445 1435 1385 1667 1411 1415 1190 1584 2120 1857 
1918 2095 1947 1721 1563 1830 1846 1657 2215 2005 
1536 1336 1780 1869 1564 1812 1839 1603 1800 1975 
1881 1719 1985 1911 1922 2112 1821 1589 1843 1927 
1667 1617 1950 1930 2022 1895 2138 1932 1913 2173 
1497 1295 1627 2008 1820 1672 2115 2310 1933 1860 
1794 1885 1284 1531 2292 2139 1644 2006 2042 1738 
1749 1475 1696 1854 1668 2232 1736 1433 1767 1625 
1994 1518 1578 1820 1573 1886 2021 1322 1506 1434 
1715 1404 1726 1841 1536 1675 1972 1493 981 1049 
1869 1551 1831 1843 1514 1320 1900 1828 1071 1160 
1433 1402 1824 1669 1763 1699 1669 1891 1580 1496 
2050 2264 1801 1710 1873 1455 1520 1674 1406 1243 
1793 1860 1516 1489 1834 1417 1254 1351 1546 1302 
1924 1840 1524 1971 2104 1629 1292 1558 1338 1245 
2165 2211 1742 1834 1640 1037 1210 1254 1078 1018 
1789 1522 1670 1521 1248 1401 1452 1431 1302 1392 
1684 1480 1777 1303 1270 1491 1374 1344 1452 1544 
1733 1602 1920 1462 1201 1513 1517 1344 1467 1251 
1625 1748 1617 1710 1845 1587 1326 1616 1652 1807 
1608 1809 1961 1859 1584 1573 1611 1847 1733 1793 
1950 1914 1850 2095 1874 1848 1607 1998 2232 1888 
1840 1795 1772 1894 1876 1884 1784 1651 2287 2414 
2271 2300 1791 1688 2077 1800 1678 1825 2064 2111 
1980 1912 1472 1600 1791 1529 1420 1478 1925 2097 
1853 1632 1813 1447 1579 1644 1774 1422 1562 1689 
2159 1765 1744 1635 1221 1359 1242 1333 1056 1159 
1991 1760 1610 1802 1344 1710 1510 1196 1363 1273 
1779 1639 1500 2090 1521 1164 1571 1418 1174 1283 
1781 1952 1861 2007 1775 1700 1859 1568 1578 1468 
1844 1683 2264 1858 1479 1779 2168 1584 1327 1759 
1649 1690 1872 1338 1664 2053 1578 1682 1872 1930 
1484 1678 2137 1413 1290 2120 2135 1604 1558 1669 
1568 1505 1628 1647 1556 1280 1627 1744 1349 1272 
1961 1888 1579 1291 1475 1419 1421 1498 1296 1132 
1634 1548 1351 1522 1541 1557 1459 1362 1087 657 
2023 1930 1609 1663 1592 1515 1384 935 1395 1068 
1933 1772 1629 1519 1422 1819 1520 1260 1327 1024 
2048 1754 1522 1717 1860 1779 1546 1482 1616 1229 
1729 1403 1556 1799 1715 1952 1720 1210 1302 1412 
1578 1401 1549 1661 1481 1799 2334 1756 1520 1633 
1507 1303 1573 1839 1371 1659 2015 1373 1441 1443 
1270 1093 1244 1715 1406 1556 1963 1874 1414 1495 
1248 1271 1471 1777 1980 1693 1246 1645 1784 1573 
1347 1382 1482 1693 1778 1411 1351 1537 1314 1288 
1590 2006 1286 1499 2302 1829 1449 1573 1231 1089 
1354 1818 1697 1901 1992 1905 1392 1018 998 1043 
1454 1515 1773 1843 2070 1719 1700 1632 1214 1040 
1820 1742 2020 2087 1606 1821 1330 1183 1140 1005 
1907 1568 2084 2288 1783 1805 1777 1740 1750 1096 
2358 2427 2167 2225 2070 1950 1813 1271 1455 1596 
1855 2189 1900 2022 2289 1994 1779 1631 1653 1585 
2407 2600 2181 1824 2118 2014 1845 1601 1703 1633 
1778 2066 1807 1600 1875 1943 1797 1537 1624 1997 
1789 2248 1947 1618 1674 1732 1701 1982 2245 1995 
1356 1898 1708 1331 1612 1385 1425 1672 1766 1873 
1308 1622 2074 1727 1737 1452 1317 1751 2123 2201 
1008 1358 1849 1521 1305 1312 1357 1523 1751 1764 
876 1048 1743 1933 1250 1568 1515 1130 1546 1889 
1202 1257 1606 1759 1377 1367 1716 1487 1278 1668 
1271 1082 1498 2026 1691 1470 1504 1364 1352 1608 
1549 1683 1661 1539 1499 1656 1502 1525 1367 1600 
1357 1449 1748 1688 1539 1409 1268 1619 1793 1367 
1267 1472 1648 1215 1846 1809 1391 1402 1640 1712 
1520 1568 1844 1474 2017 1566 1222 1813 1881 1806 
1228 1333 1427 1473 1587 1638 1773 1765 1740 1957 
1520 1658 1777 2072 1916 1741 1936 2181 2116 2108 
1463 1402 1673 1594 1296 1860 1845 1442 1798 1818 
1488 1357 1640 1558 1697 2092 1853 1643 1930 2312 
1811 1940 1949 1357 1328 1818 1615 1720 1947 1900 
1708 1977 1912 1446 1008 1403 1749 1593 1780 2129 
1859 2035 1935 1737 1013 1099 1377 1462 1636 1743 
1945 2167 2031 1771 1358 1557 1575 1311 1729 2109 
1707 1447 1943 1819 1519 1476 1538 1525 1570 1538 
1874 1598 1584 1623 1973 1818 1441 1634 1620 1550 
1793 1499 1446 1920 1847 1477 1462 1790 1616 1598 
2069 1866 1807 1790 2106 1894 1656 2031 1843 1587 
1990 1921 2032 1914 1300 1796 1710 1343 1332 1644 
2246 2606 2295 2092 1860 1992 1807 1576 1584 1435 
2060 2116 2209 2180 1767 1783 1748 1287 1593 1689 
2391 2282 2127 2107 2077 1910 2202 1800 1257 1107 
1912 1727 2288 2313 2372 2156 1807 1725 1417 1202 
1894 2120 2082 1952 1970 1981 2051 1894 1393 1363 
1679 2042 1890 1680 2141 1888 1989 1861 1492 1138 
1834 1893 1781 1859 2195 2040 1799 1681 1864 1680 
1846 2070 1605 1848 1957 1543 1430 1724 1640 1420 
1684 1675 1797 2072 2107 1725 1441 1829 1678 1615 
1901 1592 1919 2154 1712 1583 1647 1648 1409 1581 
1707 1605 1428 1770 1686 1382 1967 1820 1659 1982 
1628 1743 1415 1229 1633 1484 1737 1806 2029 1707 
1591 1450 1165 1144 1473 1704 1746 1830 2062 2248 
1178 1017 1196 1400 1602 1997 1829 2074 1746 1658 
1451 1282 1399 1470 1808 2207 1939 1846 2056 2089 
1190 1348 1445 1637 1836 2095 2268 1697 1218 1121 
1342 1676 1429 1683 2124 1776 1739 1888 2069 1728 
953 1429 1347 1580 2097 1873 1820 2097 1556 1515 
1618 1426 1596 1658 1860 1867 1080 1764 2384 1826 
1724 1641 1150 1519 1721 1678 1576 1792 1914 2075 
1817 1736 1672 1202 1413 1815 1655 1667 2016 1896 
1940 1850 1730 1425 1510 1804 1767 1130 1479 1887 
1915 1748 1850 1678 1375 1130 1818 1814 1791 1876 
1700 1346 1625 1579 1342 1481 1951 1709 1558 1479 
1850 1323 1747 2317 1588 1333 1805 1636 813 1435 
1681 1635 1351 1730 1674 1530 1537 1747 1560 1666 
1619 1826 1547 1957 2287 1479 1602 2098 1687 1651 
1863 2150 1611 1588 2042 1699 1635 2016 1693 1660 
1950 2110 1640 1881 2254 1912 1676 1943 2010 1906 
1851 1637 1820 1904 1931 2136 1869 1618 1648 1634 
1981 1737 1819 1811 1896 2453 2242 1941 2030 1945 
1525 1412 1510 1521 1966 1888 1845 1999 2162 1747 
1851 1964 2101 1590 1771 1953 2091 1765 1630 1716 
1225 1509 1317 1377 1308 1034 1676 1821 1255 1494 
1771 1922 1797 1641 1184 1222 1572 1297 1205 1248 
1507 1244 1937 1693 1047 1076 1528 1357 1027 1158 
1941 1765 1975 1465 1212 1667 1522 1220 1337 1124 
1676 1631 1649 1768 1715 1840 1763 1596 1485 1550 
2000 1799 1594 1766 1874 1961 2047 1893 1505 1483 
1703 1473 1307 1620 1925 1733 1848 1855 1571 1241 
1327 902 1640 1780 1445 2184 2087 1508 1409 1326 
1403 1440 1713 1913 1674 1943 2144 2065 1820 1288 
1695 1663 1638 1537 1440 1380 1897 1741 1609 1490 
1720 1564 1333 1908 1857 1456 1694 2072 1690 1319 
1807 2014 1354 1634 1700 1325 1232 1443 1639 1783 
1463 1354 1468 1809 1564 1101 1141 1484 1552 1310 
1364 1281 1531 1254 1419 1646 1412 1394 1555 1769 
1275 1257 1786 1855 1564 1538 1662 1642 1962 1891 
1094 1400 1373 1399 2016 1664 1596 1688 1707 1883 
1023 1367 1545 1731 1968 1797 1388 1779 1939 1658 
1582 1571 1458 1773 1909 1547 1254 1266 1339 1528 
1329 1214 1381 1595 1765 1473 1611 1366 1167 1179 
2146 1930 1841 1565 1567 1705 1409 1042 1572 1583 
1852 1680 1591 1597 1482 1710 1796 1508 1477 1442 
2095 2149 2049 1838 1716 1761 1341 1511 2066 1874 
1669 1595 2260 2003 1535 1893 1825 1806 2020 2135 
2294 2175 2122 2093 1620 1632 2032 1928 1588 2023 
1779 1811 1412 1848 1716 1773 1751 1867 1902 2267 
1946 2239 1702 1769 1775 1632 1454 1618 1459 1599 
1786 2198 1927 1721 1981 1369 1343 1628 1613 1617 
1560 1916 2236 2041 1802 1649 1449 1328 1118 1089 
1746 2004 2137 2049 2045 1686 1505 1710 1696 1752 
1657 1819 1831 1819 1980 1874 1891 1587 1436 1414 
2053 1826 2092 2171 2052 1916 1664 1565 1749 1473 
1513 1495 1691 1988 1528 1594 1797 1386 1452 1701 
1579 1559 1981 1798 1526 1581 1545 1503 1544 1289 
1311 988 1352 1521 1298 1864 1291 1015 1300 1236 
1014 955 1097 1521 1716 1699 1515 1727 1668 1537 
1542 1688 1406 1603 1914 1587 1575 1879 1610 1713 
1393 1527 1244 1332 1588 1658 1939 1931 1695 1608 
1949 1875 1684 1613 1992 1850 1888 1795 1722 1878 
1669 1621 1484 1236 1588 1809 1324 1738 1997 1528 
1813 1535 1539 1574 1289 1635 1399 1598 1771 1715 
1982 1765 1671 1698 1813 1507 1193 1713 1789 1322 
1348 1353 1494 1348 1318 1512 1428 1581 1792 1826 
1870 1916 1676 1578 1784 1546 1294 1365 1568 1440 
1339 1273 1351 1418 1481 1257 1568 1316 1375 1590 
2129 2083 1462 1003 1589 1304 1248 1570 1535 1715 
1588 1402 1442 1439 1354 1639 1767 1603 1711 1741 
2385 2251 1982 1739 1772 1590 1793 1932 1880 1934 
1961 1969 1906 1923 1533 1907 2189 1856 2053 2160 
1801 1864 1794 1733 1525 1645 2213 2053 2089 2213 
1478 1813 1748 1116 1464 1956 2072 2178 2144 2265 
1134 1396 1665 1510 1279 1597 1946 1838 2122 2146 
1548 1534 2089 1687 1423 1479 1518 1653 1875 2000 
1775 1980 1829 2169 1275 1392 1745 1620 1852 1824 
1828 2109 2043 2094 1759 1499 1515 1311 1280 1340 
2291 2493 2126 1919 2224 1842 1304 1302 1344 1369 
2070 2028 2074 1860 1675 1340 1219 1259 1102 1144 
2216 2114 1669 1636 1714 1635 1571 1635 1194 1306 
1706 1672 1788 1785 1422 1310 1446 1475 1111 1253 
2306 1912 1675 1774 1145 1062 1490 1448 1141 1214 
1795 1855 1650 1403 1704 1342 1082 1387 1815 1724 
1535 1638 1952 1397 1483 1726 1460 1613 2070 1752 
1674 2183 1658 1369 1911 1752 922 1543 2164 2093 
1583 1688 1535 1368 1627 1688 1483 1633 2200 2160 
1549 1517 1386 1818 1971 1492 1498 1532 1629 1703 
1900 2070 1702 1969 1715 1447 1933 1422 1500 1906 
1580 1842 1622 1557 1969 1601 1684 1532 1350 1646 
2030 2202 2134 1603 1624 1785 1576 1618 1355 1381 
1783 2206 1718 1406 1834 1549 1248 1371 1252 1398 
1921 2311 2016 1459 1572 1406 1040 1647 1419 1371 
1738 1670 1856 1464 1337 1257 873 1191 1295 1136 
2321 1811 1950 1532 1015 1583 1457 1184 1449 1320 
1920 1584 1301 1520 1191 1170 1494 1140 1031 1309 
1906 1865 1855 1571 1430 1107 1161 1420 1375 1235 
1748 1764 1571 1522 1133 1073 1392 1405 1244 1258 
1626 1583 1482 1324 1225 1050 1110 1537 1465 1617 
1783 1335 1734 1331 1136 1566 1539 1514 1583 1470 
1958 1474 1501 1606 1224 1135 1194 1116 1493 1649 
1667 1446 1455 1580 1679 1487 1540 1514 1558 1551 
1764 1831 1587 1869 1753 1800 1446 1093 1537 1301 
1953 2162 1802 2036 2019 1798 1783 1166 1119 1333 
1558 1700 1899 2158 2106 1734 1539 1698 1553 1443 
1628 1700 2270 2054 1605 1871 1803 1488 1271 1538 
1459 1230 1808 2092 2111 1595 1877 1996 1517 1717 
1876 1892 1969 1888 1808 1963 1794 1774 1704 1933 
1260 1278 1743 1927 1718 1927 1932 2044 1647 1564 
1691 1946 1642 1746 1825 1679 1632 1792 2061 1878 
1326 1799 1797 1393 1938 2158 1983 1800 1643 1546 
1504 1717 1664 1684 1571 1547 1471 1480 1211 1164 
1260 1834 1411 1418 1735 1436 1572 1367 1288 1150 
1224 1475 1615 1813 1549 1347 1652 1221 1213 1183 
1439 1352 1681 1806 1390 1354 1375 1543 1621 1284 
1439 1221 1735 2073 1767 1835 1666 1416 1866 1825 
1800 1885 2096 1800 1589 1809 1542 1396 1820 1703 
1581 1608 2128 2054 1753 1905 1965 1620 1466 2005 
1977 2343 1952 1997 2035 1522 1881 1760 1528 1823 
1258 1581 2015 2167 2137 2226 2027 2009 1710 1787 
2000 2079 1824 1959 2197 1971 1620 1897 1957 1872 
1368 1738 1651 2069 2239 2034 2046 2147 2194 2032 
1801 2232 2041 2000 2115 1653 2030 2117 1691 1780 
1447 1847 1695 1703 1805 1617 1888 1814 1354 1531 
1784 1736 1725 1696 1728 1920 1946 1576 1494 1937 
1694 1504 1665 1637 1759 1783 1884 1941 1829 1628 
1678 1595 1996 2055 1802 1885 2059 2046 1780 1707 
1206 1373 1503 1425 1729 1616 1920 1991 1811 1707 
1500 1548 1563 1854 2122 1831 1854 2023 1929 1858 
1424 1165 1162 1352 1710 1662 1596 1788 1821 1641 
1821 1651 1581 1723 1778 1569 1722 1633 1709 1405 
1155 1496 1540 1433 1752 1550 1725 1586 1047 1490 
1780 2149 2154 1635 1816 1935 1298 1725 982 926 
1675 1741 1633 1997 1692 1765 1563 1451 1419 1262 
1781 2107 1683 1796 1835 1211 1453 1754 1514 1085 
1650 2049 1902 1549 1750 1404 1214 1224 1527 1258 
1379 1710 1671 1538 1480 1364 967 1037 1417 1200 
1581 1554 1816 1580 1380 1617 1019 1051 1346 1452 
1596 1541 1365 1360 1511 1541 1209 1126 1206 1229 
1404 1533 1544 1464 1507 1437 1275 952 1129 1188 
1395 1684 1394 1188 1342 1088 1145 1047 1182 1240 
1496 1471 1421 1368 952 1089 1504 1225 1400 1505 
1656 1627 1339 1510 1507 1113 1369 1317 934 1198 
1424 1815 1726 1368 1360 1288 1573 1632 1464 1634 
1798 2065 1479 1512 1835 1497 1564 1637 1480 1606 
1585 1705 1245 1147 1702 1804 1358 1937 1833 1457 
1815 1616 1506 1626 1752 1799 1576 1716 2092 1892 
1577 1614 1533 1303 1288 1390 1723 1738 1594 1716 
1583 1788 1613 1278 1402 1486 1812 1885 1772 1923 
1958 1953 2024 1639 1566 1361 1237 1366 1453 1725 
2017 1807 1872 1558 1289 1226 1128 1493 1591 1553 
1728 1498 2110 2075 1062 1293 1142 832 1247 1252 
1688 1401 1902 1831 987 1169 1443 948 1184 1508 
1505 1251 1753 1584 1149 1428 1414 1127 1585 1435 
1934 1373 1651 1498 1208 1367 1407 1243 1711 1772 
1881 1445 1400 1534 1120 1082 1502 1473 1461 1398 
2333 1922 1462 1600 1349 954 1394 1524 1464 1824 
2132 1951 1430 1685 1527 1437 1651 1797 1586 1874 
2359 2314 1689 1593 1449 1238 1653 1573 1773 1981 
2037 1991 1442 1354 1939 1503 1719 2163 1870 1944 
2100 1895 1878 1329 1394 1692 1289 1532 1714 1717 
1721 1414 1359 1933 1585 1297 1591 1770 1538 1500 
1749 1928 1783 1301 1457 1378 1143 1455 1077 1119 
1310 1050 1602 1533 1346 1781 1672 1341 1367 1199 
1662 1613 1700 1920 1379 1468 1880 1411 1093 1401 
1671 1578 1523 1471 1709 1511 1385 1731 2127 1710 
1478 1609 1057 1584 1562 1676 1624 1669 1873 1607 
1628 1948 1497 1292 1809 1809 1315 1328 1812 1495 
1589 1704 1689 1213 1495 1621 1331 1158 1238 1302 
1658 1697 1982 1549 1360 2022 1836 1193 1156 1058 
2124 2402 1940 1683 1850 1747 1542 1350 1002 1010 
1991 2317 2161 1761 1865 2004 1557 1558 1491 1113 
2245 2496 2127 1556 1749 1746 1998 1512 1290 1423 
1819 2028 1958 1795 2021 1841 1956 1973 1662 1562 
1811 1785 1840 1569 1509 1587 1827 1961 1584 1665 
1644 1367 1558 2003 1366 1401 1850 2032 1924 1851 
1843 1848 1421 1473 1319 1368 1610 1748 1837 1972 
1322 1411 1512 1386 1693 1466 1403 1646 2009 1881 
1954 2244 1975 1557 1535 1692 1388 1525 1848 1819 
1253 1563 1878 1972 2125 1868 1834 1903 1822 1966 
1450 1662 2099 1939 1756 2107 2082 1869 1735 1961 
1329 1489 1672 1981 1933 2244 2393 2130 1935 2084 
1512 1424 1614 1654 1505 1891 2109 1928 2199 2180 
1743 1584 1475 1608 1375 1324 1730 1911 2102 2212 
1794 1885 1741 1648 1478 1157 1467 1964 2066 1904 
1796 1973 1740 1703 1320 1134 1394 1612 1896 2222 
1466 1725 1794 1699 2036 1764 1820 1876 1745 1935 
1354 1312 1661 1734 1639 1553 1447 1442 1647 1843 
1323 1393 1544 1742 1785 1908 2011 1818 1658 1616 
1327 1288 1473 1673 1480 1574 1528 1601 1666 1693 
1103 966 1861 1742 1309 2018 1843 1622 1750 1442 
1402 1194 1948 1626 1376 1919 1723 1212 1788 2092 
1217 1186 1586 1599 1361 1781 1580 1553 1822 1644 
1164 1292 1198 1530 1585 1322 1699 1417 1487 1674 
1473 1708 1382 1662 1608 1048 1487 1585 1432 1597 
1543 1598 1217 1442 1774 1303 1705 1867 1076 1433 
1918 1977 1734 1757 1770 1844 1724 2027 1884 1855 
1970 1787 1964 1862 1539 1814 2096 2159 1948 1931 
1682 1677 1821 1552 1769 1723 1762 2185 1912 1906 
1438 1663 1932 1844 1750 2312 1891 2050 2544 2356 
1222 1480 1241 1508 1964 1546 1668 2125 1849 2069 
1413 1678 1553 1513 1866 1875 1760 2230 2301 2209 
1570 1822 1287 1585 1905 1771 1922 1959 1988 2147 
1647 1996 1321 1304 1665 1685 1943 1610 1576 1768 
2079 1983 1703 1302 1462 1663 1750 1454 1775 1669 
1696 1374 1519 1297 1000 1436 1522 1547 1377 1087 
1849 1821 1568 1379 1239 1343 1635 1492 1351 1222 
1197 1199 1217 1093 1145 1433 1596 1726 1377 1109 
1710 1751 1300 1362 1526 1628 2031 1502 882 1029 
1260 1160 1198 1319 1844 1420 1590 1693 1295 984 
1667 1514 1360 1405 1819 1861 1640 1799 1469 1388 
1810 1643 1803 1587 1780 1536 1549 1718 1341 853 
1989 1576 1571 1802 1691 1678 1644 1410 1260 1375 
1813 1818 1387 1604 1631 1538 1905 1665 1178 1097 
1551 1262 1242 1321 1722 1531 1550 1584 1109 950 
1366 1396 951 828 1602 1868 1543 1715 1256 1136 
1105 1042 1410 1220 1427 1993 1751 1678 1840 1323 
1540 1675 1420 1466 1280 1724 2299 1869 1645 1634 
1228 1315 1770 1896 1592 2133 2050 1768 2097 2069 
1725 1781 1782 2364 1888 2061 2287 2035 2217 2146 
1380 1492 1781 2192 1815 1764 2063 2001 2386 2392 
1903 2135 1598 1664 1936 1736 1826 1666 1611 1906 
1047 1452 1296 1289 1440 1213 1411 1746 2032 1944 
1927 1865 1552 1280 1896 1394 969 1248 1373 1443 
1216 1021 1269 1188 1314 1394 994 1381 1555 1451 
1868 1379 1516 1749 1519 1543 1471 1301 1729 1712 
1573 1058 1213 1589 1530 1670 1793 1571 1298 1365 
1923 1415 1472 1992 1565 1713 1630 1435 1255 1487 
1852 1515 1556 1728 1520 1591 1920 1596 1121 1334 
1880 1928 1739 1698 1763 1971 1709 1524 1463 1737 
1438 1869 1737 1514 1754 1418 1424 1577 1693 1278 
1403 1524 1736 1477 1641 1950 1981 1917 2253 2117 
1627 1372 1675 1971 1669 1966 2042 1695 1514 1764 
1162 1052 1357 1791 1683 1747 2128 1919 1767 1890 
1532 1658 1521 1901 1746 1673 2147 1987 1409 1621 
1208 1408 1138 1184 1740 1569 1722 1931 1440 1677 
1476 1749 1466 1770 2084 1415 1481 2215 1932 1522 
1450 1369 1712 1731 1541 1480 1544 1800 1634 1685 
1840 1552 1875 1514 1787 1978 1621 1772 1837 1466 
1689 1638 2060 1778 1783 2220 1897 1287 1424 1525 
1470 1848 1696 1502 1754 2082 1612 1479 1757 1406 
1722 1792 1906 1775 1706 1988 2242 1625 1547 1391 
1274 1025 1266 2001 1648 1609 1888 1577 1275 1432 
1517 1405 1633 2253 1851 1742 1956 2017 1750 1513 
1719 1589 1630 1698 1780 1807 2104 1598 1183 1509 
1418 1464 1745 1856 2264 1868 1638 1836 1557 1391 
1683 1890 2101 1395 1489 1745 1574 1556 1460 1261 
1430 1252 1612 2101 1550 1707 1674 1343 1089 917 
1725 1748 1478 1885 1670 1443 1336 1184 1607 1376 
1569 1698 1626 1700 1607 1472 1893 1713 1423 1541 
1540 1996 1640 1643 1991 1775 1648 1763 1825 1740 
1775 2141 2338 1699 1933 1654 1534 1532 1717 1876 
1800 1518 1983 1733 1764 1874 1616 1886 1929 1921 
1877 1742 1872 1725 1933 2505 1844 1544 2002 2072 
1740 1526 1592 1837 1650 1955 1956 1747 1650 1755 
1632 1765 1340 1408 1771 2293 2085 2076 1706 1592 
1647 1202 1496 1958 1577 1874 2161 1841 1729 1705 
1593 1224 1094 1884 1966 1516 1995 2000 1557 1415 
1347 1579 1594 1403 1796 1774 1872 1733 1760 1506 
1745 1843 1662 1452 1552 1542 2025 1905 1202 1165 
1526 1830 1229 865 1713 2053 1761 1456 1421 1685 
1712 1550 1676 1551 1162 1275 1827 1937 1503 1442 
1322 969 1379 1269 1068 1849 1695 1695 2049 1834 
1582 1328 1740 1529 1026 1306 1654 1764 2028 1863 
1333 1180 1268 1387 1184 1163 1240 1726 2098 1995 
1487 1927 1466 1426 1638 1450 1475 1865 1674 1966 
1315 1211 1426 1416 1436 1519 1520 1511 1901 2073 
2022 1643 1676 1717 1896 1973 1987 2084 1928 2197 
1782 1348 1735 1741 1888 1836 1773 2073 2092 2086 
2425 2079 2087 2391 2165 2032 2089 2286 2242 2142 
2099 2056 1795 1781 2189 2018 1848 1837 1830 1957 
1900 1718 1836 2067 1805 2033 2307 1804 1876 1882 
1695 1682 1900 1699 1809 2026 2204 1996 1964 2141 
1240 1319 1906 1794 1598 1697 2143 2278 1805 1888 
1351 1609 1753 1877 1598 1760 1682 1694 1837 1756 
1210 1173 1434 1482 1641 2040 1839 1584 1575 1702 
1474 1255 1571 1949 1836 2045 1728 1468 1305 1394 
1489 1516 1532 1776 1594 1511 1905 1676 1342 1233 
1457 1836 1693 1681 1385 1578 1986 1905 1263 1122 
1481 2232 1738 1655 1798 1678 1929 1621 1401 1354 
1419 2014 1755 1410 1500 1614 1572 1314 1681 1354 
1429 1329 1392 1452 1596 1721 1521 1459 1538 1227 
1438 1264 1209 1515 1500 1521 1453 1149 1491 1256 
1311 1171 1337 1336 1065 1416 1810 1267 967 1342 
1363 1273 1437 1449 1692 1788 1766 1793 1370 1030 
1822 1966 1846 1402 1282 1638 1646 1050 1114 1231 
1710 1772 2046 1906 1750 1756 2007 1954 1708 1717 
1855 1980 2144 1814 1576 1609 1802 1720 1582 1335 
1812 1797 1822 1919 1699 1748 1812 1213 1402 1715 
1684 1661 1530 1739 1706 1555 1542 1788 1552 1370 
1620 1542 1820 1674 1701 1930 1525 1369 1861 1834 
1835 1924 1852 1677 1797 1619 1670 1801 1754 1561 
1509 1698 2094 2049 1646 1760 1825 1674 1577 1700 
1786 1477 1840 2254 1588 1333 1748 1413 1113 1632 
2162 1850 1578 2165 2076 1546 1620 1586 1256 1338 
1784 1909 1495 1558 2022 1462 1228 1400 1165 1153 
1677 1991 2123 1612 1858 1753 1118 1518 1868 1798 
1676 1810 2192 2015 1804 1814 1654 1875 2082 1730 
1993 2073 2087 1981 1805 1883 1640 1866 2234 2272 
1581 1730 1716 2200 1941 1939 1775 1614 1816 1846 
2031 2625 1805 1794 1955 1705 1662 1597 1793 1872 
1608 2020 1931 1548 1914 1875 1679 1528 1470 1491 
1669 1868 1904 1477 1489 1786 1355 1237 1643 1723 
1636 1760 1890 1516 1278 1444 1607 1546 1764 1982 
1683 1837 1978 1504 1503 1783 1570 1582 1562 1500 
1406 1594 1773 1698 1329 1638 1611 1407 1618 2021 
2220 2051 1862 2116 1987 1617 1598 1697 1686 1656 
1716 1516 1776 2147 1972 1467 1519 2017 1907 1488 
2343 2173 2483 2360 1917 1685 1865 1602 1698 1619 
1581 1785 1579 2194 2238 1547 1493 1508 1363 1718 
1455 1683 1876 1734 1731 1853 1566 1672 1869 1882 
1592 1597 1395 1856 2151 1585 1860 1845 1488 1747 
1791 1914 1539 1392 1751 1549 1487 1611 1355 1573 
1709 1414 1557 1551 1312 1254 1242 1682 1546 1526 
1508 1498 1315 1319 1465 1430 1260 1269 1929 1705 
1683 1760 1924 1597 1400 1663 1383 1310 1823 1377 
1420 1341 1242 895 1152 1567 1284 1271 1540 1831 
1545 1585 1585 1275 1068 1763 1555 1265 1562 1746 
1534 1483 1699 1564 1033 1190 1886 1655 1489 1886 
1893 1804 1980 1539 1119 944 1472 1775 1570 1750 
2024 1588 1797 1649 1234 1083 1295 1864 2166 2305 
2203 1730 1612 1642 1570 1472 1461 1753 1779 1894 
1947 1775 1188 1962 1823 1438 1334 1568 1670 1903 
1753 1976 1596 1713 1852 1497 1401 1445 1690 1458 
1617 1701 1659 1766 1640 1285 1918 1547 1135 1442 
1402 1526 1787 1826 1574 1433 1530 1809 1628 1596 
1719 1508 1889 1963 1773 1334 1510 1821 1676 1641 
1564 1542 1578 1373 1622 1455 1019 1653 2030 2091 
1449 1313 1747 1686 1704 1753 1479 1894 2168 2261 
1542 1789 1553 1575 1726 1620 1448 1497 1770 2009 
1337 1500 1781 1616 1638 1807 2058 1838 1712 2034 
1752 1488 1581 1931 1942 1528 1407 1612 1933 1967 
1524 1303 1485 1736 1591 1602 1724 1625 1620 1722 
1631 1268 1575 2086 1879 1590 1406 1899 1688 1592 
1635 1812 1498 1434 1283 1602 1492 1064 1346 1607 
1478 1573 1777 1468 1289 1549 1659 1607 1673 1640 
1752 1602 1480 1238 1149 1671 1571 1327 1902 1605 
1776 1660 1314 1802 1473 1355 1736 1388 1821 1858 
1638 1645 1401 1505 1601 1496 1701 1659 1658 1712 
1569 1736 1702 1500 1635 1621 1826 1590 1270 1698 
1578 1851 2123 1715 1838 2072 1805 1804 1654 1981 
1505 1568 1952 1893 1708 1536 1744 1907 1942 1881 
1743 1750 1947 1869 2077 2134 1916 1944 2058 2066 
1827 1457 1670 1745 1652 1751 1276 1826 2188 2161 
1879 1766 1664 1382 1463 1825 1414 1383 1726 1596 
1440 1499 1672 1549 1328 1162 1126 1428 1260 1232 
1808 1989 1764 1377 1437 1574 1405 1174 912 861 
1415 1409 1342 1774 1720 1443 1347 1215 1288 1032 
1773 1780 1712 1669 1743 1533 1523 1416 1232 1068 
1628 1438 1407 1918 1867 1401 1628 2000 1884 1641 
1535 1491 1125 1389 1867 1594 1399 1431 1574 1561 
1303 1050 1424 1415 1487 1636 1663 1535 1219 1625 
1585 1411 1232 1468 1779 1732 1440 1550 1778 1746 
1677 1493 1403 1393 1369 1331 1810 1442 1273 1509 
1881 1835 1300 1302 1713 1387 1361 2134 2270 1770 
1813 1804 1724 1619 1778 1753 1279 1410 1844 1683 
2423 2412 2033 1611 1501 1718 1083 1391 1695 1483 
1899 1757 1575 1610 1694 1641 1499 1395 1835 1910 
2363 2570 1860 1495 1760 1793 1694 1441 1580 1785 
1747 2081 1798 1799 1679 1357 1609 1824 1871 1672 
1991 2280 2255 1673 1553 1741 1622 1390 1786 2171 
1403 1668 2175 1707 1214 1707 1690 1570 1583 1851 
1966 2109 2359 1922 1512 1609 1814 1748 1936 2192 
1572 1747 1849 1744 1705 1576 1717 1630 1841 1866 
1602 2049 1865 1888 1877 1335 1260 1964 2145 2211 
2044 2191 2107 1765 1612 1493 1333 1670 1934 1741 
1556 1707 1413 1719 1383 1270 1038 871 1256 1412 
1494 1739 1562 1477 1393 867 984 767 1152 1430 
1203 1048 1500 1736 1588 1242 982 1037 1258 1238 
1394 1331 1625 1664 1585 1179 790 998 1200 1210 
1463 1228 1974 1645 1271 1463 1285 1377 1812 1731 
1341 1129 1537 1911 1717 1801 1548 1647 1780 1891 
1797 1886 1585 1620 1659 1732 1870 1626 2003 2293 
1318 1180 1177 1455 1599 1792 1697 1655 2118 2298 
2123 2095 1455 1390 1464 1449 1818 2014 2146 2505 
1472 1611 1341 1384 1388 1725 1772 1622 2022 2143 
2251 2392 1934 1705 1723 1735 1410 1708 2076 2241 
1452 1643 1795 1256 1459 1507 1231 1520 1757 1928 
1886 1774 2104 1753 1228 1502 1432 1425 1814 1587 
1593 1714 1703 1428 1070 1329 1506 1296 1714 2144 
1720 1378 1888 1789 1228 1240 1521 1768 1775 1862 
1871 1585 1636 1862 1441 1648 1683 1781 1878 1995 
1769 1604 1669 1697 1758 1760 1633 1855 2281 2340 
1931 1825 2076 1760 1977 1966 1932 2091 1882 1791 
1832 1836 1722 1696 1866 1713 1542 1874 2100 1897 
1705 2040 1477 1571 2192 1707 1630 1948 1893 1822 
1997 2041 1705 1552 1948 1580 1671 1857 1929 2013 
1571 1479 1531 1716 1648 1939 1881 1508 1509 1792 
2202 1850 2003 1907 1296 1842 1686 1530 2043 1890 
1558 1213 1530 1924 1243 1770 2226 1515 1546 1614 
1857 1768 1817 1848 1584 1454 1720 1532 1295 1323 
1128 1290 1450 1627 1491 1483 1778 1460 1268 1241 
1576 1629 1918 1895 1728 1525 1869 1604 1294 1590 
1584 1517 1817 1962 1616 1367 1678 1897 1829 1571 
2153 2176 2096 1937 2003 1870 1997 2170 2195 2292 
1871 1800 1811 1954 1807 1891 1743 2242 2361 2362 
2329 2370 1982 2055 2112 1994 1864 2159 2153 2116 
1370 1261 1537 1416 1686 1650 1784 1671 1505 1744 
2254 1863 1965 2135 1850 1628 1850 1484 1178 1198 
1479 1286 1052 1348 1392 1006 1445 1391 1285 1157 
1629 1513 1586 1520 1851 1840 1663 1543 1731 1222 
1343 1174 1225 1343 1469 1678 1140 1327 2118 1924 
1758 1369 1334 1316 1317 1837 1695 1690 2211 2025 
1614 1038 1082 1392 1512 1560 1514 1738 2221 2128 
1786 1573 1437 1362 1442 1502 1619 1391 1531 1849 
1345 1455 1365 1196 1464 1357 1423 1845 1441 1755 
1636 1503 1743 1120 1231 1915 1342 1440 1690 1732 
1112 847 1244 1607 1164 1570 1885 1563 1313 1504 
1700 1563 1901 1904 1571 1599 1282 1119 1458 1279 
1814 1403 1742 2012 1503 1328 1629 1267 1065 1133 
1815 1692 1637 2000 1924 1533 1147 1330 1128 1142 
2030 1978 1539 1895 1812 1382 1158 1368 1901 1467 
1585 1737 1324 2088 2232 1776 1852 1634 1713 1730 
1835 2095 1564 1681 2160 1540 1517 1442 1874 2111 
1545 1888 1863 1790 2051 2008 1888 1713 1885 2243 
1806 2149 1955 1365 1374 1992 2086 1714 1825 2058 
1301 1653 1802 1630 1811 1857 2181 1876 1658 2056 
1844 2154 2154 1471 1794 2151 2013 1796 1653 1614 
1589 1684 1698 1493 1310 1571 1814 1562 1228 1419 
1600 1314 1594 1554 1514 1857 2247 2059 1520 1337 
1776 1096 1625 2201 1340 1462 1742 1769 1729 1445 
1712 980 1200 1553 1312 1622 1730 1982 2104 1801 
1791 1213 1306 2062 2082 1915 1652 1907 2419 1856 
1812 1791 1625 1431 1890 2413 1849 1652 2330 2399 
1288 1469 1824 1902 1779 2193 2282 1831 1782 1863 
1632 1911 2082 1638 1710 2200 2243 1776 1808 2002 
1195 1253 1567 1724 1637 1878 1900 1633 1789 1889 
1178 1198 1277 1604 1798 1252 1550 1977 1773 1735 
1215 1304 1136 1539 1590 1332 1300 1513 1450 1509 
959 1363 1209 1355 1396 1098 1278 1456 1745 1921 
1499 1584 1684 1468 1215 1202 1431 1434 1693 2058 
1764 1567 1332 1146 1354 1510 1304 1755 2140 2167 
1818 1527 1288 1426 1753 1480 1629 1885 2112 2396 
1688 1768 1718 1420 1704 1637 1569 2181 1823 2022 
1565 1626 1597 1097 1548 1914 1717 1892 1898 1900 
1419 1268 1426 1288 1600 1983 1786 1674 1627 1445 
1611 1233 1238 1523 1510 1699 1618 1675 1586 1485 
1136 921 789 1435 1625 1323 1493 1515 1775 1341 
1628 1323 1087 1385 1451 1551 2082 1819 2038 2113 
1576 1282 934 1196 1559 1612 1929 1959 1664 1847 
1568 1642 1375 1540 1839 1996 2122 2496 2235 2353 
2077 2123 1570 1324 1532 1459 1607 1997 2052 2230 
1652 1288 1447 1665 1792 1729 1897 2481 2494 2399 
1762 1746 1419 1703 1965 1668 1645 1745 1898 1867 
1170 1120 1361 1602 1483 1664 1813 1582 1608 2008 
1575 1486 1253 1439 1522 1905 2225 1815 1416 1792 
915 1380 1251 1213 1271 1627 1709 1580 1473 1329 
1494 1826 1629 1311 1533 1777 1931 2004 1881 1719 
1588 1692 1529 1333 1940 1459 1111 1617 1537 1003 
1645 1647 1455 1417 1780 1450 1227 1563 1643 1462 
1497 1609 1607 1703 1913 1942 1601 1573 1513 1332 
1456 1381 1471 1460 1195 1839 1675 1330 1429 1405 
1481 1251 1235 1796 1704 1674 1830 1662 1844 1751 
1411 1634 1420 1332 1708 1777 2124 1830 1776 2017 
1472 1743 1672 1948 2294 1444 1811 2372 1937 1908 
1815 2110 2126 1528 2169 2157 1627 1953 2049 1879 
1709 1612 2291 1757 1768 2014 1646 1623 1776 1773 
1866 1885 2263 1819 1561 1965 1397 1527 1844 1675 
1714 1707 1861 1604 1247 1448 1590 1226 1556 1563 
1605 1289 1335 1526 1232 1008 1199 1414 1678 1843 
1899 1473 1175 1676 1402 1212 1674 1882 1903 1992 
1638 1281 935 1395 1323 1444 1423 1345 1698 1830 
1908 1953 1401 1574 1843 2104 2152 1809 1587 1758 
1383 1875 1446 1446 1855 1683 1406 1668 1734 1713 
1578 1926 1956 1518 1867 2023 1462 1619 1953 1498 
1469 1642 1632 1186 1585 1634 1373 1580 1921 1825 
1715 1549 1803 1564 1515 1759 1666 1534 1450 1672 
1338 1377 1612 1407 1272 1599 1662 1514 1350 1703 
1335 1446 1563 1397 1416 1364 1680 1769 1202 1517 
1013 924 1308 1470 1630 1745 1712 1750 1636 1373 
1397 1105 1342 1737 1925 1441 1547 2193 1965 1662 
1905 1694 1496 1755 1611 1653 1458 1856 2110 1953 
1662 1671 1443 1696 1566 1451 1946 2063 2167 2202 
1789 2072 2116 1559 1606 1707 2002 1483 1724 2220 
1463 1654 1855 1583 1415 1389 1695 1621 1632 1590 
1875 1854 2180 1687 1336 1740 1495 1470 1784 1886 
1308 1135 1552 1932 1613 1485 1468 1682 1793 1235 
1928 1880 2054 1968 1642 1537 1566 1682 1598 1620 
1738 1681 1696 1827 1784 1453 1679 1520 1619 1714 
1574 1692 1684 1663 1495 878 1787 1745 1602 1862 
1731 1500 1740 1638 1798 1352 1215 1931 2058 2129 
1935 1342 1741 1725 1188 1457 1383 1826 1927 1939 
2030 1608 1485 1993 1770 1725 1348 1439 2075 2068 
1453 1480 1471 1745 1516 1427 1760 1693 1556 2061 
2136 2112 1906 1773 1935 1765 1752 1783 1938 1847 
1482 1450 1228 1830 1467 1269 1674 1381 1141 1304 
1986 2138 1702 1819 2023 1645 1488 1707 1714 1546 
1974 1545 1739 1984 1882 1295 1176 1140 1255 1280 
2390 2121 1849 1780 1762 1823 1557 1555 1597 1126 
1843 1764 1910 1802 1491 1497 1257 954 1224 1414 
2242 2067 2271 1897 1666 1661 1386 1526 1805 1370 
1680 1622 1537 1526 1451 1220 1269 1123 1106 1204 
1892 1924 1661 1769 2121 1436 1264 1276 1510 1570 
1427 1592 1546 1342 1525 1461 1512 1398 1419 1781 
1501 1499 1436 1496 1495 1320 1515 1650 1425 1372 
1430 1250 1455 1293 1422 1837 1291 1191 1662 1640 
1229 972 1343 1605 1232 1477 1219 1318 1062 1148 
1519 1368 1538 1730 1176 1476 1387 1123 1190 1138 
1499 1196 1245 1498 1025 1179 1612 1195 1185 1405 
1942 1675 1443 1555 1106 982 1463 1328 1192 1427 
1274 988 1190 1559 1221 1070 1610 1486 1469 1499 
1547 1523 1443 1364 1288 1158 1381 1337 1353 1404 
1002 1168 1289 1468 1441 1395 1332 1597 1541 1214 
1391 1382 1457 1549 1643 1762 1559 1315 1438 1118 
1534 1459 1404 1671 2101 1822 1326 1419 1317 1141 
1786 1574 1651 1759 1791 2137 1600 1319 1409 1410 
1824 2087 1391 1823 2136 1857 1890 1623 1154 1072 
1927 2109 1587 1401 2036 1663 1289 1629 1608 1571 
1296 1072 1194 1355 1659 1557 1394 1738 1551 1251 
1422 1033 1468 1541 1307 1259 1394 1366 1457 1140 
1521 1064 1209 1389 1361 1552 1602 1601 1622 1923 
1341 1296 1153 1463 1580 1659 1463 1259 1309 1274 
1799 1917 1729 1584 1710 1346 1282 1350 1496 1406 
1501 1565 1286 1435 1874 1726 1271 1368 1285 1063 
1723 1753 1404 1911 1718 1246 1124 1229 1445 1389 
1913 1932 1406 1454 2030 1456 1037 1421 1450 1061 
1761 1952 1659 1433 1585 1807 1580 1430 1562 1792 
1731 1763 1965 1581 1680 1960 1988 1723 1799 2029 
1852 1434 1968 2001 1339 1558 2036 1773 1807 2111 
1835 1440 1553 1839 1606 1426 1841 1845 2063 2205 
1855 1521 1584 1528 1568 1426 1319 2206 2333 2037 
1369 1099 1346 1912 1562 1624 1375 1406 2067 2059 
1557 1626 1586 1647 1677 1310 1612 1825 1838 1893 
1726 1241 1693 1927 1754 1699 1569 1430 1666 1940 
2021 1687 1115 1624 1509 1306 1670 1561 1630 1852 
1667 1843 1311 1517 1561 1478 1609 1431 1237 1591 
1872 2079 1341 1294 1260 1484 1376 1277 1540 1487 
1960 1806 1681 1512 1143 1531 1800 1414 1481 1766 
1855 1557 1566 1490 1451 1450 1477 1813 1550 1411 
1899 1783 1764 1586 1311 1483 1931 1898 1745 1563 
2012 1918 1781 1479 1682 1517 1872 1451 1421 1418 
2276 1978 2012 1802 1424 1227 1767 1689 1219 1195 
2264 2232 1725 1562 1756 1651 1478 1655 1681 1490 
2293 2275 1776 1692 1693 1419 1586 1619 1244 985 
2045 2086 1764 1670 1596 1474 1503 1637 1340 1596 
1642 1690 1649 1419 1208 1230 1527 1685 1505 1709 
1248 1323 1570 1780 1198 1125 1610 1909 1800 1801 
1110 1207 1517 1216 1386 1533 1485 1317 1697 1668 
1261 1367 1650 1924 1710 1404 1262 1532 1905 1943 
1211 1552 1740 1414 1572 1498 1341 1265 1445 1511 
1196 1508 1626 1719 1683 1431 1654 1813 1723 1619 
1399 1567 1601 1755 1855 1651 1519 1695 1568 1956 
1603 1382 1647 1757 1589 1475 1801 2135 2310 2277 
1885 1728 1382 1798 1594 1625 2048 2142 2346 2323 
1594 1209 1560 2001 1739 1760 1623 1980 2219 2224 
2199 1868 1695 1638 1855 1808 1716 1533 2090 1972 
1660 1596 1424 1521 2071 1587 1500 2026 1988 1919 
1624 1528 1856 1419 1780 2247 1869 1854 1434 1547 
1444 1351 1327 1605 1743 1602 2141 1946 1550 1657 
1712 1625 1654 1928 2158 2124 2356 1896 1514 1443 
1397 1239 1260 1534 1325 1502 1976 1864 1775 1881 
1977 2113 1633 1673 1918 2103 2153 2084 1978 1647 
1707 1672 1819 1572 1509 1659 1758 2101 1999 2010 
2042 1746 1916 1952 1843 1647 1298 1921 1876 1879 
2034 1991 1658 1679 1603 1477 1556 1934 1974 1910 
2059 1741 1608 2020 2204 1483 1645 1882 1883 1804 
2100 2115 1651 1558 1678 1651 1928 1512 1550 1873 
1656 1590 1834 1725 2002 1559 1522 1756 1723 1573 
2070 1707 1947 1798 1458 1887 1542 1264 1476 1392 
1766 1555 1419 1914 1850 1852 1456 1375 1511 1383 
1989 1942 1660 2009 1817 1487 1536 1636 1177 1327 
1396 1671 1601 1831 1794 1721 1787 1406 1601 1373 
1776 1985 1942 2083 2009 1560 2000 1594 1715 1779 
1635 1585 1846 1950 1774 1879 1609 1381 1754 1839 
1809 1659 1953 1986 1555 1895 2112 1830 2166 2077 
1526 1452 1860 2010 1621 1818 1879 1639 1628 1976 
2031 1880 2064 2149 1431 1746 1867 1861 1940 2111 
1691 1655 1372 1678 1642 1658 1683 1743 1862 1747 
2149 2095 1757 1837 1996 1726 1577 1545 1374 1426 
1611 1537 1522 1531 1726 1494 1721 2046 1621 1518 
1892 1610 1678 1965 1742 1375 1670 1665 1381 1704 
1584 1527 1176 1540 2053 1566 1464 1977 1867 1514 
1591 1490 1385 1562 1755 1430 1289 1465 1858 1888 
1417 1505 1503 1400 1820 1752 1749 1714 1999 2085 
1289 1423 1543 1204 1259 1542 1570 1399 1448 1818 
1481 1004 1412 1454 1347 1608 1559 1904 1960 1997 
1956 1236 1043 1423 1436 1633 1540 1840 2240 1832 
1538 1037 978 1372 1196 1514 1508 1362 1334 1401 
1397 1458 1099 1656 1877 1539 1263 1595 1726 1420 
902 1605 1346 1189 1852 1816 1760 1523 1572 1531 
1248 1650 1485 1585 1963 1730 1710 1861 1455 1505 
1488 1602 1632 1910 1939 1562 1822 1710 1624 1658 
1710 1613 1683 2013 2048 1798 2144 1790 1678 1940 
2460 2347 2036 2054 2111 1598 1917 1917 1575 1719 
2263 2379 2102 1719 2155 2069 1657 1820 1690 1623 
2389 2739 2656 1986 1878 1881 1863 1797 1229 1453 
1936 1934 2040 1804 1756 1714 1287 1404 1255 980 
1974 1908 1861 1619 1582 1916 1313 1010 1310 1125 
1416 1217 1798 1640 1409 1512 1597 1196 1081 933 
1457 1666 1641 1524 1379 1506 1060 1161 1149 773 
1129 1474 1531 1543 1382 1312 1569 1166 1044 1158 
1420 1332 1501 1798 1816 1580 1347 1397 1301 1321 
1695 1689 1441 1435 1372 1658 1454 1356 1287 1217 
1356 1350 1372 1517 1157 1480 1783 1250 1334 1395 
1373 1720 1275 1319 1560 1369 1542 1691 1615 1523 
1362 1575 1520 1554 1710 1466 1566 1747 1575 1374 
1507 1632 1417 1351 1699 1602 1270 1819 1700 1266 
1355 1673 1752 1353 2162 2422 1812 1454 1545 1622 
1791 1888 2244 1686 1778 2017 1724 1566 1353 1025 
1605 1346 1967 1624 1479 1833 2092 1555 1287 1287 
1740 1539 1771 2156 1740 1899 1809 1676 1383 1359 
1823 1870 1480 1749 1600 1571 1606 1526 1244 1019 
1728 1341 1280 1491 1782 1320 1381 1320 1442 1185 
1829 1585 1237 1075 1754 1419 1203 1265 1400 1380 
1515 1333 1554 1193 1165 1359 1128 1520 1506 1352 
2042 1925 1488 1047 1261 1626 1377 1736 2293 2097 
1401 1250 1212 1069 1199 1302 1484 1502 1652 1627 
1976 1745 1562 1516 1668 1673 1593 1879 1747 1895 
1403 1291 1260 1444 1632 1539 1093 1247 1367 1315 
1364 1435 1505 1467 1236 1667 1729 1685 1894 1715 
1254 1657 1260 1359 1960 1671 1500 1532 1742 1490 
1094 1463 1732 1602 1543 2017 1798 1514 1928 2105 
1499 1384 1689 1954 1537 1484 1885 2002 2104 2421 
1382 1509 1713 1846 1595 1877 1727 1994 2194 2222 
1318 1596 1770 1970 1522 1485 1834 1866 1832 2094 
1305 1697 1554 1516 1992 1762 1452 1663 2192 2219 
1286 1402 1475 1525 1783 1698 1594 1676 1970 1955 
1198 1080 1329 1567 1481 1624 1340 1350 1716 1860 
824 1019 1260 1318 1185 1575 1380 1323 1789 1718 
1283 1297 1487 1550 1235 1015 1400 1436 1543 2003 
1578 1368 1364 1159 1026 1206 987 1447 1568 1652 
1645 1106 1563 1737 1030 1387 1564 1244 1374 1809 
1927 1951 1686 1613 1613 1104 1261 1300 1328 1608 
1495 1454 1737 1736 1359 1037 1795 1540 1425 1645 
1799 1621 1478 1877 1714 1257 1558 1555 919 1143 
1835 1650 1394 1723 2022 1602 1223 1750 1777 1696 
1888 1695 1640 2075 1937 2037 1849 1804 1956 1742 
2033 2272 1865 1956 2321 2104 1703 2085 2031 1911 
2192 2220 2238 2285 1999 2121 2090 1684 1885 1942 
2353 1982 2034 2345 2101 1758 1961 2158 2082 1777 
2156 1922 1866 1629 1674 1582 1390 1327 1692 1733 
1958 1846 1703 1832 1806 1303 1537 1701 1644 1424 
1876 1760 1673 1270 1521 1450 1086 1085 1124 1154 
1551 1241 1444 1416 1587 1572 1203 1107 1149 1266 
1860 1651 1542 1329 1637 1560 1488 1584 1127 964 
1755 1533 1472 1360 2016 1889 1653 1502 1138 1181 
1802 1614 1172 1195 1259 1282 1751 1790 1249 1106 
1554 1619 1109 1272 1526 1595 1751 1575 1757 1552 
1498 1694 1487 1422 1477 1589 1607 1745 1972 1780 
1648 1970 1898 1536 1344 1629 1704 1885 2036 2088 
1288 1440 1774 1621 1881 1802 1631 1805 2481 2278 
1493 1847 2063 1738 1788 1830 1937 1801 1788 2214 
1292 1486 1717 1717 1878 1796 1765 1904 1845 1937 
1493 1417 1542 1694 1429 1637 2053 1895 1539 2048 
1740 1373 1737 2002 1559 1698 1960 1927 1520 1654 
1712 1663 1700 2059 1453 1599 1626 1791 2012 1922 
2074 2277 2094 1982 2121 1651 1876 1908 2056 1900 
1391 1765 1786 1659 2144 2158 1848 2159 2113 1944 
1660 1883 2054 2078 1992 2149 1892 1739 1889 1803 
1604 1690 1582 1529 1738 1966 2098 1927 1878 1896 
1576 1611 1433 1567 1741 1892 1645 1756 2108 1894 
1841 2016 1836 1627 1482 1657 1714 1691 1884 1952 
1619 1600 1691 1977 1103 1056 1448 1559 1796 2051 
2287 2283 1667 1668 1538 1010 1565 1559 1692 1935 
1719 1414 1455 1303 1441 1071 1194 1474 1376 1792 
2318 1991 1673 1278 1312 1312 1071 1615 1699 1657 
1348 1554 1580 1351 1372 1881 1650 1527 1933 1942 
1883 2128 1987 1747 1634 1629 1703 1944 1970 1832 
1336 1461 1561 1597 1921 2084 1959 1999 2286 2242 
2176 1949 1922 2198 2136 2064 2087 1947 2160 2493 
1367 1437 1662 1526 1499 1983 2079 2003 2014 2115 
2030 1932 2256 1984 1506 1688 1881 1511 1512 1995 
1400 1537 1758 1788 1449 1534 1956 1724 1488 1737 
2046 1941 2187 2371 1921 1416 1620 1731 1459 1452 
1600 1806 1790 1806 1917 1470 1522 2138 1682 1639 
1880 2018 2001 1881 2003 1820 1601 1866 2158 1807 
1579 1833 1509 1810 2144 1905 1797 1752 1519 1614 
1679 1437 1692 1948 1625 1505 1594 1471 1650 1740 
1746 1627 1328 1629 1591 1780 1683 1310 1401 1207 
1036 1159 1454 1629 1397 1720 1910 1552 1475 1277 
1641 1796 1666 1556 1642 1701 1496 1420 1184 1050 
1332 1744 1712 1582 1720 2048 1956 1982 1604 1356 
1414 1490 1869 1499 1733 1717 1424 1273 1295 941 
1987 2084 1944 1729 2146 2062 1681 1517 1590 1166 
1833 1784 2018 1763 1945 1975 1607 1235 1074 1032 
1908 1792 1865 1784 2083 1760 1556 1703 1241 1170 
1529 1689 1703 1796 2085 1922 2003 1951 1297 1316 
1774 1871 1661 1842 2081 1813 1835 1928 1649 1587 
1230 1413 1442 1598 1850 2103 1824 1713 1890 1417 
1501 1842 1768 2030 2110 2069 1631 1417 1392 1208 
1391 1574 2104 1645 1563 1946 1587 1304 1507 1222 
1621 1308 1944 2191 1690 1942 1640 1544 1005 1107 
1947 1978 1594 1845 1699 1703 1632 1231 1253 1058 
1407 1315 1433 2168 1876 1092 1555 1583 1370 1289 
1610 1730 1566 1343 1449 1382 1252 1596 1571 1424 
1398 1423 1504 1893 1684 1461 1384 1403 1657 1471 
1589 1465 1417 1447 1703 1536 1435 1244 1247 1514 
1647 1465 1381 1778 1998 1701 1801 1687 1415 1674 
1942 1803 1558 1717 1948 1804 2308 1850 1319 1624 
1557 1563 1426 1401 2112 1886 1751 1899 1718 1350 
1576 1344 1620 1739 1577 1835 1934 2084 2159 1806 
1596 1436 1245 1064 1728 1664 1752 1906 1768 1643 
1658 1398 1546 1698 1537 1499 1809 1815 1901 1600 
1725 1839 1458 1611 1972 1756 1630 1619 1180 1572 
1635 1814 1730 1969 1925 1674 1435 1792 1570 1615 
2193 2209 1944 2021 1887 1981 1634 1448 1817 1691 
1743 1735 1922 2026 1707 1765 1645 1574 1589 1605 
1858 2220 1929 1924 1892 1867 1582 1571 2296 1940 
1467 1697 1755 1967 2079 1649 1350 1636 1921 1923 
1927 1875 1961 1880 2180 1612 1350 1746 1725 1850 
1670 1438 1576 1795 1711 1376 1505 1685 2027 1977 
1840 1893 1565 1670 1706 1553 1406 1218 1253 1850 
1383 1619 1554 1534 1249 1189 1211 1365 1664 1557 
1857 2155 1842 1715 1578 1461 1387 1214 1290 1814 
1593 1764 1874 1661 1255 1347 1301 1506 1205 1211 
2141 2208 2238 2022 1608 1404 1537 1149 1368 1458 
2174 2099 2231 2083 1719 1250 1858 1640 1289 1402 
2405 2394 2252 1939 1780 1687 1403 1513 1353 1587 
2210 2139 2159 1913 1907 1710 1822 2144 2014 1729 
2145 2200 2170 1774 2015 1818 1911 1963 2197 2312 
1663 1633 2180 1652 1552 1629 1746 2124 2174 1993 
1954 1741 1826 1929 1450 1572 1636 1807 2145 2121 
1572 1310 1695 1831 1587 1667 1512 1201 1910 1811 
1825 1533 1966 2079 1657 1368 1567 1288 1207 1346 
2003 1928 2064 1960 1888 1841 1405 1602 1839 1824 
2092 1814 1876 2211 1968 2204 2009 1939 1856 1865 
2120 2069 2071 2388 2128 2249 1999 1877 1723 1879 
2111 1911 1648 1957 1788 1529 1853 1861 1840 2008 
2110 2163 1632 1851 1950 1791 2303 2205 1770 2113 
1842 1735 1690 1752 1684 1498 1488 1818 1912 1752 
2100 2175 1985 1755 1455 1858 2061 1817 2209 2302 
1689 1557 1819 1770 1469 1671 1943 1933 2113 2104 
1899 1912 2130 1544 1738 2121 2093 1863 1896 2036 
1901 1568 1688 1946 1929 1483 1538 1776 1949 1736 
1844 1904 1438 1326 1669 1766 1344 1440 1607 1481 
1763 2028 1756 1544 1516 1520 1533 1529 1917 1856 
1643 2053 1329 952 1122 1303 1427 1600 1494 1687 
1691 1688 1802 1355 1255 1520 1644 1693 1765 2209 
1598 1615 1367 1486 1214 862 1261 2017 1933 2136 
1030 1398 1292 1352 1568 1517 1468 1819 1878 1729 
1072 1306 1573 1607 1769 1367 1487 1551 1626 1698 
1276 1369 1575 1473 1439 1502 2004 1625 1168 1313 
867 854 1209 1754 1681 1671 1787 1696 1401 1430 
1713 1575 1758 1968 1493 1417 1836 1652 1666 1539 
1552 1226 1215 1421 1383 1393 1325 1889 1929 1563 
1489 1469 1319 1485 1750 1978 1598 1430 1659 1725 
1368 1550 1589 1397 1276 1523 1584 1287 1493 1609 
1760 1514 1726 1651 1769 1964 1825 1536 1436 1352 
1605 957 1392 1963 1771 1477 1304 1389 1781 1572 
1764 1752 1486 1449 1864 1990 1652 1647 1682 1561 
1281 1504 1888 1645 1595 1639 1476 1537 1174 1160 
1353 1686 1755 1405 1313 1675 1658 1188 1412 1848 
1392 1457 1809 1953 1541 1568 1956 1662 1430 1382 
1539 1520 1501 2188 2014 1487 1668 1341 1104 1165 
1504 1925 1908 1929 1873 1630 1731 1497 1374 1337 
1263 1665 1712 1769 1956 1838 1685 1223 760 891 
1557 1788 1888 1464 1349 1605 1283 1399 1382 1197 
1404 1280 1701 1823 1310 1723 1602 1292 1363 939 
1682 1663 1999 2107 1410 1157 1704 1189 1042 1183 
1421 1252 1909 1933 1659 1270 1240 1463 1287 1063 
1815 1781 1908 2071 1734 1643 1810 1354 1224 1357 
1440 1584 1636 2040 1975 1793 1727 1559 1470 1454 
1382 1714 1391 1786 2008 1852 1996 1750 1344 1483 
1839 2178 1700 1638 2072 1812 1574 1853 1681 1605 
1606 1698 1622 1328 1954 1984 1737 2174 1816 1716 
1614 1638 2035 1577 1782 2095 1499 1870 1739 1551 
1738 1744 1915 1752 1696 1819 1262 1709 1965 1825 
1691 1789 1412 1589 1479 1293 1651 1814 1998 1883 
1490 1805 1390 1620 1917 1504 1229 1462 1831 1504 
1631 1723 1829 1721 1622 1379 1714 1243 1359 1785 
1490 1509 1984 1535 1525 1898 1458 1477 1750 1761 
1768 1408 1951 1769 1353 1859 1835 1650 1738 1751 
1484 1748 1798 1567 1530 1893 1763 1309 1212 1258 
1330 1779 1876 1820 1519 1498 1831 1682 1583 1736 
1448 1985 1572 1311 1569 1703 1825 1668 1381 1428 
1240 1298 1332 1564 1589 1631 1986 1905 1759 1440 
1958 1705 1483 1281 1854 1615 1394 1785 2053 1910 
1578 1034 1239 1214 1274 1617 1627 1669 2013 1673 
2091 1942 1596 1035 1350 1542 1571 1449 1470 1439 
1936 1604 1499 1197 1162 1507 1329 1198 1348 1429 
1729 1752 849 1220 1657 1440 1290 1574 1336 1094 
2101 1722 1682 1667 1631 1454 1601 1399 1267 1167 
1884 1389 957 1314 1472 1258 1289 1739 1400 1213 
1510 1423 1250 1310 1323 1192 1395 1460 1155 1290 
1501 1471 1425 1023 1368 1476 984 1416 1776 1449 
1082 991 1384 1079 1051 1371 1023 858 1413 1479 
1498 1429 1279 1239 1200 1388 1286 973 1242 1397 
1268 1246 1244 1328 1373 1621 1290 1156 1518 1594 
1436 1613 1378 1703 1682 1308 1845 1708 1215 1792 
1448 2073 1726 1831 1758 1249 1419 2005 1737 1632 
1126 1343 1921 1843 1407 1756 1709 1639 2143 2207 
1439 1307 1836 1875 1359 1521 1656 1805 2104 2270 
1279 1155 1543 1654 1629 1928 1815 1819 2225 2374 
1529 1590 1544 1421 1649 1625 1565 1742 1680 2115 
1391 1764 1376 1362 1363 1338 1921 1965 1598 2041 
1039 1436 1640 1836 1678 1606 1737 1724 1505 1445 
1276 1539 1957 1672 1011 1484 1696 1288 958 1161 
1568 1459 1583 1817 1605 1515 1709 1490 1200 1151 
1919 1754 1511 1513 1692 1466 1371 1410 1502 1157 
2091 1704 1523 1561 1420 1146 1538 1514 1737 1456 
2009 1903 1722 1735 1818 1579 1163 1189 1624 1386 
2073 2119 2087 1389 1265 1369 1140 1187 1688 1760 
1985 1986 1782 1461 1166 1609 1534 1559 1619 1820 
2081 2310 1656 1700 1828 1424 1465 1383 1426 1553 
2251 2317 1979 1905 1684 1240 1728 1485 1251 1436 
2151 1887 1648 1957 1970 1663 1404 1473 1494 1640 
2200 1827 1962 2072 1696 1798 1943 1661 1260 1264 
1767 1637 1889 2321 2064 2259 1921 1526 1339 1356 
1646 1842 1910 2205 1958 1661 1996 1627 1584 1635 
1166 1429 1407 1739 2014 1724 2058 2006 1909 1980 
1268 1215 1701 1914 2055 1982 1837 2316 2474 2044 
1711 1517 1618 1746 1642 1632 1906 1742 1940 2267 
1335 1478 1429 1449 1441 1456 1876 2254 2067 2339 
1684 1852 1620 1625 1655 1422 1569 1858 1707 1995 
1267 1599 1218 1240 1346 1143 1324 2042 1732 1950 
1396 1466 1483 1299 1851 1459 1190 2076 1994 1974 
1290 1476 1340 981 1613 1669 1199 1711 1991 1993 
1160 1242 1270 1224 1190 1547 1559 1441 1591 1584 
1622 1941 1401 1098 1685 2030 1773 1486 1833 1795 
1397 1630 1655 1327 1254 1560 1730 1665 1497 1728 
1445 1472 1629 1711 1670 1791 1873 2082 1924 1631 
1781 1704 1773 1793 1583 1363 1789 1588 1262 1462 
1539 914 1643 1916 1416 1549 1571 1506 1515 1441 
1973 1622 1240 1855 1465 1319 1379 1421 1287 1096 
1335 1371 1370 1435 1700 1684 1104 1370 1515 1140 
1654 1556 1476 1242 1285 1568 1318 1154 1333 1244 
1413 1618 1234 1317 1892 1658 1388 1509 1766 1746 
1658 1701 1447 1152 1124 1627 1721 1356 1407 1697 
1474 1486 1652 1613 1278 1202 1520 1568 1439 1468 
1311 1599 1673 1192 1207 1601 1454 1205 1423 1885 
1415 1732 1559 1430 1204 1286 1221 1627 1818 1592 
1227 1322 1383 1517 1911 1655 1257 1461 1715 1416 
1468 1642 1622 1614 1654 1332 1547 1615 1961 2166 
1038 1154 1622 1450 1784 1810 1524 1848 2055 1951 
1629 1589 1864 1850 1485 1852 2068 1816 2113 2383 
1787 1613 1505 1723 1771 1552 1447 1852 2286 2226 
2164 1802 1673 1923 2036 1524 1706 1884 1809 2037 
1502 1758 1724 1949 2340 1802 1558 2082 1988 2111 
1906 2231 2183 1793 1607 2014 1691 1480 1868 2022 
1558 1630 1949 1732 1693 2337 2216 1858 2001 1860 
1443 1447 1789 1946 1759 2106 1909 1477 1612 1825 
1337 1435 1886 1833 1720 1589 1664 1727 1405 1424 
1262 1220 1713 1789 1911 1623 1930 1640 728 1182 
1400 1573 1896 1823 1733 1632 1570 1436 1225 1115 
1252 1477 1667 1946 1689 1590 1594 1447 1478 1531 
1606 2212 1879 1646 1743 1959 1624 1556 2049 1561 
1283 1686 1715 1744 1790 1870 1645 1486 1729 1906 
1592 1889 2009 2201 2191 1771 1617 1822 1958 1929 
1335 1286 1880 1889 1572 1449 1896 1582 1377 1552 
1585 1569 1744 1922 1975 1563 1551 1618 1453 1809 
1176 1477 1577 1577 1343 1316 1468 1821 1672 1831 
1461 1595 1215 1325 1403 1451 1273 1534 2040 1868 
1402 1172 1164 1303 1381 1573 1686 1308 1774 2052 
1189 746 1129 1512 1365 1613 1490 1386 1532 1767 
1196 1213 1230 1365 1248 1886 1865 1619 1268 1249 
1038 989 1464 1421 1533 1759 1753 1655 1208 1189 
1273 1211 1449 1732 2010 1488 1790 2115 1465 1302 
1372 1550 1751 1567 1718 1949 2078 1907 1777 1726 
1262 1082 1286 1966 1862 1597 1998 2234 2159 1935 
1712 1755 1698 1948 2007 1944 2105 2090 2207 2421 
1503 1613 1548 1724 1790 1450 1529 2060 2036 1928 
1679 1872 1861 1556 1674 1646 1830 1857 1705 1766 
1581 1494 1877 1830 1575 1596 1389 1400 1441 1399 
1987 1731 1823 1785 1481 1596 1384 1209 1738 1823 
1984 1600 1407 1580 1238 1343 1165 1522 1624 1602 
1401 1445 1513 1454 1192 1482 1134 1241 1492 1646 
1493 1905 1510 1219 1266 645 1323 1285 996 1461 
1455 1426 1558 1644 1247 1032 1078 1328 1057 1274 
1283 1287 1196 1681 1885 1271 1245 1548 1157 1079 
1236 1713 1913 1604 1674 1474 1333 1525 1340 1172 
1146 1478 1794 1563 1882 2161 1903 1706 1992 1722 
1196 1598 1583 1661 1825 1677 1912 1684 1509 1996 
1414 1602 1699 1600 1829 1987 1970 1913 1686 1521 
1388 1370 1462 2082 1995 1791 1540 1411 1590 1607 
1368 1763 1437 1758 1759 1814 1920 1539 1164 1222 
1326 1325 1370 1755 1762 1830 1923 1627 1572 1361 
1285 1301 1368 1755 1715 2168 2041 1523 1679 1801 
1158 1582 1500 1285 1453 1596 1570 2085 2093 1711 
974 1201 1741 1610 1593 1716 1550 1414 1699 1901 
1392 1467 1609 1782 1643 1170 1718 1779 1354 1719 
1438 1213 1566 1760 1560 1382 1602 1605 1271 1715 
1390 1267 1328 1953 1686 1485 1567 1712 1829 1955 
1239 1631 1610 1713 1517 1356 1454 2039 2364 2079 
1777 1723 1524 1383 1636 1367 1519 1849 2189 2337 
1620 1804 1589 1309 1900 2006 1606 2003 2366 2610 
1525 1569 1914 1824 1421 1555 1611 1709 1838 2094 
1952 2044 1775 1793 1729 1796 1624 1523 1968 1944 
1776 1514 1804 1917 1362 1616 1809 1538 1662 1831 
1932 1762 1334 1843 1856 1655 1881 1551 1612 1887 
1773 2149 1922 1688 1981 1796 1597 1754 1782 1562 
1516 1508 1853 1841 1598 1474 1764 1641 1558 1898 
1526 1666 1689 1475 1832 1846 1416 1942 2177 1882 
1687 1216 1449 1306 1593 1790 1533 1542 1792 1833 
1457 1060 1186 1442 1023 1718 1875 1708 1849 1881 
1454 1613 1247 1241 1080 1439 1686 1310 1204 1668 
844 947 1116 1141 704 1043 1473 1332 1614 1718 
1312 1324 1144 1185 1652 1416 1363 1490 1705 1553 
1180 1267 1573 1211 1348 1734 1319 1477 1606 1684 
1390 1464 1559 1689 1593 1887 1676 1569 1661 1683 
1408 1559 2136 2044 1605 1719 1703 1666 1385 1579 
1718 1607 1894 2012 1808 1570 1688 1821 1666 1699 
1418 1562 1513 1755 1826 1764 1816 1658 1661 1444 
1512 1672 1369 1704 2075 1535 1356 1629 1693 1705 
1765 1863 1624 1656 2266 1622 1327 2092 1972 1827 
1623 1350 1448 1739 1724 1627 1728 1971 1867 1807 
1640 1558 1478 1778 2138 1882 1749 2147 2013 2336 
1908 1889 2221 1879 1656 1845 1867 1818 1789 1966 
1808 1604 1897 2114 1533 1525 1749 1864 2274 2299 
2011 2037 2127 1958 1568 1966 1746 1263 1713 1937 
1944 1821 1824 1880 1100 1161 1474 1213 1652 1744 
1680 2001 1618 1410 1583 1510 1357 1382 1462 1754 
1885 2065 1889 1380 1293 1254 1297 1761 1790 1670 
1413 1328 1237 1429 1391 1288 1409 1592 1487 1787 
1926 1936 1626 1640 1661 1375 1420 1785 2013 1832 
1372 1447 1566 1828 1758 1446 2058 1698 1412 1583 
2152 2070 1875 1818 2005 1364 1253 1652 1241 1150 
1908 1634 1680 2048 2008 1865 1696 1423 1464 1326 
2084 1929 1878 2022 2070 2014 1704 1607 1487 1240 
2076 1937 1799 2236 1905 1864 2198 1551 1393 1299 
1683 1981 1559 1874 2048 1730 2388 1655 1192 1569 
1838 2069 1858 1575 1560 1491 1960 1800 1271 1442 
1381 1366 1801 1678 1633 1955 1998 2048 1938 1856 
2234 1928 1974 1520 1420 1614 1780 1848 1831 1715 
1668 1496 1486 1593 1692 1919 2028 2004 1645 1692 
2080 1888 1934 1957 1517 1770 2108 2131 2053 2023 
1216 1531 1501 1677 1879 1883 2164 1850 1667 1527 
1349 1640 1776 1772 2083 1901 1659 2180 2190 1689 
1192 1080 1117 1702 1947 1845 2096 1890 1917 1929 
1563 1393 1150 1768 1935 1358 1944 2339 1746 2075 
950 1197 1356 1807 1544 1601 1882 2105 1940 2120 
1387 1871 1820 1528 1510 1291 1393 1702 2115 2082 
1453 1307 1765 1447 1625 1622 1077 1654 2310 2178 
1745 1542 1783 1705 1613 1974 1312 1487 2118 2167 
1858 1875 1607 1698 1582 1198 1279 1523 1737 1968 
1538 1853 1734 1510 1737 1739 1917 1834 1808 2296 
2049 2484 2386 1783 1547 1725 2062 1869 1921 2185 
1623 2038 2124 1912 1763 1861 2017 1721 1715 1728 
2157 2317 2511 2264 1698 1670 1841 1949 2230 2142 
1670 1917 2079 2216 1927 1528 1834 1775 1398 1439 
1888 2219 2003 1941 1875 1538 1620 1442 1348 1437 
1451 1704 1968 1858 1830 1818 1540 1244 1127 1234 
1722 1710 2147 1707 1772 1743 1393 1298 1297 1209 
1423 1591 1921 1727 1569 1823 1385 1191 1070 1008 
1854 1947 1627 1573 1717 1315 1188 1573 1787 1328 
1579 1946 1465 1471 1635 1477 1376 1602 1573 1571 
1974 2102 1928 1558 1198 1298 1173 1900 2070 1760 
1635 1757 1761 1725 1621 1652 1546 1624 2208 2196 
1882 1682 2077 1927 1304 1258 1821 1775 1817 2210 
2330 2013 1764 1791 1777 1225 1509 1676 1688 1839 
2165 1894 1861 1405 1332 1271 1579 1395 1304 1561 
1893 1978 1628 1486 1583 1387 1352 1246 1128 1416 
1852 2201 2069 1613 1605 1648 1508 1302 1388 1224 
1820 1937 1805 2018 1699 1566 1582 1390 1262 1044 
1797 2085 1957 1847 1762 1714 1544 1570 1533 1639 
1690 1644 1969 2084 1390 1309 1592 1894 1243 1184 
1953 2079 1663 1592 1642 1451 1437 1314 1437 1395 
1728 1650 1530 1695 1621 1195 1782 1586 1347 1537 
1795 1557 1338 1051 1744 1682 1481 1583 1481 1284 
1848 1639 1484 1440 1579 2020 1887 1780 1660 1285 
1566 1689 1378 1225 1694 1761 1527 1675 1438 1249 
1530 1874 1490 837 1391 1492 1438 1587 1315 687 
1805 1812 1435 1257 1590 1404 1096 1145 1029 979 
1804 1397 1332 1310 1333 1227 1051 1243 1408 1194 
2425 2018 1793 1961 1624 1327 1317 1094 1334 1088 
1682 1672 1949 1836 1614 1518 1201 1124 1299 1271 
1852 2210 2262 1752 1768 1632 1325 1186 1117 1272 
1542 2089 1933 1813 1953 1806 1339 1357 1119 1253 
1860 1995 1635 1849 2033 1537 1112 1333 1421 1344 
1733 1676 1484 1675 1498 1469 1876 1481 1289 1602 
2232 1920 2064 1812 1766 1735 1624 1651 1539 1598 
1991 1913 2101 1809 1352 1950 1633 1217 1331 1494 
1625 1954 1753 1808 1577 1433 1351 1457 1681 1403 
1967 2157 1717 1768 2053 1535 1490 1532 1785 1552 
1579 1569 1513 1601 1745 1358 1145 1649 1614 1462 
1288 1313 1434 1595 1870 1445 1187 1680 1879 1783 
1361 1691 1657 1402 1444 1684 1713 1537 1419 1790 
1485 1085 1549 1950 1337 1508 1825 1699 1592 1899 
1342 1066 1281 1517 1386 1830 1915 1355 1295 1546 
1321 1086 1495 1471 1422 1526 1520 1369 1485 1421 
1290 1132 1428 1266 1894 2129 1493 1511 1677 1484 
1411 1459 1644 1371 1519 1679 1362 1287 1312 1147 
1057 1263 1155 1569 1821 1428 1552 1648 1607 1334 
1461 1719 1321 1387 1587 1444 1187 1442 1501 1341 
1573 1464 1093 1703 1885 1435 1271 1562 1807 1631 
1435 1431 1493 1440 1561 1683 1568 1656 1909 2041 
1805 1803 1945 1496 1658 1905 1839 1663 1916 2004 
1487 1740 1905 1559 1826 2157 2547 2094 1904 2418 
1930 2196 2028 1796 2263 1787 1759 2235 1874 2082 
1465 1848 1578 2117 2233 1923 2152 2528 2035 1965 
1718 1972 1782 1669 1967 1703 1679 1985 1603 1462 
1480 1167 1715 2102 1936 1608 1663 1956 1450 1523 
1766 2064 1452 1311 1799 1886 1368 1513 1766 1265 
1014 1292 1461 1528 1613 1626 1708 1340 1486 1535 
1497 1892 1614 1675 2063 1721 1333 1735 2264 1904 
655 1127 1435 1359 1131 1503 1488 1536 1904 1894 
1054 1188 1509 1095 1417 1916 1461 1592 1855 2215 
1337 1035 1434 1455 1113 1807 1676 1307 1830 1887 
1715 1346 1236 1211 1177 1597 1755 1220 1405 1721 
1589 1163 1521 1652 1255 1552 1734 1795 1480 1455 
1769 1736 1478 1662 1743 1635 1608 1573 1303 1160 
1760 1614 1646 1608 1764 1542 1884 2083 1170 1241 
1932 1709 1482 1771 2148 1879 1425 1831 1540 1286 
1660 1678 1579 2009 1795 1643 1842 1492 1395 1172 
1858 1638 1724 2297 1983 1527 1769 1451 1794 1486 
2090 1922 1696 1756 1788 1693 1916 1419 1439 1411 
1581 1465 1518 1873 1589 1608 1814 1551 1629 1783 
1853 1748 1502 1336 1528 1462 1340 1374 1384 1577 
1754 1622 1532 1441 1048 1390 1910 1717 1508 1578 
1969 1885 1296 1652 1328 929 1286 1187 1357 1557 
1631 1703 1540 1065 1008 1503 1407 1495 1548 1516 
2040 1807 1858 1646 1742 1646 1537 1774 1872 1628 
1975 2025 2041 1432 1798 1747 1359 1953 1655 1596 
2038 2097 2157 1622 1558 1753 1325 1607 1678 1615 
1907 1911 1874 1557 1568 1789 1691 1412 1696 1643 
1616 1738 1713 1755 1990 1849 1517 1433 1544 1385 
1686 1632 1770 1702 1421 1408 1490 1220 1485 1571 
1508 1378 1244 1444 1728 1402 1479 1902 1737 1674 
1724 1612 1830 1457 1644 1568 1665 1621 1608 1471 
1684 1768 1838 1535 1773 1664 1379 1748 1830 1893 
1665 1657 1620 1498 1574 1459 1264 1253 1225 1253 
1865 1774 1378 1754 1877 1714 1749 1440 1628 1844 
1818 1816 1366 1554 1838 1750 1807 1594 1337 1365 
1329 1565 1510 1774 1681 2007 1568 1500 1898 1717 
1601 1758 1914 2027 1562 1768 1937 1730 1695 1540 
1103 990 1638 2111 1644 1825 2296 1917 1305 1361 
1373 1246 1707 2100 2003 1592 1885 1631 844 1120 
1331 1636 1684 1736 1987 1926 1992 1870 1364 1431 
1504 1958 1749 1473 1828 1661 1573 1415 1371 1011 
1541 1998 1834 1647 1709 1878 1780 1331 1728 1777 
1771 1911 2180 1680 1401 1411 1105 1688 1634 1591 
1743 1186 2094 2116 1239 1545 1375 1168 1677 1687 
1589 1518 1728 2056 1507 1315 1569 1374 1120 1181 
1518 1660 1645 1765 1596 1629 1329 1027 1416 1726 
1322 1750 1341 1945 1885 1656 1808 1778 1521 1259 
1252 1794 1605 1335 2031 1689 1236 1629 1652 1555 
1365 1337 1724 1677 1873 1878 1660 1749 1747 1749 
1371 1574 1715 1631 1868 2096 1598 1740 1691 1647 
1279 1461 1970 1827 1629 2042 1926 1330 1671 1733 
1385 1673 1675 1784 1632 2194 2420 1872 1698 1735 
1306 1544 1828 1502 1621 1783 1843 1408 1098 1265 
1551 1587 1790 1919 1672 1599 2124 1912 1438 1374 
1879 2034 1742 1551 1667 1655 1757 1613 1096 955 
2053 1677 2142 2053 1618 1558 1652 1355 1124 1088 
2207 2115 1929 1976 1587 1448 1736 1627 1305 1079 
1967 1933 2084 2094 1957 1774 1713 1415 1316 1006 
1956 1579 1777 2201 1907 1392 1801 1514 1382 1536 
1655 1332 1843 2140 1831 1899 1894 2057 1844 1623 
1483 1232 1606 2185 1812 1896 1976 1878 1772 1880 
1087 1339 1634 1581 1754 1811 1888 1930 2095 2065 
1110 1325 1678 1793 2040 1795 1857 2022 1958 2416 
1070 1541 1330 1314 1803 1688 1482 1942 2113 1985 
1475 1551 1531 1530 1933 1805 1810 1760 1864 2051 
1452 1493 1504 1434 1895 2170 1661 1716 1729 1498 
1643 1659 1938 2040 1422 1884 1664 1498 1774 1830 
1458 1611 1694 1795 1647 1745 1918 2269 2040 1671 
1389 1599 2057 1892 1806 1982 1762 1873 2056 2137 
1346 1543 1570 1625 1801 1635 1991 2360 2373 2534 
1495 1733 1520 1570 1727 1848 1536 1665 1954 2019 
1078 1453 1375 1480 1406 1790 1860 1801 2155 2429 
1277 1574 1812 1880 1649 1396 1716 1910 1997 1896 
1338 1813 1430 1198 1414 1541 1570 1512 1824 2026 
1315 1662 1571 1427 1485 1135 1225 1629 2127 1966 
1298 1198 1416 1223 1206 1345 1094 1327 2026 2008 
1378 1145 1675 1554 1131 1404 1312 1561 1439 1471 
1571 1100 1800 1960 1572 1537 1306 1455 1580 1842 
1996 1848 1701 1883 1551 1642 1820 1562 1554 1590 
1595 1555 1472 1901 1870 1641 1935 1705 1402 1690 
2002 1884 1816 2061 1828 1792 1854 1647 1616 1495 
1410 1440 1326 1456 1589 1532 1884 1792 1332 1818 
1762 1618 1402 1783 1929 1703 1801 1817 1806 1631 
1747 1669 1253 1466 1988 1660 1930 1959 1867 1814 
1612 1264 1329 1900 1940 1644 1832 1951 1790 1693 
1839 1795 1307 1533 1660 1786 1846 2150 2161 2188 
1386 1096 1438 1497 1628 1837 2008 2285 1798 1730 
1683 1526 1897 1475 1623 2095 1934 1976 2124 1914 
1539 1723 1668 1426 1835 2062 2174 1874 1709 1527 
2029 2058 1742 1567 2011 2312 2076 2055 1824 1684 
2035 1873 1441 1771 2131 2091 2203 2016 1746 1325 
1894 1842 1775 2094 2193 1911 2124 2089 1687 1345 
2051 2121 1685 1933 2350 1928 2021 2063 1444 1339 
1767 1882 1956 1916 1955 1943 1836 1812 1251 1224 
2328 2279 2058 1800 1888 1620 1708 1653 1238 1316 
1752 1885 1975 1726 1726 1523 1639 1720 1538 1474 
1423 1680 1821 1702 1621 1359 1157 1256 1293 1462 
1576 2095 2022 1736 1588 1562 1439 1621 1880 1747 
1515 1568 1776 1410 1296 1661 1574 1495 1683 1882 
1679 1888 1829 1729 1895 1910 1757 1760 1676 1697 
1970 2170 2462 2008 2092 1570 1677 2007 1625 1577 
2073 1740 2094 1933 1899 1640 1627 1709 1167 1275 
1933 1624 1630 1946 1562 1531 1380 1139 1051 829 
2016 1672 1855 1941 1505 1421 1676 1398 1269 1114 
1209 1383 1248 1353 1704 1183 1192 1609 1495 1350 
1812 2073 1812 1449 1577 1372 1119 1924 1930 1680 
1693 1432 1011 1542 1745 1096 1415 1624 1419 1636 
2113 2031 1336 1596 1985 1524 1470 1574 1575 1722 
1718 1708 1387 1506 1452 1463 1420 1183 1057 1075 
1997 2058 1667 1234 1248 1337 1369 1124 1215 1145 
1467 1560 1608 1399 1468 1648 1273 1247 1186 804 
1991 1795 2014 1727 1381 1054 1184 1266 1218 1124 
1790 1552 1553 1719 1395 1322 1394 1464 1454 1550 
1504 1833 1357 1805 1781 1086 1300 1635 1181 1207 
1555 1746 1662 1541 1780 1418 1248 1281 1322 1283 
1460 1540 1318 1468 1890 1710 1213 1446 1696 1616 
1456 1613 1629 1163 1562 1550 1428 1370 1347 1126 
1357 1549 1704 1329 1620 2326 1792 1711 2052 2011 
1746 1767 1977 1483 1216 1607 1709 1530 1671 1596 
1767 1424 1709 1771 1314 1535 1933 1647 1864 2121 
1573 1172 1582 1897 1332 1358 1463 1478 1399 1470 
1780 1516 1713 1906 1276 1130 1715 1543 1476 1925 
1701 1584 1696 1868 1548 1136 1682 1710 1319 1591 
1637 1545 1575 1684 1612 1441 1763 1604 1144 1384 
1922 2057 1305 1783 1828 1323 1948 1585 1082 1548 
1568 1543 1257 1746 1886 1359 1642 1603 1061 1006 
1857 1981 1507 1545 1508 1372 1798 1854 1304 1305 
1494 1843 1792 1300 1605 1490 1404 1654 1187 935 
1577 1858 1787 1313 1470 1461 1417 1347 1110 1090 
1529 1593 1713 1700 1528 1231 1403 1483 1386 1387 
2014 1867 1453 1514 1526 1141 1089 1660 1656 1343 
1543 1436 1461 1625 1468 1288 1399 1574 1902 1612 
1867 1741 1913 1659 1709 1620 1230 1683 2011 1978 
1551 1644 1739 1557 1736 2155 1774 1816 1846 1744 
1979 1751 2101 2008 1820 2238 1728 1131 1266 1445 
1901 1840 1907 1900 1830 2158 2008 1483 1582 1640 
1870 1958 2165 2261 1810 1602 1848 1589 1202 966 
1748 1827 1772 1698 1751 1691 2021 1597 1078 1305 
1682 1795 1842 1575 1737 1354 1480 1734 1357 1425 
1175 1189 1413 1248 1079 1634 1796 1713 1658 1398 
1387 1221 1184 1459 994 1294 1693 1324 1823 1589 
1572 1266 797 1442 1192 830 1831 1632 1410 1490 
1329 1204 1123 1320 1441 964 1246 1661 1252 1269 
1736 1809 1248 1128 1387 1012 1351 1908 1420 1715 
1305 1684 1253 972 1663 1562 1364 2031 1840 1724 
1461 1540 1362 1206 1483 1589 1443 1591 1824 1679 
1751 1912 1540 1428 1506 1766 1866 1836 2081 2290 
1359 1097 1172 1086 1404 1644 1615 1672 2014 1719 
1928 1634 1523 1667 1577 2077 1467 1514 2127 1933 
1445 1423 1507 1629 1355 1744 1772 1679 1683 1672 
1489 1553 1881 1829 1520 1538 1696 1712 1797 1637 
1080 1427 1885 1725 1780 1731 1715 1716 1686 2026 
1856 2058 2498 2170 1931 1698 1968 2044 1972 1996 
2045 2153 2057 2400 2115 1876 1719 1485 1616 1789 
2292 2557 2352 2303 2005 1662 1840 1421 1447 1885 
2213 2286 2327 1992 1679 1314 1638 1428 1045 1294 
1920 2124 2061 2050 1837 1927 1562 1274 1521 1553 
1826 2167 2150 1898 1607 1649 1624 1631 1850 1738 
1553 1515 1871 2109 1982 1616 1418 1667 1964 1688 
1634 1732 1608 1632 2015 1650 1606 1810 1896 1970 
1233 1381 1750 1953 2049 1664 1370 1577 1125 1509 
1632 1842 1919 1643 1266 1499 1618 1361 1327 1495 
1156 1594 1802 1906 1917 1925 1804 1537 1491 1547 
1626 1853 2445 1812 1709 1730 1423 1524 1755 1473 
1912 1655 2005 1937 1751 1681 1765 1991 1995 2124 
1888 1827 1587 1582 1896 1966 1475 2239 2178 1962 
1953 1920 1972 1822 1544 1729 1626 1714 1901 1894 
1304 1506 1332 1416 1424 1250 1129 1361 1889 1778 
1538 1575 1818 1342 1256 1689 1706 1411 1957 1844 
1210 875 1110 1496 1739 1790 1267 1114 1647 1489 
1869 1798 1315 1337 1526 1975 1741 1254 1497 1660 
1624 1809 1196 1526 2138 1995 1877 1809 1579 1618 
1735 2312 1643 1483 2126 1986 1944 1792 1242 1287 
1893 2368 2066 1876 2241 1872 1992 2279 1716 1404 
1902 2122 2101 1970 2307 2217 1809 2104 2073 1770 
2163 2422 2304 2218 1960 2095 2243 1910 1564 1482 
1628 1570 1749 1931 1931 1553 2088 2135 1818 2083 
2110 1899 2172 1774 1786 1831 1873 1726 1273 1506 
1641 1405 1609 1765 1427 1276 1420 1759 1585 1389 
1765 1429 1641 1666 1620 1779 1407 1425 1351 1163 
1814 1391 1576 1929 1533 1753 1495 1426 1644 1364 
1919 1738 1546 1721 1700 1643 1851 1611 1636 1496 
1963 1798 1476 1318 1832 1951 1776 1618 1735 1413 
1488 1604 1473 1399 1797 1975 1855 1479 1911 1698 
1436 1634 1667 1543 1647 1356 1707 1839 1960 1889 
1360 1484 1559 1325 1522 1793 1633 1935 1792 1855 
1320 1028 1169 1598 1264 1172 1197 1728 1679 1756 
1397 1583 1283 1295 1439 1343 1046 1110 1452 1648 
1351 1629 1721 1265 1165 992 1182 937 1027 1155 
1845 2036 1893 1415 1441 1348 1080 1184 1372 1428 
1740 1975 1686 1768 1587 1398 1401 1409 1231 1237 
1986 2130 2002 2023 2253 1557 1285 1993 1936 1827 
1986 1845 2027 2158 2402 2032 1342 1504 1657 1502 
1946 1884 1940 1888 1894 1663 1634 1574 1517 1630 
2069 1834 2120 1879 1766 2033 1488 1194 1511 1284 
1731 1920 1520 1841 1403 1258 1639 1414 1296 1602 
1655 1719 1783 1625 1764 1309 1561 1713 1633 1559 
1359 1329 1451 1569 1928 1647 1564 1759 1704 1729 
1148 1426 1817 1448 1820 1862 1391 1409 1734 1972 
1318 1506 1738 1583 1629 2088 1664 1859 1988 1580 
1041 1572 1032 1215 1643 1763 1594 1391 1261 1478 
1287 1589 1432 1163 1605 1479 1483 1815 1391 1267 
1799 1754 1539 1401 1423 1735 1751 1532 1391 1380 
1479 1650 1261 1213 1383 1646 1527 1672 1913 1678 
1800 1968 1798 1634 1585 1810 1977 1628 1683 1514 
1498 1596 1705 1837 1642 1461 1914 1848 1688 1721 
1972 2075 2046 1874 1821 1631 1742 1613 1406 1602 
1815 1919 2180 1733 1624 1804 1366 1333 1712 1510 
2060 2051 2080 1590 1748 1865 1578 1324 1705 1665 
2238 2218 2319 2032 1731 1869 1875 1333 1391 1521 
2062 1834 1937 1843 1349 1549 1761 1361 1436 1717 
2233 2088 2284 2249 1323 1420 1677 1533 1309 1295 
1435 1717 1863 1767 1752 1669 1328 1680 1750 1534 
1560 1792 1890 1935 1692 1315 1325 1311 948 1034 
1183 1290 1081 1550 1963 1373 1245 1312 1034 1240 
1255 1251 1304 1883 1692 1566 1649 1256 1069 1202 
1394 1242 1457 1871 1315 1417 1762 1189 916 960 
1574 1101 1565 1815 1356 1466 1784 1686 1563 1676 
1655 1398 1536 1871 1695 1781 1872 1926 1567 1526 
1805 1792 1833 1448 1727 1596 1592 1742 1660 1486 
1552 1136 1882 1540 1668 1914 1901 1920 1712 1696 
2197 2233 1826 1645 1708 1801 1616 1615 1228 1422 
1711 1631 2038 1871 1671 1552 1304 1918 1989 1558 
1847 1823 2015 2026 1874 1790 1533 1505 1886 1849 
1858 2294 2429 2249 1829 1862 1652 1704 2260 2161 
1517 1529 2098 2243 1683 1786 1774 1425 1766 2113 
2008 2399 2216 2268 2419 2039 1735 1722 2296 2155 
1416 1707 2336 2287 1892 1981 1597 1312 1622 1815 
2187 2257 2335 2072 2076 1845 1698 1686 2029 2154 
1822 2014 2419 2087 1896 2032 1846 1464 1266 1630 
1940 1874 2217 1727 1694 1932 1600 1563 1602 1754 
2010 1905 2163 1697 1232 1924 1886 1249 1180 1374 
1981 1506 1668 1694 1246 1381 1835 1849 1481 1470 
2041 1728 1520 1530 1162 1596 1968 1462 1394 1210 
2048 1472 1555 1833 1502 1219 1828 2115 1868 1666 
2330 1799 1669 1655 1700 1676 1574 1875 1950 1633 
2153 2049 1722 1727 1738 1600 1601 1661 1671 1559 
1974 2076 1820 1386 1766 1961 1407 1423 1639 1731 
2113 2152 1795 1609 1587 1578 1625 1276 1363 1596 
1770 1631 1706 1530 1469 1230 1344 1522 1413 1605 
1641 1393 1543 1550 1436 1289 1183 1714 1563 1557 
1908 2038 1605 1537 1379 1261 1269 1246 1463 1524 
1793 1974 1814 1471 1593 1367 1420 1479 1436 1286 
1538 1595 2134 1872 1338 1643 1468 1298 925 1148 
1872 1904 2184 2264 1786 1628 1534 1577 1485 1218 
1453 1648 2087 1817 1911 1597 1281 1358 1475 1372 
1767 1879 1778 1565 1725 1662 1443 1626 1553 1438 
1473 1712 1442 1704 1787 1854 1419 1108 1527 1622 
1793 1709 1420 1427 1252 1182 1437 1432 1460 1573 
1989 1842 1370 1373 1419 1721 1466 1309 1500 1571 
2089 1694 1473 1133 1051 1247 1370 1823 1948 1775 
1460 1195 1737 1489 1318 1615 1542 1597 1738 1644 
1823 1996 2093 1401 1102 1421 1730 1469 1599 1714 
1159 1034 1501 1620 1444 1273 1747 1443 1229 1532 
2041 1823 1709 1705 1518 1368 1694 1457 1228 1434 
1533 1641 1199 1955 1703 1127 1385 1682 1549 1333 
1676 2019 1740 1518 1668 1728 1590 1468 1713 1752 
1431 1608 2195 2004 1466 1677 1843 1481 1361 1465 
1548 1816 1894 1858 1636 1494 1843 1640 1342 1401 
1767 1786 2135 1935 1965 2172 1874 1788 1506 1650 
1780 1535 1675 2058 1975 1822 1478 1967 1953 1397 
2315 2142 1990 1925 1864 1905 1876 1930 2199 1976 
2340 1791 1695 1945 1996 1749 1806 1730 1823 1552 
2413 1996 1645 1819 1832 1842 1857 1646 1831 1989 
2120 1954 1485 1559 1665 1883 1469 1575 1659 1630 
1746 1868 1695 1383 1752 2199 2013 1911 1984 1645 
1660 1788 1685 1416 1568 1771 2037 1790 1461 1825 
1179 1043 1722 1631 1354 1896 2083 1970 1763 1813 
1586 1337 1726 1822 1625 1676 2164 1701 1532 1496 
838 808 1453 1614 1648 1897 1814 1584 1639 1505 
1368 1391 1405 1497 1924 1603 1520 1928 1755 1562 
1329 1378 1205 1161 1560 1715 1472 1771 2268 1834 
1456 1200 1230 1616 1571 1425 1731 1832 1974 1826 
1440 1429 1380 1122 1308 1348 1392 1272 1559 1842 
1668 1639 1819 1484 1458 1816 1735 1664 1401 1700 
1542 1556 1514 1112 1223 1749 1605 1289 1033 1306 
1405 1509 1835 1942 1951 2208 1922 1684 1169 1000 
1154 1366 1435 1687 1645 1780 1783 1301 1234 1043 
1228 1839 1591 1941 2194 1852 1927 1599 1559 1049 
928 1259 1694 1952 1883 1868 1996 1617 1556 1233 
1425 1570 1617 1810 2037 1991 1815 1356 1353 1234 
1386 1207 1546 2114 2038 2113 2021 1894 1670 1603 
1405 1468 1298 1757 1967 1938 1541 1740 1857 1793 
1440 1640 1571 1484 1566 1729 1989 2017 2004 1670 
1202 1714 1399 1171 2099 2145 1761 1955 2281 2291 
1347 1825 2006 1411 1745 1885 1805 1765 1695 1564 
1260 1342 1278 1342 1717 1429 1877 1636 1319 1444 
1617 1390 1410 1367 1811 1430 1421 1571 990 1109 
994 834 1304 1310 1217 1698 1483 1375 1364 1112 
1494 1672 1534 978 1046 1655 1394 1043 1395 1290 
1265 1427 1733 1478 1268 1996 1872 1530 1790 1906 
1572 1457 1755 1618 1169 1380 1763 1631 1788 1949 
1780 1416 1915 2414 1530 1553 1983 1855 1476 1666 
2135 1532 1770 2167 1639 1582 1459 1684 1498 1555 
1898 1493 1601 2172 1503 1629 1559 1203 1180 1178 
1828 1846 1786 1503 1697 1648 1643 1318 1185 1181 
1514 1693 1824 1388 1679 1798 1583 1647 1345 1253 
1746 1819 1764 1554 1900 1815 1429 1686 1684 1352 
1971 1993 1478 1492 1938 1917 1678 1643 1766 1656 
1671 1748 1740 1722 1950 1854 1582 1512 1921 1509 
1950 2198 1880 1215 1311 1845 1935 1560 1836 1895 
1732 2204 1950 1304 1356 1851 1920 1375 1240 1361 
1591 1905 1969 1087 1357 1776 2006 1583 1619 1564 
2089 2239 2272 1969 1445 1786 2070 1635 1018 1239 
1573 1535 1712 1597 1447 1564 1752 1485 1204 998 
1923 1991 1960 1867 1836 1679 1795 1732 1231 1002 
1495 1659 1507 1431 1515 1429 1240 1212 1135 972 
1287 1526 1516 1313 1293 1291 1647 1572 1439 1315 
1372 1359 1398 1133 1035 1171 1281 1559 1377 1449 
1235 1015 1020 1355 965 1163 1359 1458 1308 1381 
1159 980 1092 1460 1398 989 1224 1294 1625 1663 
1215 1233 1354 1408 1536 1420 1648 1559 1470 1370 
1116 1143 1092 1294 1429 1347 1425 1277 1422 1792 
1108 1309 1137 1027 1478 1674 1718 1965 1875 1574 
943 1037 1330 1241 1428 1870 1685 1482 1613 1644 
1047 1147 1398 1493 1245 1739 1709 1272 1238 1372 
1543 1626 1648 1166 1642 1839 1543 1391 1262 1440 
1293 1088 1612 1845 1641 1901 1592 1356 1406 1067 
1735 1781 2083 1862 1811 1534 1654 1744 1293 1133 
1149 1139 1685 1858 1491 1480 1445 1488 1556 1497 
1158 1615 1437 1687 1821 1573 1391 1749 1790 1583 
1005 1529 1453 1275 1517 1529 1516 1714 1682 1914 
1220 1551 1539 1705 1893 1820 1382 1716 2170 2203 
1654 1803 2023 1394 1360 1977 1589 1672 1762 2007 
1984 1956 2093 1923 1825 1875 1748 1671 1685 2000 
2109 2032 2073 1853 1546 1391 1941 2073 1793 1714 
1959 2069 1735 1957 1822 1641 1953 1585 1276 1464 
2106 2025 1879 2092 1919 1413 1822 1870 1619 1328 
2282 2072 1986 2013 2124 1960 1475 1115 1374 1173 
2104 2154 2303 1850 1673 1792 1815 1625 1584 1421 
2287 2410 2534 2130 1913 1971 1576 1486 1311 1227 
1820 1929 2036 1734 1502 1869 1672 1332 1465 1299 
2033 1887 1992 2022 1881 1658 1489 1296 1113 1285 
1646 1466 1834 1797 1461 1625 1531 1620 1783 1617 
2080 1970 1758 1981 1234 1387 1859 1586 1535 1666 
1302 1467 1645 1457 1448 1765 1667 1432 1816 1926 
1802 1949 2030 2071 1642 1516 1820 1503 1368 1440 
1376 1737 1620 1543 1750 1300 1011 1153 1056 1373 
2110 2100 1964 1892 1831 1545 1790 1982 1470 1215 
1600 2075 1686 1772 2132 1613 1398 1446 1185 986 
1840 2290 2212 1941 2174 1904 1720 1779 1919 1872 
1762 1936 1673 1906 1981 1600 1865 2156 1769 1691 
1624 1665 1622 1466 1954 2207 1956 1800 2084 2337 
1376 1445 1769 1928 1576 1600 2233 2285 1858 1855 
1441 1769 1953 1473 1534 1879 1611 1774 1999 2045 
1734 1703 2001 1760 1599 1505 1656 2105 1932 1819 
1793 1742 1637 1702 1800 1619 1611 1885 1796 1911 
1627 1827 1799 1587 1450 1713 1800 1480 1815 1843 
1890 2058 1890 1966 1592 1341 1655 1636 1941 1792 
1577 1707 1665 1709 1716 1900 1684 1566 2223 1902 
1992 1926 1891 1799 1868 2013 1348 1591 1994 1854 
1721 1717 2091 1959 2085 2362 2036 1755 1774 1797 
1718 1868 2208 1950 1749 2192 2405 1622 1514 1950 
1819 2013 2016 1937 1912 1870 2271 1757 994 1341 
1737 1746 1890 2091 2042 1539 1707 1737 1257 1320 
1831 1868 1727 1589 1577 1717 1664 1715 1743 1370 
1449 1434 1509 1678 1903 1566 1340 1479 1617 1434 
1800 1663 1688 1560 1386 1643 1334 1366 1860 1744 
1568 1793 1399 1622 1736 1843 2017 1657 1661 1962 
1782 2093 1736 1344 1539 1452 1939 2081 1654 2229 
1671 1874 1517 1701 1526 1406 1972 2338 1807 2217 
1603 1913 1838 1822 2160 1681 1955 2557 2514 2427 
1896 1565 1591 1853 1807 1493 1542 2147 2467 2647 
1691 1395 1399 1732 1866 2010 1905 2259 2254 2270 
1635 1480 1608 1743 1611 1435 1404 1741 2242 2289 
1672 1728 1687 1882 1520 1289 1994 2129 1795 2081 
2125 1896 1342 1681 1616 1017 1407 1741 1816 1929 
1842 1425 1180 1741 1630 1203 1605 1738 1660 1915 
2199 1737 1478 1562 1453 1090 1488 1443 1250 1683 
1644 1499 1700 1483 1370 1298 1660 1647 1606 1733 
1778 1489 1972 1645 1191 1466 1401 1216 1189 1215 
2035 1990 1578 1527 1493 1755 1438 1488 1871 1919 
2102 1802 1526 1618 1849 1918 1768 1639 1837 1555 
1777 1635 1418 1619 1942 1877 1575 1664 1911 2037 
1667 1914 1457 1509 1881 1475 1628 2158 1964 1844 
1731 1957 1980 1531 1812 1963 1773 1807 1751 1720 
1957 1979 1708 1651 1912 1343 1415 1631 1346 1790 
1787 2190 1636 1563 1953 1916 1633 1862 1641 1364 
1971 1860 1767 1667 1619 1506 1635 1477 1445 1625 
1704 1699 1551 1571 1992 1715 1806 1929 1487 1346 
1537 1540 1671 1331 1503 1735 1647 1981 1812 1611 
1747 1440 1718 1582 1264 1947 1894 1687 1640 1565 
1588 1590 1276 1473 1184 1387 1790 1754 2196 2125 
1607 1653 1669 1478 1104 1331 1720 1921 1960 1810 
1711 1400 1379 1647 1581 1056 1511 1832 2141 2273 
1690 1389 1502 1751 1789 1215 1421 2011 2221 1948 
2109 1558 1827 1678 1521 1736 1641 1671 1941 2150 
1901 1709 1438 1754 1889 1952 1550 1574 2315 2158 
2018 2214 2015 1738 1828 2234 1857 1598 2109 2086 
2028 2021 1701 1866 1996 1641 1757 1934 2024 2224 
2062 2008 1679 1742 1820 1793 1569 1998 2144 2222 
1682 1596 1419 1889 1898 1832 2066 2275 1614 1906 
1537 1421 1509 1804 2001 1481 1354 1805 1942 1896 
1589 1675 1462 1537 1887 1545 1915 1731 1470 1620 
1125 1575 1530 2009 2201 1313 1385 1898 1712 1634 
1862 2262 1942 1778 1827 1571 1575 1290 1536 1416 
1342 1569 1826 1723 1843 1757 1489 1173 1451 1647 
1614 1777 2084 1617 1594 1671 1323 1177 1346 1286 
1028 1245 1821 1790 1288 1495 1480 1095 1252 1396 
961 1415 1454 1600 1544 1187 1436 1591 1121 1270 
783 963 1403 1673 1195 1371 1590 1364 1422 1786 
1521 1598 1498 1759 1778 1731 1758 1741 1410 1384 
1334 1421 1595 1782 1701 1760 1414 1287 1638 1544 
1889 2100 1767 1924 2003 2034 1824 1500 1256 1360 
1457 1752 1963 1760 2167 2040 1743 1458 1189 1076 
1855 1968 2357 1830 1681 2059 1830 1324 1026 943 
1607 1536 1942 1912 1498 1931 1843 1664 1594 1531 
2345 2069 1791 2071 1544 1289 1862 1473 1218 1031 
2210 2094 1441 1630 1604 1341 1409 1423 1582 1609 
2104 1817 1646 1781 1325 1438 1718 1558 1328 1305 
2564 2476 1783 1453 1711 1851 1825 1597 1646 1881 
1852 1589 1746 1760 1645 1809 1796 1665 1607 1492 
1827 1924 1825 1622 1689 1552 1840 1985 1717 1737 
1350 1371 2088 1776 1372 1595 1767 1788 1526 1410 
1863 1601 1839 1970 1614 1516 1509 1529 1201 1251 
1383 1520 1247 1504 1677 1519 1590 1288 1159 1095 
1976 2067 1565 1869 2151 1816 1597 1419 1175 1086 
1715 1777 1759 1546 1469 1927 1846 1259 1071 1236 
1634 1823 1923 1807 1675 1957 2010 1832 1468 1166 
1425 1657 1995 1694 1588 1720 1819 1564 1235 1361 
1714 1804 2145 1916 1918 1891 2078 1835 1684 1456 
1329 1641 1665 1552 1901 1956 1733 1791 1836 1684 
1717 1756 2129 1870 1881 2060 1692 1900 2017 1797 
1361 1371 1762 1992 2036 2099 1493 2001 2582 1952 
1429 1541 2027 2126 1817 1992 1721 1618 1840 2058 
1357 1501 1491 2080 1938 1959 2010 1767 2093 2386 
800 1218 1643 1894 1879 2005 1935 1573 1672 1829 
856 1002 1677 1937 1704 1893 2284 2068 1674 2125 
1211 1180 1421 2282 1876 1918 1806 1700 1361 1468 
1538 1416 1291 1839 2007 2071 1887 1386 1262 1338 
1670 1613 1715 2113 1852 1864 2140 1500 1187 1410 
2051 2264 1761 1612 2021 1784 1740 1571 1547 1333 
1975 2000 2125 1955 1704 1659 1929 1588 1185 1306 
2350 2100 1847 1919 2018 1647 1373 2012 2070 1925 
2378 2222 1921 1855 1639 1983 2154 1744 1854 1757 
2249 1960 1809 2002 1931 1749 1604 2062 2220 2192 
2273 2206 2052 1922 1661 1822 1713 1813 1837 1784 
1546 1461 1743 1840 1514 1439 1415 1712 1741 1801 
1506 1617 2113 1715 1893 2096 1381 1406 1542 1462 
1235 1586 1783 1565 1598 1430 1284 1088 1342 1386 
1247 1407 1733 1988 1947 1681 1403 1471 1484 1305 
1727 1926 1585 1707 2077 1416 1202 1252 1309 1446 
1337 1609 1753 1895 1883 1436 1218 1288 1440 1202 
1376 1565 1681 1714 1502 1543 1320 1004 1460 1566 
1546 1993 1644 1631 1706 1619 1528 1194 1197 1458 
972 1314 1047 1592 1591 1415 1627 1417 1169 1493 
1346 1767 1589 1558 1941 1692 1847 1748 1376 1594 
1370 1642 1405 1584 1820 1452 1703 1963 1229 1763 
1550 1888 1815 1654 1467 1714 1443 1723 1750 1523 
1702 1962 1835 1643 1522 1251 1560 1867 1702 1829 
1914 1579 2244 2033 1033 1243 1342 1258 1434 1248 
2259 1772 1669 1993 1510 1081 1508 1497 1120 1594 
1876 1797 1702 1506 1730 1626 1296 1233 1688 1654 
2069 1604 1900 1710 1425 1634 2097 1768 1612 1718 
1879 1611 1785 1814 1989 1950 1685 1690 1865 1777 
1908 1735 2058 1978 1255 1816 1823 1582 1815 1928 
1670 1535 1598 1709 1553 1984 1615 1593 1827 1752 
1485 1716 1996 1728 1363 1966 1543 1199 1637 1467 
1756 1840 1999 1569 901 1331 1725 1234 1380 1509 
1562 1528 1698 1766 1562 1507 1793 1845 1454 1646 
1822 1408 1740 1950 1512 1207 1392 1849 1522 1558 
2026 2000 1685 1843 2051 1780 1955 2050 1865 1790 
1550 1530 1856 1691 1831 1672 1660 1737 1680 1523 
1848 1739 1915 1843 2105 2289 2065 1484 1719 1658 
1737 1835 1663 1707 1764 1761 1551 1413 1627 1329 
1633 1532 1535 1777 1647 1873 1845 1504 1606 1374 
1905 1908 1739 1673 1583 1691 1631 1374 1397 1407 
1645 1636 1508 1572 1603 1478 1862 1958 1500 1661 
2054 2206 1602 1656 1931 1587 1480 1483 1535 1689 
1683 1461 1432 1197 1764 1617 1419 1872 2069 1858 
2453 2219 1782 1493 1851 2297 1586 1444 1873 1696 
1532 1594 1759 1611 1272 1689 1641 1481 1676 1825 
1942 2030 2133 1768 1216 1914 1977 1581 1889 1968 
1479 1554 1766 1663 1209 1659 1949 1523 1393 1854 
1677 1113 1484 1522 1179 1349 1672 1642 1917 1961 
1867 1435 1415 1235 1374 1501 1722 1552 1634 1896 
1527 1306 1200 1165 1362 1492 1542 1721 1861 2124 
1694 1841 1223 1605 1219 1734 2047 1663 1661 1626 
1638 1895 1368 1847 1976 1470 1846 1959 1502 1429 
1372 1566 1691 1786 2115 1710 1873 1964 1715 1571 
1518 1944 1931 1834 2414 2353 1883 1789 1625 1600 
1191 1485 2036 1590 2018 2329 1655 1601 1880 1490 
1726 1657 2083 1902 1957 2218 2007 1554 1907 1695 
1383 1342 1537 1933 1713 1894 1708 1693 1538 1657 
1803 1753 1773 2102 2087 1756 1630 1902 1931 1984 
1236 1463 1698 1884 1650 1756 1629 1676 1935 1626 
1838 2403 1994 1635 1686 1772 1864 1421 1485 1712 
1079 1470 1861 1653 1658 1803 1838 1592 1414 1888 
2067 2229 2075 2404 2036 1515 1602 1791 1194 1291 
1522 1865 2004 2073 2009 1881 1852 1880 1701 1743 
1749 1967 2143 1866 1895 1915 1835 1717 1936 2018 
1983 2357 2061 1577 1719 1756 1697 1706 1972 1841 
1953 1798 1823 1558 1588 1488 1599 1941 2004 1987 
2362 2040 1786 1948 1535 1378 1596 1702 1939 2197 
2013 1566 1796 2127 1552 1244 1386 1876 1776 1545 
2204 1943 1712 1586 1857 1997 1710 1650 1957 2052 
1929 2070 1864 1756 1952 1738 1542 1670 2039 1919 
1737 2004 2151 1643 2003 1962 1704 2066 2118 2090 
2025 2336 2135 1808 1590 1966 1706 1518 2111 2089 
1675 1700 1700 1973 1590 1536 1635 1506 1973 2388 
2146 2326 1960 1794 1755 1653 1624 1819 2144 1879 
1564 1773 1743 1762 1725 1378 1393 1605 2075 2207 
1955 1875 1781 1824 2201 1567 1499 2103 2142 2047 
1769 1393 1531 1762 1909 1614 1460 1697 2028 2156 
2057 1470 1426 1541 1780 1848 1650 1817 2089 2125 
1686 1791 1494 1456 1595 1717 1966 1667 1642 2072 
1600 1819 1551 1420 1452 1659 1713 1690 1601 1911 
2112 2028 1529 1415 1321 1739 1787 1831 1927 2028 
1829 1453 1570 1564 1744 1745 1694 1841 1981 1751 
1793 1483 1650 1881 1599 1583 1561 1823 2039 1874 
1780 1540 1742 1609 1781 1423 1313 1721 1648 1590 
1461 1107 1405 1406 1340 1587 1647 1608 1659 1864 
1691 1795 1467 1447 1472 1750 1694 1419 1632 1888 
1284 1192 1165 1200 1481 1383 1420 1793 1917 2066 
1650 1608 1252 1486 1445 1362 1250 1753 2180 2055 
1690 1722 1677 1591 1240 1661 1713 1697 2023 2110 
1043 1473 1403 1216 1524 1837 1602 1601 1706 1992 
1459 1796 2154 1636 1619 1877 1933 1831 1581 1983 
1918 1640 1539 1913 2068 1598 1785 2446 1970 1919 
1758 1666 1489 1851 2036 1874 1605 1839 2218 2160 
1919 2157 1989 1721 1801 1932 2006 2020 2309 2019 
1789 2016 1845 1648 1896 2032 1979 1825 2091 1993 
1617 1669 1635 1314 1337 1773 1823 1799 1599 2134 
1425 1258 1300 1691 1472 1425 1808 1972 1742 1739 
1676 1912 1222 1164 1139 1029 1713 1783 1326 1529 
1082 1356 1147 1192 1291 1179 1380 1684 1806 1852 
1846 2048 1345 1432 1585 895 1378 1723 1539 1537 
1397 1410 1482 1162 1597 1737 1503 1622 1818 1557 
1586 1229 1775 1399 1049 1916 1964 1397 1468 1608 
1703 1531 1462 1076 1101 1979 1779 1718 1635 1588 
1516 1001 1373 1556 1216 1597 1674 1729 1768 1314 
2143 1958 1418 1733 1955 1221 1504 1795 1404 1116 
1837 2116 1645 1629 1975 1316 1440 1604 1167 1399 
2016 1952 1973 1546 1721 1556 1655 1494 1061 1118 
1864 1928 1659 1490 1735 2026 1441 1655 1647 1555 
1753 1816 1673 1315 1273 1785 1572 1285 1699 1426 
1658 1581 1723 1376 1655 1803 1775 1734 1895 1587 
1646 1679 1850 1662 1766 1907 1833 1493 1612 1411 
1683 1488 2017 1907 1488 1910 2174 1762 1327 1379 
1663 1365 1573 2315 1922 1557 1832 1652 1130 1264 
1240 1227 1804 1869 1637 1933 2045 1871 1359 1166 
1327 1069 1629 1712 1516 1804 1508 1448 1089 1018 
1574 1529 1760 1432 1932 2133 1592 1346 1618 1110 
1697 1606 1891 1789 1610 1916 1605 1219 1640 1170 
1622 1755 1513 1843 1776 1762 2230 1706 1584 1434 
1785 1908 1833 1817 1513 2061 2207 1493 1372 1585 
1755 1761 1607 1870 1610 1557 2215 2186 1807 2141 
1449 1691 1634 1540 1951 1729 1846 2095 1884 2004 
1716 1794 1932 1727 1641 1675 1536 1933 2105 2001 
1521 1387 1534 1536 1144 1551 1790 1534 1903 2087 
1671 1689 1766 1685 1659 1748 1766 2010 2109 1957 
1702 1365 2031 1863 1168 1582 1699 1617 1471 2038 
1284 1380 1403 1765 1674 2019 1867 2089 2165 1955 
1582 1975 2092 2051 2111 1963 1734 1611 1847 2028 
1423 1517 1815 1514 1597 1988 1496 1552 1976 1669 
1488 1623 2038 2175 1909 1855 1420 1683 1606 1413 
1562 1810 2053 1866 2025 1686 1293 1186 1097 1282 
1579 1806 1888 1692 1896 1766 1118 1032 1017 822 
1878 2012 1847 1719 1740 1717 1448 1081 1283 1308 
1538 1738 1800 1660 1388 1324 1510 1461 1358 1256 
1547 1685 1969 1726 1423 1841 1603 1682 1762 1730 
1854 1718 1580 1673 1313 1217 1881 1548 1235 1458 
1476 1305 1318 1499 2060 1665 1342 1817 1956 1954 
2099 1971 1757 1433 1231 1365 1531 1356 1387 1484 
1457 1386 1498 1485 1366 1410 1762 1665 1738 1590 
2085 1545 1929 1641 1043 1190 1251 1345 1388 1723 
1991 1670 1737 1579 1020 1433 1477 1440 1728 1562 
1802 1639 1480 1613 1471 1237 1277 1336 1515 1479 
2088 2428 1806 1587 1929 2101 1644 1395 1627 1697 
1419 1538 1876 1834 1530 1532 1619 1322 1624 1717 
1482 1726 1926 1515 1607 1917 1844 1662 1418 1454 
1355 1557 1870 1698 1448 1533 1417 1338 1355 1461 
1364 1202 1455 1382 1359 1353 1129 1369 1091 1211 
1903 1688 1736 1678 1544 1431 1186 1116 1434 1173 
1349 1165 1227 1372 1212 1355 1469 1418 1731 1594 
1884 1844 1672 1715 1451 1733 1551 1370 1462 1599 
1627 1635 1105 1286 1340 1422 2011 1688 1538 1579 
1472 1646 1289 1709 2175 1861 2027 2046 1586 1895 
1585 1913 1416 1576 1997 1325 1625 2136 1619 1501 
1230 1565 1474 1328 1597 1646 1912 2176 1689 1654 
1576 1499 1633 1904 1986 1843 1747 1934 2160 1812 
1740 1577 1697 1393 1305 1607 1522 1356 1419 1483 
1415 1074 1453 1530 1549 1765 1101 1201 1955 1626 
1741 1395 1758 1758 1170 1243 1413 1250 1546 1582 
1510 985 1149 1585 1210 1068 1502 1548 1595 1931 
1477 1551 1272 1560 1695 1486 1690 1559 1550 1660 
1483 1833 1721 1762 1718 1352 1429 1804 1599 1973 
1463 2231 1522 1558 2330 1582 1370 1673 1628 1695 
1421 2067 1812 1672 2009 1737 1684 2005 1891 1822 
2117 2164 1759 1715 2134 1923 1646 1609 1427 1473 
1662 1524 1572 1775 1828 1981 1915 1815 1850 1693 
1915 1708 1958 1863 2065 2097 1798 2005 1672 1730 
1612 1452 1743 1775 1861 2090 2313 2593 2225 1848 
1734 1857 1800 1962 2187 2047 1817 2131 2013 1776 
1193 1257 1776 1694 1623 1984 2051 1843 1728 1778 
1599 1793 1752 1645 1780 2032 1780 1270 1481 1266 
1574 1476 1578 1168 1016 1738 1882 1046 1106 1492 
1832 1901 1162 1341 1550 1364 1775 1730 1330 1022 
1369 1677 1566 1384 1657 1380 1667 1780 1681 1617 
1467 1442 1528 1695 1546 1061 1659 2165 1542 1620 
1870 2023 1741 1729 1892 1777 1576 2140 2114 2003 
1835 1936 1890 1778 1715 1929 1635 1726 1735 1775 
1821 2073 2104 1842 1870 1995 1545 1705 1928 1934 
2269 2404 2476 1929 1750 1978 1616 1712 2146 1905 
2000 1949 2110 1949 1744 1855 1817 1669 1745 1683 
1784 1867 1773 2096 2006 1553 1424 1654 1860 1632 
1672 1530 1740 1749 1481 1458 2028 1483 1289 1572 
1832 1630 1330 1505 1697 1366 1808 1614 1194 1429 
1771 1752 1591 1382 1511 1573 1618 1428 1305 1363 
1947 2006 1392 1198 1485 1624 1456 1459 1598 1270 
1974 1873 1511 1958 1651 993 1091 1420 1425 1481 
1869 1413 1512 1788 1531 1222 1720 2008 1509 1640 
1966 1674 1594 1554 1603 1388 1280 1674 1434 1500 
1924 1666 1682 1527 1662 1600 1447 1620 1740 1785 
1472 1658 1440 1508 2058 1467 1138 1621 1585 1256 
1693 1827 1506 1599 1848 1694 1583 1570 1740 1636 
1636 1549 1289 1492 1495 1453 1491 1488 1178 1502 
1539 1578 1499 1509 1735 1689 1657 1734 1517 1463 
1350 1653 1675 1093 1246 1716 1686 1338 1292 1565 
1927 1865 2119 1438 1767 1683 1461 1748 1609 1364 
1313 1207 1847 1677 1149 1492 1409 1488 1461 1409 
1999 1989 2109 1840 1556 1709 1742 1937 1817 1307 
1516 1411 1608 1917 2164 1749 1560 1422 1758 1725 
1833 1902 1767 1578 1898 1819 1146 1519 1796 1504 
1849 1871 1930 1356 1908 2217 1601 1628 2146 1763 
1415 1244 1673 1756 1486 1973 1910 1482 1723 1826 
1758 1949 1783 1698 1510 1847 2081 1871 1902 2377 
1476 1493 1469 1922 1623 1752 2060 1864 2001 1790 
1999 2199 1691 1764 2020 1600 1612 1348 1385 1681 
1578 1805 1787 1732 2025 1636 1245 1440 1209 1118 
2120 2274 2236 2001 1666 1681 1311 1205 806 768 
1843 1809 1886 1886 1563 1320 1504 1285 823 889 
1844 1972 1852 1614 1619 1668 1638 1481 1122 1041 
1684 1667 1705 1559 1369 1632 1696 1494 1505 1655 
1747 1833 1597 1417 1066 1444 1860 1706 1907 1869 
1661 1422 1671 1536 1107 1686 1994 1820 2038 1901 
1937 1745 1287 1595 1575 1713 2128 2074 1850 2135 
1301 1420 1558 1495 1939 1723 1519 2105 2169 1946 
1335 1412 1831 1608 1772 1993 1798 2119 2653 2381 
1354 1544 1435 1481 1643 1894 1672 2015 2174 1741 
1099 895 1241 1681 1841 2269 1881 1761 2230 2385 
1491 1525 1438 1631 1814 1664 1583 1597 1731 1823 
944 1203 1450 1539 1660 1644 2210 2147 1542 1886 
1387 1559 1822 1708 2070 1804 1591 1907 1913 1763 
1420 1618 1881 1772 1833 1904 1990 1719 1516 1888 
1374 1718 1555 1747 2016 1844 1631 1876 1894 1760 
1397 1454 1533 1688 1712 1937 1940 1539 2074 2180 
1869 1437 1336 1450 1729 1455 1756 2124 2104 1989 
1475 1092 1128 1303 1827 1698 1385 1971 1994 2005 
1575 1350 1301 1202 1270 1353 1441 2196 1808 1751 
1860 1561 1745 1372 1530 1866 1563 1243 1380 1537 
2178 1876 1846 1621 1312 1460 1500 1457 1363 1254 
2077 2119 1712 1681 1559 1791 1557 1231 1927 1657 
2314 2369 1979 1617 1503 1701 1729 1571 1745 1673 
2023 2004 2024 1699 1790 1852 1474 1762 1845 1731 
1869 1872 2061 1639 1460 1830 1670 1354 2055 2184 
1816 1734 1828 1817 1639 1774 1831 1928 1853 1800 
1984 1994 1780 1626 1834 1827 1707 1459 1717 1681 
1191 1142 1666 1833 1532 1578 1745 1456 1787 2030 
1797 1648 1998 1563 1082 1355 1411 1663 1474 1593 
1772 1569 1653 1807 1369 1574 1782 1609 1868 1965 
1639 1571 1307 1603 1510 1303 1521 1558 1597 1826 
2250 1983 1764 1951 2134 1635 1495 1826 2234 2143 
1962 2025 1589 1475 2094 2079 1642 1822 1977 1903 
1811 2078 2196 2069 2189 2092 1636 1779 1782 1684 
2052 2329 2149 2011 2084 1724 1861 1964 1504 1923 
1574 1580 1745 1839 1559 1606 1828 1725 1158 1317 
2149 1739 1820 2122 1628 1229 1584 1470 1095 1254 
1493 1419 1089 1403 1430 1251 1362 1365 1475 1358 
1790 1682 1400 1478 1410 1233 1283 1513 1665 1417 
1931 1639 1304 1266 1645 1492 1360 1344 1797 1534 
1788 1646 1545 1453 1610 1851 1720 1873 2169 2095 
1971 1685 1911 1479 1371 2047 1840 1724 1818 2154 
1691 1284 1492 1785 1685 1795 1964 2264 2304 2339 
1876 1492 1548 1661 1834 2068 1716 2079 2039 2016 
1886 1546 1436 1659 1996 1918 1844 1942 2203 2351 
2043 1902 1531 1336 1719 1923 2148 2145 2223 2276 
1939 2049 1887 1857 1924 2156 2138 2192 1956 1997 
2012 2313 2045 1871 1598 1450 1777 2043 1961 1911 
1819 2083 2077 1625 1646 1880 1744 1956 2207 2209 
2104 1974 2253 1841 1755 1867 1757 1779 1809 1716 
1906 1955 1765 1980 1646 1826 2134 1477 1978 2082 
1794 1869 1735 1891 1864 1608 1893 1841 1667 1952 
1514 1301 1284 1667 1799 1489 1301 1896 1977 1943 
1470 1534 1472 1499 1767 1928 1428 2070 2326 1853 
1586 1316 1431 1627 1534 1452 1157 1339 1525 1605 
1194 1312 1087 1184 1539 1589 1462 1358 1657 1768 
1825 1933 1619 1600 1590 1427 1893 1567 1222 1518 
1058 1358 1240 1163 1880 1848 1277 1508 1400 1248 
1199 1611 1925 1381 1503 1929 1530 1614 1796 1655 
831 948 1486 1386 1488 1494 1366 1684 1696 1565 
833 1040 1355 1139 1493 1929 1431 1755 2017 1762 
704 931 1263 1354 1424 1206 1174 1124 1342 1641 
1063 1268 1575 1270 1089 1442 1124 1126 1282 1158 
1321 1387 1488 1554 1075 1042 1002 887 1167 1203 
1381 1391 1726 1556 1157 1351 1372 1287 1231 1405 
1842 1642 1817 1878 1368 1067 1122 1308 1341 1181 
1722 1935 1243 1405 1627 1251 1431 1671 1800 1881 
1883 1891 1846 1635 1881 1525 1511 1572 1795 1624 
2008 1886 1967 1446 1842 1955 1481 1495 1939 1821 
1759 2060 1842 1696 1882 2067 1375 1658 1961 1715 
1780 1954 1629 1593 1759 1691 1546 1473 1945 1898 
1739 1767 1254 1814 1671 1039 1541 1781 1343 1649 
1667 1748 1209 1225 1406 1044 1242 1501 1240 1525 
1644 1627 1875 1356 1187 1475 1560 1384 1667 2009 
1341 1861 1869 1475 1680 1564 1375 1730 1842 1598 
1516 2298 2639 1880 1719 1813 1723 2043 2209 2191 
1646 1699 1954 1963 1885 1623 1520 1915 1924 1924 
1599 1827 1888 1846 1835 1762 1561 1985 2078 2215 
1638 1445 1722 1927 1704 1313 1749 1602 1728 1786 
1853 2002 1770 1873 2043 1603 1737 1407 1303 1531 
1101 1527 1754 1686 1920 1494 1357 1641 1591 1584 
1802 2216 2178 1897 1862 2029 1652 1491 1705 1464 
1313 1408 1419 1348 1648 1891 1489 1429 2091 2003 
1982 1877 1704 1430 1291 1776 1971 1915 1963 2104 
1271 1480 1253 1117 1244 1322 1177 1586 1721 1954 
1600 1818 1696 1449 1326 1454 1595 1767 1445 1557 
1159 1199 1551 1415 1707 1541 861 1312 1486 1431 
1907 1443 1934 1974 1474 1539 1852 1305 1270 1144 
1511 1383 1532 1775 1834 1701 1630 1459 1423 1376 
1942 1825 1768 1517 1669 1733 1541 1455 1372 1204 
1938 1946 1144 1597 1836 1570 1442 1498 1517 1562 
2022 1938 1559 1452 1702 1912 1518 1596 1695 1563 
1972 1778 1646 1228 1132 1488 1930 1694 1388 1597 
1669 1628 1872 1753 1485 1844 1650 1497 1404 1288 
2209 2237 1890 1310 1340 1359 1400 1487 1608 1487 
1952 1569 1479 1390 1626 1506 1432 1786 1511 1337 
2210 1763 1337 1418 1631 1250 1008 1528 1463 991 
1996 1749 1546 1106 1261 1464 1693 1667 1913 1901 
2037 1573 1346 1592 1333 1290 1486 1437 1426 1335 
2225 2059 1705 1383 1320 1509 1741 1564 1831 1831 
1812 1411 1398 1616 1553 1103 1739 1697 1303 1614 
2284 2196 1812 1508 1714 1406 1199 1474 1580 1480 
1847 1786 1787 1646 1516 1362 1602 1537 1534 1656 
2095 1856 1734 2027 1402 1466 1636 1185 1350 1253 
2073 1906 1769 1885 1604 1582 1588 1478 1494 1628 
2221 2061 1704 1880 1606 1132 1871 1825 1327 1501 
1783 2040 1615 1787 1855 1545 1679 1854 1433 1457 
2228 2147 1969 2257 1896 1197 1526 2108 1857 1958 
1752 1571 1654 1919 2060 1502 1706 1896 1660 1578 
1944 1713 1996 2084 2242 2000 1831 1814 1916 1771 
1561 1761 1636 1506 2187 1942 1300 1713 1534 1705 
1240 1606 1787 1496 2078 2205 1631 1999 2216 1877 
1572 1882 1446 1178 1589 1890 1680 1757 1857 1719 
1405 1628 1475 1531 1691 1985 1897 1940 1499 1831 
1658 1824 1609 1416 1590 1354 1625 1864 1703 1586 
1213 1392 1726 1594 1916 1920 1859 2037 1568 1550 
1780 1715 1573 1580 1755 1531 1708 1873 1685 1357 
1257 1503 1172 1593 1835 1709 2119 1916 1644 1591 
1356 1831 1894 1562 1579 1770 1925 1804 1681 1718 
1157 1446 2069 1823 1403 1503 1674 1659 2013 1957 
1501 1821 1863 1719 1747 1690 1450 1602 1687 1555 
1461 1667 1686 1654 1584 1756 1149 1064 1827 1980 
1196 1530 1556 1827 2127 1844 1511 1686 1959 1968 
988 1361 1695 1581 1728 1621 1242 1766 2099 2077 
931 1116 1405 1382 1600 1636 1689 2050 1948 2170 
895 905 1237 1532 1616 1501 1730 2017 1860 2236 
1563 1469 1290 1529 1558 1372 1391 1420 1606 1840 
1645 1312 1030 1267 1292 1046 1572 1509 1534 1585 
1951 1666 1252 1642 1793 1331 1132 1338 1460 1237 
2080 2205 1448 1608 1683 1315 1371 1387 1261 1605 
2293 2331 2016 1874 1786 1407 1588 1850 1737 1634 
2405 2151 2157 2168 1738 1380 1562 1769 1846 2001 
2652 2688 2489 2190 1854 1814 1662 1636 2071 2238 
1853 1891 2091 2189 1760 1638 1930 1653 1676 1994 
1804 2014 2201 1708 1771 2103 1517 1257 1519 1783 
1023 952 1794 1722 1162 1815 1970 1420 1376 1692 
1540 1425 1500 1705 1759 1741 2053 1869 1719 1705 
1469 1265 1466 1583 1674 1595 1814 2346 1888 1974 
2053 1881 1558 1758 2021 1550 1910 2441 2168 2236 
2029 2126 1652 1578 1912 1566 1699 2590 2332 2151 
2270 1991 1619 1331 2068 2126 1441 1687 1980 1881 
2375 2133 1658 1611 1730 1673 1741 1699 1540 1516 
2284 2042 1949 1683 1648 2058 1621 1301 1430 1048 
2027 1955 2166 1574 1260 1784 1777 1065 921 960 
2014 1929 1988 1960 1487 1604 1752 1341 1279 881 
1735 1802 1741 1574 1566 1801 1534 1395 991 825 
1719 1474 1626 1992 1798 1559 1835 1820 1639 1400 
1338 1503 1346 1422 1762 1849 1626 1508 1561 1373 
1303 1298 1534 1576 1606 1929 1933 2053 1930 1746 
1267 1160 991 1485 1823 1742 1534 1562 2228 2027 
1471 1221 1245 1362 1465 1441 1601 1859 1923 2022 
1312 1119 1043 1573 1647 1549 1252 1724 2170 2230 
1353 1522 1394 1756 1649 1713 1678 1806 2082 2378 
1476 1465 1566 1644 1692 1460 1700 1935 2063 2362 
1341 1200 1432 1876 1675 1536 2053 1729 1914 2433 
1636 1592 1708 1581 1626 1451 1883 2001 1954 2158 
1867 1675 1464 1667 1680 1667 1800 1870 1981 2028 
1774 1906 1470 1522 1629 1782 1228 1732 2015 1753 
1490 1595 1890 1741 1558 1800 1930 1771 1868 1789 
1747 1710 1742 1502 1673 1771 1741 1663 1819 1761 
1952 1425 1797 1528 1447 1912 2068 2059 1797 1702 
2163 1542 1587 1917 1671 1440 1756 1811 1495 1896 
2046 1972 1525 1803 1768 1657 1795 2200 1767 1558 
1981 1977 1729 2010 1922 1451 1801 1739 1905 1946 
1774 1937 1718 1947 2039 1338 1566 1884 2007 1711 
1812 2233 1975 1755 1832 1804 1581 1487 1803 1793 
1451 1929 1910 1839 2074 1933 1867 1726 1716 1835 
1651 1929 2006 1987 1781 1384 1580 1523 1487 2011 
1916 1643 1746 1777 1681 1587 1934 1971 1472 1567 
2260 1602 1481 1812 1454 1138 1199 1475 1370 1452 
1958 1708 1508 1455 1480 1391 1114 1512 1812 1701 
1746 2044 1749 1440 1580 1449 1031 1253 1648 1303 
1722 2000 1913 1542 1723 1516 1304 1103 1674 1626 
1670 1359 1965 2018 1640 1617 1868 1705 1787 2029 
1561 1320 1699 2009 1685 1981 2010 1719 1745 1930 
1203 1066 1688 2174 1447 1942 1985 1745 1837 1921 
1205 1219 1394 1536 1679 1722 1641 1485 1459 1442 
1068 1016 1506 1326 1555 1803 1398 1715 1790 1593 
1816 1441 1538 1606 1313 1551 1416 1363 1201 1513 
1656 1249 1399 1742 1656 1375 1588 1670 1761 1388 
2214 1831 1713 1943 1629 1555 1660 1167 990 1400 
1957 1886 1469 1699 1351 1098 1692 1533 1207 1390 
1310 1487 1200 1391 1688 1125 1486 1537 999 1129 
1154 1559 1228 1022 1245 1227 1418 1812 1540 1259 
1380 1316 1475 1429 1602 1584 1608 1625 1651 1609 
1532 1273 1478 1551 1282 1427 1470 1575 1633 1393 
1922 1778 1855 1812 1825 1730 1856 1443 1446 1486 
2236 1665 1912 2030 1720 1724 1970 1604 1579 1610 
2796 2236 1882 1888 1951 2160 1815 1729 2057 1737 
1809 1616 1612 1788 1837 2239 2002 1980 2178 1935 
1797 1899 2213 2007 2162 2451 2311 2077 2187 2146 
1298 1284 1629 1648 1806 2207 2003 2050 1906 1918 
1509 1612 1494 1643 2192 2286 1819 1958 2023 1668 
1025 1103 1769 1578 1802 2162 1624 1720 1908 1806 
1614 1843 1733 1697 1854 2107 1659 1525 1836 1682 
1523 1598 2024 1741 1675 2043 1759 1533 1809 1978 
1802 1786 1713 1725 1663 2043 1775 1480 2189 2139 
1965 2263 1783 1547 1732 1455 1752 1807 1763 1954 
1883 1597 1745 1590 1719 1681 1433 1723 1928 2127 
2258 2292 1921 1856 1270 1254 1808 2066 1995 2264 
1737 1602 1802 1649 1171 1173 1288 1586 1831 2038 
2110 1860 2069 1860 1260 1353 1622 1579 1621 1782 
1824 2096 1526 1455 1570 1122 1144 1177 1185 1444 
1708 1968 1818 1146 1220 1421 1376 1233 1149 1264 
1716 1663 1577 1597 1854 1524 1358 1482 1057 870 
1693 1505 1444 1582 1780 1893 1508 1381 1694 1324 
1511 1202 1208 1779 1848 1775 1758 1741 1512 1593 
1655 1826 1701 1564 1675 1972 2314 2306 1952 2000 
1265 1359 1782 1759 1713 1794 2170 1989 1942 1924 
1523 1387 2120 1876 1461 1791 2061 1937 2158 2139 
1762 1542 2176 2113 1731 2155 1966 1833 2240 2241 
1463 1462 1693 1857 1923 2091 1813 1821 2221 2161 
1761 2097 1919 1719 1890 2265 1979 1838 1994 1913 
1338 1429 1391 1532 1511 1637 2149 1642 1207 1791 
1199 1153 1571 1712 1542 1660 1904 1676 1019 1148 
1262 1289 1660 1777 1029 1374 1729 1483 1476 1413 
1141 1268 1652 1581 1674 1359 1562 1635 1480 1102 
1443 1421 1734 1692 1708 1721 1286 1329 1628 1441 
1473 1545 1871 1956 1873 1980 1491 1396 1388 1494 
1829 1902 2115 1964 1562 1733 1306 1146 1553 1524 
1738 2101 1706 1600 1703 1637 1794 1686 1727 1623 
1577 1638 1726 1881 2053 1905 1292 1549 2166 2090 
1786 1690 1563 1621 1903 1853 1572 1898 2124 1966 
1387 1386 1271 1258 1761 2167 1650 1457 1872 2132 
1193 1268 1178 1289 1534 2008 1994 1616 1951 1981 
781 1207 1292 1173 1628 1755 1814 1693 1546 1663 
1059 1228 1413 1620 1339 1026 1504 1684 1493 1304 
1097 1329 1052 1166 1316 1174 1497 1477 1117 1400 
1009 1013 1507 1582 1553 1430 1581 1514 895 1026 
1612 1533 1324 1630 1528 1426 1227 1144 1373 1267 
1115 1341 1259 1283 1544 1671 1562 1569 1452 1442 
1369 1084 1604 1654 1493 1496 1443 1838 1945 1498 
1322 1370 1477 1387 1579 2111 1725 1298 1591 1655 
1330 1334 1757 1790 1675 1801 1361 1442 1689 1497 
1456 1573 1423 1561 1587 2095 1808 1242 1641 1536 
1206 1446 1661 1777 1662 2060 2284 1568 1160 1337 
1543 1555 1701 1812 1759 1704 1921 1613 1224 1218 
1479 1356 1952 1899 1447 2056 2003 1306 1330 1262 
1427 1495 1307 1314 1695 1507 1446 1440 1568 1133 
1394 1730 1754 1600 1752 1940 1553 1277 1332 1269 
1745 1637 1675 1418 1400 1884 1623 1389 1259 1116 
1363 1432 1593 1746 1603 1833 2050 1356 881 1250 
1876 2090 2071 1533 1325 1901 2013 1761 1494 1602 
1845 1949 2034 1825 1597 1761 2101 1765 1223 1204 
2054 2162 2215 1993 1683 1561 1927 1826 1684 1562 
1779 1913 2103 1818 1598 1372 1683 1950 1529 1507 
1964 2077 2163 1878 1861 1566 1378 1822 2046 1893 
1697 1911 2149 1593 1321 1279 1216 1567 1780 1474 
1461 1693 1735 1498 1156 1361 1600 1384 1632 1944 
1780 1964 2147 1875 1489 1636 1472 1255 1335 1287 
1844 1581 1795 1854 1621 1580 1281 1142 1284 1489 
2270 1853 1870 1964 1724 1546 1498 1711 1673 1444 
2339 1845 1763 2146 2030 1702 1805 1811 1824 1741 
1909 2036 1876 1609 1571 1875 2239 1779 1527 1760 
2030 2052 2046 1927 1869 1863 2087 1555 1485 1819 
1815 2070 1750 1417 1851 2225 1776 1740 1774 1691 
2097 1994 2192 1806 1838 1909 1377 1607 1640 1162 
1745 1402 1496 1527 1465 1558 1365 1538 1744 1522 
1982 1737 1662 1891 1311 1554 1646 1716 1576 1765 
1790 1498 1697 1885 1425 1462 2101 1630 1422 1805 
1248 1478 1424 1327 1517 1611 2070 1791 1772 2022 
1326 1384 1684 1301 1535 2030 1861 1861 1713 1588 
1509 962 1282 1492 1605 1705 1805 1838 1627 1640 
1864 1438 1633 1698 1482 1657 1824 2181 1657 1312 
1755 1515 1602 1822 1432 1642 1766 1677 1830 1754 
2290 2136 1890 1666 1735 1515 1751 1897 1888 1938 
2199 1998 1777 1587 2110 2069 1378 1773 2217 1779 
2094 2078 2113 1863 1689 1891 1771 1553 1992 2089 
2036 1995 2089 1484 1498 1606 1520 1554 1464 1450 
2116 1996 2015 1500 1471 2166 1626 1540 1775 1644 
1883 2002 1803 1958 1794 2001 1902 1387 1465 1379 
1764 2382 1909 1067 1742 1907 1556 1541 1578 1583 
1427 1610 1650 1596 1570 1801 1847 1539 1784 1645 
1936 1989 1781 1516 1535 1223 1434 1576 1356 1301 
1451 1105 1283 1458 924 1111 1369 1208 1585 1708 
2100 2010 1464 1711 1258 958 1244 800 1124 1134 
1620 1573 1386 1037 1327 1299 1056 1195 1655 1684 
1809 1601 1617 1337 1161 1648 1385 1239 1715 1872 
1880 2016 1763 1189 1428 1681 1253 1783 2094 1881 
1758 1952 1988 1559 1410 1777 1995 1864 2002 2272 
1897 2151 1789 1505 1649 1653 1532 1706 1911 2149 
2100 1948 1758 1910 1459 1488 1832 1933 1849 2020 
2080 2216 1695 1573 1651 1618 1542 1256 1719 1801 
2088 2095 2267 1834 1503 1220 1836 1833 1504 1700 
2362 2044 1862 1538 1711 1651 1140 1394 1388 1395 
2358 1847 1868 2061 1990 1696 1580 1458 1347 1270 
2338 1767 1934 1968 1869 1520 1353 1875 1356 1256 
1888 1616 1856 1683 1633 1929 1417 1427 1422 1173 
1980 1806 2042 1728 1381 1542 1823 1483 1413 1324 
1430 1251 1431 1689 1894 1385 1622 1573 1803 1966 
1887 1895 1516 1553 1325 1193 1893 1684 1375 1597 
1624 1659 1208 1661 1297 1187 1591 1805 1772 1984 
1308 1453 1527 1795 1625 1627 1776 1614 1560 1867 
1433 1376 1650 1646 1312 1547 1419 1727 1831 1447 
1602 1045 1624 2285 1975 1595 1971 1576 1246 1505 
1762 1630 1813 2310 2333 1549 1738 2136 1451 1257 
1569 1852 1983 2251 2330 1880 1734 1511 1338 1379 
2237 2533 2272 2324 2530 2101 1842 1726 1515 1378 
1810 2148 1877 2106 2176 1870 1455 1553 1692 1469 
2387 2648 2468 1978 2135 2260 1952 1508 1664 1539 
1721 1767 2042 1958 1648 1807 1758 1629 1328 1372 
2133 1953 1953 1728 1406 1523 1465 1382 1564 1514 
1667 1765 1483 1731 1704 1537 1659 1902 1775 1624 
1553 1797 1722 1569 1457 1427 1363 1111 1215 1209 
1396 1596 1260 1338 1268 1100 1374 1476 1268 1777 
1514 1589 1471 1251 1582 1820 1551 1634 1595 1579 
1829 1462 1411 1701 1368 1388 1628 1522 1817 2114 
1267 1448 1325 1581 1739 1800 1862 2062 2255 2024 
1289 1422 2053 1982 1397 1547 1994 1545 1718 2095 
1235 1330 1793 1436 1547 1762 1579 1881 1834 1681 
1267 1295 1712 1494 1843 2064 1596 1630 1741 1953 
1251 1732 1502 1490 2140 1909 1316 1939 1701 1312 
977 1425 1366 1667 1941 1788 1677 1898 2130 2039 
927 1181 1140 1860 1942 1604 1921 1634 1439 1398 
1214 1201 1632 1688 1513 1650 1830 1803 1725 1719 
1089 901 1320 1894 1734 2105 1874 1575 1869 1835 
1603 1730 1810 1892 1836 1802 1914 2040 2020 1924 
1450 1395 1770 2019 2096 1945 1934 1926 2205 2218 
1486 1663 2058 1802 1960 2166 1998 1897 1800 2132 
1406 1620 1647 1601 1936 2115 1917 1857 2156 2176 
1159 1277 1301 1367 1501 1737 1600 1562 1843 2018 
1429 1317 1405 1460 1441 1552 1620 1865 1791 1521 
1607 1511 1554 1435 1189 1546 1544 1143 1473 1631 
2190 1867 1695 1838 1507 1433 1308 1550 1460 1486 
1761 1772 1881 1768 1681 1545 1529 1293 1340 1387 
1730 2074 2307 1964 1687 1571 1750 1563 1525 1668 
1450 1904 1836 1672 1942 1661 1610 1608 1389 1610 
1375 1462 1697 1503 1544 1746 1505 1510 1645 1397 
1591 1416 1154 1967 1771 1098 1692 1884 1199 1617 
1493 1314 1180 1520 1560 1315 1691 1762 1406 1418 
1638 1326 1026 1644 1591 1312 1845 1668 1416 1442 
1904 1688 1769 1681 1783 1693 1864 1499 1523 1290 
1947 1709 1364 1505 1509 1605 1933 1645 1397 1564 
2109 2067 1581 1626 1572 1725 1587 1663 1523 1190 
2123 1622 1689 1714 1488 1715 1801 1514 1795 1677 
2356 1831 1510 1371 1215 1080 1038 1590 1849 1750 
1977 1658 1592 1215 1320 1634 1291 1780 2086 1832 
1948 2079 1749 1523 1544 1383 1448 1598 1666 1900 
2055 2207 2013 1302 1690 1767 1324 1486 1989 2111 
2225 2122 1939 1501 1567 2045 1722 1522 1860 1629 
1898 2029 1723 1572 1454 1855 1987 1406 1424 1574 
1910 2183 1925 1668 2052 1779 1812 1891 1185 1248 
1974 2019 2074 1835 1379 1508 1958 1932 1566 1659 
1769 1568 1773 1949 1770 1738 2057 2358 1703 1223 
1828 1361 1806 1787 1579 2088 1847 1512 1844 1682 
1650 1256 1637 1789 1460 2043 2057 1702 1709 1795 
1875 1930 1414 1498 1783 1733 1697 1826 2143 1827 
1386 1918 1394 928 1455 1702 2185 1768 1814 1920 
1930 2001 1672 1734 1957 1452 1885 2274 1992 2118 
1810 2021 1388 1291 1694 1409 1833 1971 1861 1856 
1596 1553 1720 1757 1956 1821 1526 1947 1863 1701 
1718 1635 1703 1240 1290 2077 1551 1566 1741 1698 
1748 1497 1824 1561 1500 2304 1801 1658 2230 1774 
1551 1416 1743 1419 1196 1613 1685 1451 1511 1534 
1970 1927 2091 1602 1477 1647 1429 1437 1674 1673 
1764 1679 1429 1450 1094 1239 1317 1186 1317 1401 
2159 1980 1781 1566 1493 1425 1391 1157 1181 1161 
2034 1756 1931 1805 1440 1401 1130 927 1122 1300 
2147 2068 1985 1771 1318 1200 1302 1746 1612 1508 
2056 2028 1608 1651 1487 1545 1445 1646 1791 1796 
1634 1559 1479 1294 1624 1665 1705 1841 2249 2274 
1657 1362 1494 1368 1714 1784 1879 1816 2132 2121 
1745 1389 1335 1551 1710 1994 1846 1932 1963 2015 
1720 1307 1357 1797 1722 1793 2086 2103 1887 1914 
1754 1879 1657 1472 1912 1831 1593 1667 1734 1580 
2104 2136 1976 1765 1775 2068 2050 1935 1979 2018 
2032 2142 1717 1463 1718 2082 1627 1571 1851 2119 
1681 1781 1852 1820 1847 1694 1671 2274 2516 2251 
1699 1863 2198 2316 2048 1932 1920 2003 1741 2139 
1778 1740 1910 2143 1744 1510 1697 1786 1629 1557 
1681 1352 1610 2372 2468 2056 2055 1675 1657 1766 
2226 2048 1834 1786 2081 2261 1900 1543 1791 1803 
1975 1665 1740 1914 1805 2028 2118 1863 1863 1465 
2111 2180 1820 1326 1714 2014 1636 1844 1623 1664 
1262 1444 1636 1258 1380 1605 1633 1476 1375 1319 
1855 2043 1591 1221 1656 1586 1467 1654 1567 1299 
1457 1269 1388 1424 1657 1849 1336 1380 1626 1140 
1781 1479 1524 1763 1620 1596 1797 1692 1696 1480 
1569 1399 1620 1578 1758 1683 1722 1898 1752 1416 
2019 1625 1534 1308 1497 1870 1564 1453 1399 1507 
1611 1380 1258 1387 1883 2201 1634 1397 1624 1525 
1710 1488 1556 1224 1367 1943 1854 1401 1659 1525 
1704 1502 1493 1382 1411 1827 2047 1832 1606 1817 
1864 1726 1833 1942 1549 1883 2430 2405 2033 2103 
1766 1764 1375 1862 1693 1769 1976 2342 2383 2194 
1863 1869 1744 1884 2241 1887 2133 2188 2053 2067 
1512 1418 1661 1862 2249 1562 1610 2113 2040 1788 
1437 1668 2011 1590 1913 1951 1428 1799 1917 2046 
1290 1122 1545 1510 1378 1841 1939 1521 1655 1506 
1638 1766 1346 1488 1666 2121 1926 1418 1706 1937 
1446 1342 1359 1361 1445 1548 1615 1542 1978 2028 
1561 1596 1604 1532 1455 1775 1874 1839 1698 1493 
1243 1308 1739 1829 1683 1594 1579 1440 1478 1628 
1772 1967 1740 1675 1767 1778 1695 1689 1458 1247 
1423 1367 1326 1883 1815 1932 1779 1380 1353 1467 
1651 1569 1555 1880 2271 2108 1912 1590 1541 1178 
1453 1315 1702 1915 1635 1779 1828 1504 1380 1482 
1670 1719 1930 1443 1569 2105 1644 1496 1453 1247 
1457 1342 1888 2066 1181 1680 1710 1364 1743 1727 
1636 1710 1786 1960 1367 1539 2043 1428 1229 1486 
2155 1759 2119 2151 1724 1541 1531 1437 1569 1723 
1824 1398 1509 1897 1479 1498 1592 1487 1801 1887 
2048 2034 2063 1649 1720 1807 1321 1383 1649 1396 
1843 1802 1843 1735 1560 1498 1444 1423 1605 1844 
2094 2187 2167 2052 1756 1619 1690 1701 1559 1579 
1902 2156 1801 1755 1625 1255 1628 1805 1416 1965 
1745 1676 1995 2123 2165 1651 1711 2116 1738 1505 
2075 1681 1528 1666 1599 1770 1655 1423 1345 1597 
1707 1458 1194 1659 1976 1642 1484 1562 1022 979 
1636 1652 1119 1075 1712 1600 1198 1406 1718 1279 
1891 2228 1801 1480 1758 1817 1448 1312 1381 1058 
2029 1882 1806 1559 1414 1391 1341 1714 1711 1419 
2246 2237 1912 1682 1678 1813 1474 1257 1489 1742 
2497 2418 2080 1879 1682 1307 1803 1811 1404 1544 
2130 2083 1694 1506 1666 1481 1324 1356 1343 1513 
2160 2214 2097 1721 1243 1591 1798 1369 1557 1662 
1529 1629 1808 2072 1635 1222 1677 1630 1847 1799 
1918 1969 1979 1640 1575 1411 1489 1835 1942 1897 
1826 1325 1861 2024 1783 1614 1642 2212 1869 2295 
1782 1392 1459 1810 1985 1837 1188 2176 2556 2458 
1773 1823 1755 1404 1662 2098 1701 1936 2315 2232 
1885 1655 1650 1848 1915 1754 1899 1565 2321 2108 
1467 1590 1568 1534 1623 1501 2111 1572 1528 1961 
1489 1765 1753 1982 1770 1735 2093 1906 1691 1836 
1259 1507 1748 2105 1767 1717 1636 1776 1512 1531 
1384 1404 1468 1990 2041 1615 1207 1707 1748 1678 
1253 1333 1326 1943 1977 1443 1192 1611 1945 1644 
1755 1771 1399 1993 2211 1423 1147 1557 1827 1698 
1627 1623 1568 1370 1514 1511 1420 1216 1674 1843 
2151 1643 1760 1749 1529 1386 1452 1431 1550 1754 
1745 1334 1496 1538 1219 1596 1858 1469 1283 1851 
1778 1681 1631 1849 1381 1450 1707 1175 875 1064 
1368 1669 1417 1544 1693 1557 1722 1429 1647 1686 
1386 1634 1631 1610 1581 1925 1456 1290 1745 1431 
1430 1760 1643 1752 1554 1856 2008 1703 2037 1839 
880 1188 1767 1921 2114 1864 1696 1738 1876 1819 
1550 1865 2044 1787 1622 1975 2045 1755 1604 2234 
1087 1398 1670 1994 1843 1614 1852 2089 1653 1706 
1444 1247 1937 1680 1492 1715 1998 1871 1707 2031 
1471 1312 1648 1814 1660 1586 1664 1730 1369 1677 
1372 1486 1291 1282 1066 1280 1338 1615 1898 2045 
1535 1838 1252 1327 1548 1352 1354 1680 2097 2034 
1372 1666 1250 1011 1077 1170 1461 1676 1867 1848 
1477 1467 1496 1488 1273 1354 1590 1600 1796 1987 
1594 1563 1644 1657 1406 1368 1473 1669 1397 1558 
1410 1544 1998 1787 1430 1611 1488 1478 1675 1465 
1403 1315 1878 1684 1505 1102 1210 1610 1915 1629 
1391 1365 1795 1671 1716 1786 1519 1590 2169 2231 
1615 1666 1398 1498 1393 1241 1482 1894 2230 2452 
1005 1266 1236 1522 1565 1795 1878 1742 2016 2381 
1443 1457 1731 1898 1426 1100 1849 1808 1996 2494 
1327 1422 1626 1665 1887 1737 1693 2128 2025 1688 
1627 1585 1700 2342 1895 1740 1767 1449 1695 2126 
1819 2257 1876 1666 1995 1898 1880 1944 1496 1370 
1501 1845 1901 1582 1654 1629 1569 1385 1351 1624 
1394 1836 1863 1525 1727 1746 1654 1644 1315 1350 
1481 1699 1566 1667 1677 1078 917 1628 1644 1279 
1330 1017 1257 1872 1581 1108 1508 1679 1786 1683 
1553 1349 884 1536 1495 1107 1432 1414 1506 1589 
1334 1464 1469 1945 2125 1600 1652 1562 1530 1748 
1578 1586 1829 1434 1615 1611 1201 1379 1402 1445 
1568 1462 1785 1722 1718 1767 1537 1802 1819 1809 
1939 1933 1888 1991 1897 2152 1882 1950 1810 1779 
1654 1761 1709 2064 1689 1489 1752 1568 1765 1809 
2214 2169 1694 1844 2020 1527 1794 1785 2028 2084 
2064 1741 1829 1865 1857 1571 1353 1761 1769 1777 
2193 1868 1690 1726 2038 1750 1615 1669 1854 1872 
1715 2067 1680 1647 2014 1885 1440 1787 1900 2043 
1946 2044 1948 1446 1465 1877 1963 2082 2058 2213 
1526 1771 1755 1856 1926 2129 2117 1744 1889 1974 
1448 1756 2038 1790 1479 1601 1792 1824 1589 1933 
1903 2030 2018 1986 2169 1870 1814 1875 1951 1854 
2045 1928 1743 1632 1811 1594 1468 1345 1495 1579 
2056 1851 1739 1811 1954 1687 1299 1553 1619 1241 
2123 2079 1827 1513 1570 1861 1561 1254 1738 1800 
1969 1985 1701 1418 1386 1564 1857 1932 1457 1732 
1772 1725 1804 1379 1385 1704 1952 1925 1925 2059 
2110 2008 1632 1779 1697 1387 1999 2511 2536 2636 
1634 1308 1341 1725 1761 1524 2030 2402 2356 2479 
2184 1809 1757 1850 1751 1499 1650 2367 2653 2851 
1575 1429 1483 1472 1278 1371 1964 2169 2051 2419 
1240 1362 1367 1332 1248 1298 1555 1965 2331 2546 
1193 1367 1079 1283 1487 1102 1258 1462 1714 1933 
1412 1564 1040 1209 1417 940 1207 1456 1663 1582 
914 981 938 1314 1626 1343 1174 1139 1388 1506 
1753 1838 1833 1776 1454 1586 1423 1594 1592 1318 
1354 892 1399 2086 1866 1738 1588 1050 1505 1334 
2107 1870 1740 1763 1903 1870 1386 1121 1401 1377 
1467 1442 1513 1349 1734 1783 1529 1573 1425 1445 
1670 1888 1681 1636 1722 1594 1374 1150 1125 1325 
1361 1731 1598 1492 1703 1494 1280 1617 1379 1110 
1215 1221 1568 2056 1814 1670 1440 1151 972 1141 
1355 1517 1518 1400 1999 1624 1492 1551 1147 1131 
1515 1498 1813 1680 2202 2036 1459 1657 1050 975 
1839 1912 2100 1950 1743 1877 1844 1594 1095 820 
1589 1756 1828 1904 1850 1724 1728 1399 1158 1234 
2200 2299 2245 2344 1996 2029 2064 1803 1501 1192 
1622 1527 1401 1955 2116 1785 2114 1943 1687 1460 
2101 2172 1762 1890 2466 2325 2002 2120 1933 1818 
1332 1431 1127 1480 2091 2142 2021 2139 2251 1813 
1553 1766 1687 1601 1867 2414 2537 2240 2220 2092 
1232 1028 1092 1653 1675 1586 1975 2110 1673 1810 
1557 1728 1337 1487 1415 1887 2181 1790 1716 1534 
1634 1589 1677 1476 1389 1402 1400 1408 1372 1432 
1487 1566 1590 1498 1456 1879 1686 1330 1418 1441 
1979 2263 1866 1577 1724 1387 1361 1348 1371 1019 
1649 1747 1291 1519 1774 1393 1561 1394 1053 1488 
1516 1962 1460 1412 1568 1320 1442 1760 1271 1234 
1302 1767 1687 1421 1683 1348 1691 1838 1603 1774 
1068 1311 1817 1404 1519 1459 1347 1906 1748 1791 
1862 1868 1935 1688 1472 1525 1533 1748 1969 2088 
1787 1820 1793 1812 1666 1564 1487 1714 2310 2310 
1983 2002 2130 1551 1104 1680 1394 1752 2151 2282 
1410 1810 1674 1395 1456 1787 1365 1545 2188 2210 
1655 1885 2017 1535 1527 1687 1483 1504 1596 1700 
1853 1632 1559 1284 1418 1307 1335 1508 1532 1693 
2005 1873 1832 1455 1434 1487 1781 1588 1457 1455 
1758 1749 1586 1470 1385 1146 1355 1603 1656 1503 
2120 2124 1664 1312 1543 1382 1465 1649 1805 1926 
1644 1418 1194 970 1079 1400 1096 1682 2021 1985 
1536 1567 1143 962 1236 1340 1492 1930 1950 2103 
938 1020 1015 1092 1257 1097 1129 1728 2391 2211 
1517 1525 1488 1370 1396 1396 1830 1773 1627 2070 
1468 1369 1766 1626 1348 1446 1860 1932 1749 1983 
1549 1489 1735 1853 1454 1617 1847 1535 1476 1724 
1805 2069 2167 1693 1764 1741 1277 1821 1345 1350 
1517 1599 1686 1742 2103 2111 1552 1488 1754 1331 
1642 1986 1792 1940 2179 1958 1702 1496 1415 1446 
1386 1608 1853 1827 1689 1845 2082 1802 1668 1634 
1651 1820 2198 2454 1907 1857 2009 1645 1822 1570 
1724 1962 2175 1794 1621 1594 1439 1323 1318 1489 
1588 1644 1967 2003 1901 1672 1455 1586 1464 1455 
1712 1862 1836 1551 1612 1349 1014 1012 875 1172 
1553 1546 2050 1714 1421 1331 1488 1458 1072 1276 
1077 1234 1435 1606 1370 1102 923 1312 1628 1405 
993 1337 1713 1888 1436 1272 1512 1413 1219 1487 
1300 1746 1405 1706 1856 1430 1283 1885 1722 1685 
1113 1598 1446 1700 1936 1796 1595 1377 1413 1680 
1292 1746 1751 1855 2250 1616 1521 1902 1672 1488 
1206 1717 2112 1786 1876 1966 1686 1395 1557 1578 
1273 1748 1867 1847 1844 1898 1527 1464 1514 1278 
1679 2078 1846 1498 1478 1900 1393 1002 1418 1295 
1130 1271 1427 1898 1984 1690 1332 1502 1577 1279 
1798 1712 1962 1879 1532 1536 1355 1236 1200 1177 
1627 1408 1356 1803 1706 1468 1635 1480 1053 1078 
1832 1653 1446 1774 1744 1780 1878 1322 1143 1179 
1608 1542 1538 1430 1864 2153 2070 1485 1201 1351 
1689 1435 1970 1693 1692 1874 1881 2093 1447 1070 
1634 1507 1636 1293 1385 1982 1857 1578 1464 1279 
1641 1285 1461 1588 1339 1665 2001 2035 1749 1483 
2071 1770 1483 1380 1531 1653 1523 1460 1799 1671 
1861 2082 1569 1513 1629 1686 1619 1853 2462 1954 
1496 2139 1803 1337 1526 2117 1894 1484 1991 2277 
2009 2310 2138 1840 2039 1468 1858 2190 2060 2346 
1308 1305 1642 1481 1400 1643 1604 1945 2057 2217 
1639 1711 1613 1482 1556 1505 1435 1914 2136 2292 
1190 1049 1256 1313 1320 1141 1307 1910 2456 2267 
1216 1190 1116 1051 1238 1715 1569 1595 2007 2239 
1030 1309 1224 1426 1246 1130 1582 1695 1801 2097 
1111 1489 1415 962 1207 1489 1477 1925 1832 1995 
1120 1189 1354 1385 1419 1553 1658 1847 1820 1936 
1453 1667 1474 1383 1809 1599 1619 1699 1975 1907 
1386 1309 1716 2015 1362 1671 2038 1902 1860 1968 
1268 1492 1704 1997 2013 1818 2110 1980 1899 2049 
1210 1369 2200 1869 1783 1813 1810 2046 1668 1559 
1266 1330 1618 1583 1474 1677 1746 1647 1427 1718 
1598 1608 1625 1442 1403 1608 1668 1745 1655 1614 
1574 1335 1163 1233 1349 1285 1186 1704 1822 1578 
2061 1506 1512 1302 1029 1337 1354 1544 1968 1874 
1831 1207 1055 1743 1637 1186 1556 1968 1814 1756 
1886 1638 1484 1569 1540 1579 2022 1564 1868 2122 
1873 1829 1679 1842 1869 1517 1887 1930 1869 2060 
1496 1736 1897 1700 1685 1885 2033 2152 1978 1915 
1699 2067 1783 1611 2146 2001 1687 1659 1871 1728 
1290 1371 1412 1138 1567 1818 1483 1730 1763 1912 
1767 1294 1565 1345 1660 1986 1569 1757 2202 1570 
1341 1244 1273 1006 1094 1817 1718 1411 1898 1946 
1547 1717 1775 1250 1148 1861 1878 1860 1809 1817 
1636 1681 1754 1800 1534 2048 2312 1465 1356 1716 
1746 1797 1817 1988 1789 1935 2144 1735 1462 1557 
2169 1993 1941 2170 2048 1857 1976 1685 1719 1544 
1974 2041 1768 1418 1889 1923 1886 1929 1679 1316 
1777 1678 1936 1833 1628 1840 1564 1566 1553 1402 
1799 2135 1905 1661 1562 1766 1742 1702 1515 1611 
1664 1683 1757 1766 1646 1363 1263 1583 1371 1025 
2129 1983 1784 1636 2081 2005 1840 1326 1738 1807 
1823 1643 1608 1895 2292 1782 1693 1947 1714 1371 
2049 2055 1939 1688 1989 2163 1764 1419 1431 1622 
1625 1797 1686 1382 1917 2050 1721 1713 1846 1540 
1608 1486 1799 1614 1708 2022 1368 1548 1560 1397 
1470 1366 1800 1581 1542 2067 1487 1510 1816 1651 
1085 1101 1782 1848 1301 1406 1380 1470 1706 1411 
1207 1356 1575 1596 1504 1728 1628 1745 1769 1909 
1349 1387 1338 1873 1629 1587 1516 1144 1447 1518 
1151 1295 1215 1594 1750 1595 1560 1364 1579 1527 
1461 1296 1423 1267 1474 1623 1741 1335 1320 1614 
1645 1632 1313 1341 1678 1571 1659 1819 1593 1528 
1721 1729 1911 1584 1644 1414 1788 1713 1522 1406 
1656 1894 1462 1314 1580 1428 1662 1608 1345 1457 
1906 2157 1627 1624 1959 1764 1511 1571 1195 1258 
1782 1937 1458 1623 1597 1661 1441 1645 1707 1301 
1886 2175 2033 2015 1910 1668 1565 1647 1871 1827 
1958 2250 1827 1481 1491 1336 1585 1723 1701 1663 
2299 2359 2013 1638 1863 1829 1339 1638 1758 1722 
2031 2045 1586 1040 1518 1623 1476 1402 1270 1956 
1966 2111 1945 1549 1538 1570 1269 1632 1631 1356 
1896 1718 1696 1773 1566 1467 1795 1723 1561 1487 
2015 1911 1432 1551 1352 1195 1685 1554 1029 1243 
1690 1570 1432 1785 1637 1516 1970 1867 1158 1359 
1637 1552 1702 1685 1528 1326 1691 1443 1186 1118 
1284 1340 1447 1436 1120 1182 1256 1256 1357 1063 
1066 1250 1425 1726 1779 1559 1421 1524 1646 1431 
1116 1351 1795 1594 1447 1699 1439 1205 1265 1551 
1287 1270 1550 1541 1825 1729 1842 1864 1510 1580 
1563 1403 1556 1717 1647 1755 1911 1525 1389 1696 
1776 1636 1238 1738 1971 1701 2035 2057 2056 1779 
1594 1799 1586 1551 1914 1955 1710 1772 1679 1215 
1368 1638 1810 1574 1706 1747 1644 1756 1738 1672 
1339 1584 2218 1904 1833 1881 1648 1835 1424 1379 
1487 1191 2041 2052 1433 1698 1637 1538 1230 1315 
1638 1496 1803 2123 1774 1854 1880 1521 1508 1665 
1510 1233 1463 1650 1194 1448 1517 1498 1612 1710 
1877 1831 1175 1501 1774 1660 1587 1768 1864 1845 
1116 1397 1164 1332 1502 1516 1726 1730 1870 1808 
1713 1923 1559 1748 2011 1665 1537 1560 2085 2123 
1400 1295 1596 1686 1686 1627 1766 1835 2091 1741 
1595 1218 2014 1874 1827 2197 1859 1818 1815 1768 
1976 1632 1958 1930 1623 1915 1956 1766 1583 1752 
1804 1696 1539 1564 1615 1961 1906 1421 1480 1654 
1959 2044 1713 1778 1482 1627 2190 1723 1425 1433 
1825 1907 1777 1543 1453 1645 1738 1225 1530 1510 
1802 1827 1895 1847 1540 1747 1528 1596 1451 1102 
1556 1821 1826 1716 1323 1702 1618 1233 1512 1566 
1861 2008 1637 1311 1541 1260 1178 1500 1641 1439 
1830 1602 1830 1155 1148 1728 1305 1163 1493 1451 
1787 1329 1389 1243 1156 1174 1131 1091 1289 1396 
1923 1468 1509 1472 1416 1441 1465 1333 1247 1467 
1775 998 1378 1637 1259 1440 1738 1502 1022 1018 
1734 1357 1070 1823 1790 1724 2336 2065 1551 1611 
1843 1580 1371 1801 1951 1519 1765 1974 1585 1289 
1725 1686 1386 1647 1866 1902 1938 1889 1718 1434 
1409 1744 1543 1599 1666 1512 1627 1663 1388 1197 
1640 2120 1707 1416 1960 1926 1777 1176 1017 1255 
1253 1651 1627 1732 1721 1322 1310 1526 1043 1017 
1350 1428 1514 1164 1430 1567 1592 1740 1446 1621 
1695 1337 1385 1508 1204 1405 1683 1647 1818 1573 
1234 1009 918 1606 1394 1460 1605 1650 1875 1842 
1606 1680 1431 1293 1637 1303 1539 1703 1847 1758 
1098 1018 1355 1522 1625 1911 1762 1862 1958 1888 
1582 1599 1515 1204 1745 2038 1592 1753 1618 1497 
1453 1192 1752 1322 1624 2262 1789 1678 1767 1542 
1288 964 1473 1362 1488 1961 1368 1304 1597 1434 
1293 976 1676 1557 960 1381 1589 1399 1496 1158 
1236 999 937 1484 1297 1336 1558 1242 1190 1440 
1287 979 1203 1504 984 998 1431 1248 1493 1718 
1263 1159 1164 1782 1363 1117 1556 1488 1874 1965 
1163 1669 1370 885 953 1432 1453 1355 2072 2394 
1416 1203 1804 1400 1024 1785 1663 1280 1927 2136 
1499 1141 1364 1384 1400 1240 1463 1796 1873 1989 
1593 1537 1840 1490 1249 1481 1790 1546 1215 1758 
1749 1619 1408 1582 1664 1004 1335 2199 1651 1490 
1781 1817 1599 1467 1571 1872 1482 1483 1961 1854 
1654 1189 1354 1940 1344 1302 1707 1685 2017 1835 
1829 1425 1258 1712 1693 1815 1817 1584 2138 2195 
1183 1218 1394 1388 1292 1523 1950 1653 1707 2221 
1044 1533 1456 1226 1878 1308 1479 2363 1964 1942 
793 1286 1291 1163 1597 1537 1246 1487 1314 1556 
1156 1096 1147 1489 1861 1410 1073 1638 1551 1403 
976 830 708 1522 1437 1395 1293 983 1461 1537 
1441 1600 1167 1678 1628 1423 1881 1589 1388 1289 
1380 1375 1642 1095 1281 1628 1373 1280 1541 1574 
1821 1646 1958 1894 1471 1753 2386 2047 1628 2025 
2020 2170 1966 1678 1843 1765 1689 2050 2102 1975 
1686 1578 2134 2087 1625 1721 1757 1814 1956 2108 
2006 2294 2085 2070 1560 1523 1891 1799 1926 2090 
1853 1783 1970 1818 1428 1283 1615 1545 1502 1904 
1917 1533 1677 1965 1557 1527 1467 1560 1816 2072 
1976 2053 1849 2146 1374 1271 1719 1596 1901 2125 
1622 1585 1623 1819 1443 1534 1477 1752 2316 2170 
1341 1555 1518 1672 1649 1399 1600 1728 1975 2384 
1253 1189 1635 1740 1356 1034 1484 1919 2015 2088 
1801 1665 1468 1867 1751 1406 1490 1383 1438 1856 
1715 1804 1542 1998 1723 936 1412 1279 1267 1409 
1779 1701 1829 1981 1704 1480 1534 1043 1062 1276 
1937 1838 1622 1788 1577 1462 1678 1407 1114 1369 
1626 1622 1311 1685 1559 1490 1560 1363 1395 1687 
1565 1687 1437 1146 1280 1419 1597 1812 1797 1597 
1343 1221 1331 1218 1455 1293 1447 1579 1787 1956 
1419 1175 1582 1377 1212 1343 1184 1710 1790 1760 
1715 1432 1769 1843 1495 1615 1789 1842 2037 2249 
1954 2156 1634 1978 1811 1602 1977 2124 2058 2247 
2171 2360 1897 2055 1948 1665 2076 2017 1817 2205 
2056 2235 1752 1970 2139 1833 2059 2165 1914 2378 
1770 1632 1633 1735 1969 1696 2028 2343 2180 2230 
1722 1599 1539 1541 1828 2001 1885 2280 2361 2243 
1293 1531 1318 1279 1454 1771 1925 2110 2298 2300 
1248 1481 1251 1211 1314 1700 1724 1940 2351 2303 
1808 1844 1559 1310 1443 1614 1764 1734 1873 2367 
1475 1376 1559 1566 1367 1587 1977 1987 1983 2034 
2528 2245 2123 1923 1732 1573 1737 1802 1835 2058 
1815 1478 1804 2275 1645 1810 2046 2457 2225 2225 
2056 1939 1890 2251 2190 2088 1758 2206 2275 1972 
1662 1831 1685 1699 2143 2266 2045 1990 2363 2212 
1757 2167 1721 1645 2282 1953 2073 1847 2252 2237 
1354 2057 1958 1175 1630 1936 2054 1906 1870 2031 
1769 1895 1999 1673 1471 1502 1374 1712 1687 1625 
1673 1668 1622 1663 1521 1576 1406 1655 1854 1594 
1912 1965 1756 1536 1982 1766 1126 1392 1556 1606 
1853 1720 1834 2016 1885 1641 1388 1494 1668 1687 
2196 2197 1981 1478 1630 1902 2022 1776 1819 2021 
2027 1917 1943 1909 2117 2038 1847 1640 1492 1715 
2078 2098 2076 1657 1559 1804 1771 1684 1736 1924 
1882 2132 2240 1762 1684 2211 1965 1748 1661 1366 
1844 2167 2251 1837 1786 1707 1920 1730 1518 1535 
1682 1702 1919 1954 1688 1295 1607 1732 1269 1044 
1744 1933 1389 1929 1892 1600 1691 1587 1479 1419 
1323 1583 1450 1862 1904 1650 1702 1104 935 1081 
1202 1371 1626 1557 1288 1724 1589 1155 1514 1482 
1484 1714 1685 1767 1448 1459 1895 1728 1553 1795 
1670 1645 1731 1748 1591 1600 1719 1810 1922 1576 
2025 1779 1748 1750 1572 1212 1305 1406 1558 1815 
2108 2045 1810 1550 1885 1431 1174 2053 1978 1887 
1741 1763 1860 1419 1339 1811 1411 1334 1677 1587 
1980 2113 1684 1390 1994 1762 1343 1448 1915 1880 
1251 1561 1610 1510 1572 1699 1837 1640 1819 2080 
1472 1806 1881 1876 1717 1678 2102 2053 1881 2108 
1326 1673 1627 1947 1432 1498 2082 2054 1857 2284 
1532 1443 1882 2148 1660 1935 2172 1962 1995 2249 
1812 1389 1723 2535 1710 1527 1775 1648 1720 1624 
1915 1723 1759 1888 1837 1990 1840 1475 1694 1763 
1893 1673 1674 1664 2057 1953 1775 1703 1272 1420 
2125 2022 1818 1335 1866 2242 1911 1905 1697 1382 
1689 1428 1535 1493 1594 1980 1742 1732 1818 1808 
1636 1564 1302 1373 1227 1713 1951 1890 1961 1855 
1367 1257 1261 1396 1121 1913 1857 1705 2286 2048 
1978 1679 1750 1371 1375 1934 1920 1691 2236 2244 
1586 1668 1420 1480 1552 1710 1820 1777 2105 2425 
1720 1987 1718 1703 1525 1693 2084 2187 2175 2364 
1472 1587 1402 1542 1909 1639 1929 1836 1886 2132 
1235 1241 1814 1718 1664 1815 1704 1646 1524 1719 
1479 1287 1536 1639 1461 1721 1681 1871 1835 1812 
1400 1326 1334 1616 1781 1828 1888 1741 1384 1322 
1485 1293 1683 1943 1433 1502 2015 2148 1771 1820 
1579 1839 1636 1570 1691 1555 1856 2148 1963 1978 
1501 1597 1692 1390 1392 1664 1990 1929 1983 2090 
2029 1887 1623 1437 1663 1728 1918 2094 2180 2132 
1670 1714 1406 1761 1839 1360 1667 2073 2096 2050 
2012 2231 1750 1525 1602 1620 1643 1973 1891 1668 
1315 1303 1227 1587 2004 1754 958 1574 1791 1382 
1826 1592 1690 1930 1567 1584 1704 1452 1360 1408 
1885 1642 1499 1901 1809 1175 1107 1320 1341 1354 
1285 1219 1402 1388 1320 1329 1920 1729 1578 1666 
1262 1504 1678 1555 1838 1611 1622 1528 1442 1605 
1122 1312 1479 1344 1487 1557 1680 1971 2065 2139 
932 796 1342 1817 1575 1674 1879 2048 2070 2120 
1602 1375 1261 1602 1705 1579 1702 2213 2340 2123 
1963 1706 1558 1804 1816 1942 2013 1711 1942 2193 
2241 2149 1893 1957 1902 1626 1513 1707 2154 2063 
2063 2486 2190 1941 1754 1905 1847 1835 2102 2275 
2357 2501 2503 2337 2113 1861 2112 1965 1806 1848 
1914 1773 2098 2088 2026 2091 1914 1609 1665 1780 
2195 2000 2113 2251 1845 1731 2029 1644 1229 1723 
1854 1733 1700 1774 1937 1413 1729 1980 1542 1310 
1804 1771 1580 1577 1552 1433 1401 1499 1200 1484 
1429 1766 1499 1544 1602 1456 1466 1427 1330 1118 
1524 1821 1777 1409 1355 1380 1493 1470 1534 1771 
1580 1763 1457 1787 1601 1653 1636 1506 1635 1410 
1517 1777 1593 1903 1630 1241 1727 1897 1390 1345 
1503 1325 1701 1889 1414 1407 1300 1467 1590 1690 
1602 1404 1865 1727 1081 1325 1637 1252 1179 1317 
1727 1604 1751 1513 1247 1002 1209 1376 1316 1462 
1422 1720 1439 1145 1297 1229 1094 1083 1467 1793 
1628 1838 1617 1661 1369 1061 1630 1720 1613 1740 
1952 2067 1765 1595 1636 1624 1631 1551 1936 2141 
2108 1834 1681 1470 1245 1527 1782 1540 1677 1779 
2206 1864 2055 1732 1590 1994 1923 1646 1694 1842 
2224 1699 1855 1974 1569 1249 1364 1495 1505 1502 
1904 1908 1696 1750 1438 1527 1801 1767 1694 1664 
2257 2157 1858 1999 1724 1190 1656 1854 1247 1670 
1882 1892 1693 1598 1409 1596 1454 1752 1845 1831 
1973 1830 2038 1792 1426 1580 1554 1598 1952 2079 
2020 1583 1567 1582 1436 1396 1458 1544 2018 1777 
1803 1275 1202 1861 1403 1405 1343 1414 1737 1617 
1788 1795 1434 1740 1989 1576 1606 1659 1586 1771 
1234 1432 1689 1371 1823 1837 1435 1633 1504 1446 
1635 1602 1608 1551 2163 2057 1833 1922 1855 1790 
1373 1364 1678 1444 1822 2026 1909 1773 1768 1605 
1859 1741 1975 1734 1405 1953 1937 1811 1624 1724 
1436 1458 1404 1635 1401 1608 1374 1421 2094 1763 
1825 1952 1730 1529 1310 1603 1864 1628 1531 1654 
1950 1805 1760 2103 1838 1240 1506 1436 1372 1775 
1525 1698 1451 1909 1857 1356 1553 1679 1284 1421 
1873 1930 1932 2243 2077 1670 1690 1631 1486 1813 
1684 1716 1406 1953 2301 1670 1626 2054 1827 1548 
1417 1615 1697 1705 2100 2079 1387 1603 2090 1511 
1878 1806 1977 1946 2136 2280 2063 1676 1946 1919 
1865 1787 2015 1980 1991 2352 2054 1864 1842 2006 
2039 2004 1837 1912 1619 2183 2500 2032 1824 2037 
1856 1880 1829 1910 1604 2067 2221 1974 2004 1890 
1975 1758 1830 1771 1832 1734 1821 1763 2080 1901 
1419 1347 1331 1447 1535 1604 1335 1556 1927 1681 
1992 2005 1480 1301 1481 1490 1386 1533 1836 1877 
1476 1526 1193 1387 1392 1013 1622 1877 1745 1955 
1511 1671 1721 1422 1460 1356 1164 1564 1707 1896 
1338 1385 1886 1893 1414 1513 1566 1369 1578 1795 
1354 1401 1541 1737 1256 1351 1319 1018 1495 1730 
1658 1549 1738 1578 1618 1662 1471 1427 1541 1664 
1723 1466 1599 1436 1069 1138 1265 1526 1509 1584 
1820 1737 1250 1270 1511 1284 920 1542 1833 1725 
2051 1785 1509 1308 1181 1173 1383 1329 1151 1478 
1971 1819 1293 1451 1411 1110 1128 1653 1865 1767 
1672 1748 1544 1193 1122 1344 1446 1503 1666 1718 
1824 1688 1130 1263 1519 1449 1252 1501 1743 1961 
1593 1404 1065 1095 1214 1476 1173 1502 2017 1890 
1559 1189 1111 1206 1317 1184 1649 1310 1521 1627 
1453 1648 1381 821 1356 1373 1098 1154 989 1195 
1496 1373 1848 1516 1331 1700 1577 1528 1296 1150 
1665 1701 1238 1465 1667 1200 1445 1203 899 906 
1598 1489 1652 1899 1629 1393 1566 1596 833 877 
2054 1745 1841 2105 1664 1404 1343 1592 1112 1001 
1530 1652 1725 1835 1671 1522 1769 1598 1569 1359 
1572 2051 1973 1680 2053 2185 1673 1616 1864 1449 
1821 2257 1939 1981 2001 1871 1884 1682 1520 1611 
1402 1655 1607 1697 1980 1508 1581 1674 1512 1282 
2011 1926 2056 1785 1668 1603 1939 1523 1246 1534 
1986 1703 1753 1830 1732 1358 1207 1488 1247 1302 
1935 1902 1736 1267 1326 1970 1842 1405 1448 1327 
1653 1945 1547 973 1379 1776 1658 1214 1438 1469 
1789 1819 1873 1333 1547 1915 2032 1571 1119 1215 
1969 1669 1554 1411 1058 1366 1710 1595 1359 1186 
1749 1414 1161 1320 1445 1423 1622 1637 1161 742 
1884 1687 1499 1294 1274 1431 1496 1607 1557 1424 
1661 1800 1392 1235 1214 1339 1214 1594 1643 1437 
909 1295 1394 1251 1256 1485 1643 2067 2163 1805 
1297 1674 1842 1737 1899 1734 1435 1357 1958 1879 
1317 1422 1701 1584 1448 1237 1460 1616 1542 1833 
1189 1275 1636 1887 1921 1866 1800 1644 1538 1782 
1211 1450 1755 1594 1729 1586 1526 1225 1400 1684 
1226 1277 1668 1819 1845 1971 1660 1605 1670 1530 
1215 1479 1614 1772 1981 2121 1996 1847 1720 1775 
1622 1770 1992 1904 2047 2090 1746 1872 1492 1535 
990 1322 1636 1963 1721 2006 2003 2122 1639 1378 
1385 1529 1821 2224 1985 1437 1684 1534 1449 1376 
1188 1352 1358 1648 1830 1952 1939 1803 1674 1394 
1446 1712 1639 1853 1830 1940 1911 1345 1222 1595 
867 1372 1780 1555 1736 2147 1683 1644 1933 1554 
960 1444 2056 1529 1613 1860 1827 1583 1787 1700 
1106 1090 1812 1762 1531 1813 1738 1301 1642 1533 
1856 1645 1446 1795 1703 1517 1593 1530 1398 1548 
1783 1665 1451 1658 1598 1615 1600 1152 1310 1344 
1921 1737 1324 1708 1568 1374 1427 1580 1380 1282 
1991 1956 1944 1497 1524 2048 1524 1359 1377 1299 
1790 1571 1556 1699 1405 1238 1221 1545 1714 1565 
1807 1742 1915 1450 1633 1900 1781 1742 1939 1773 
1991 1593 1504 1896 1540 1299 1511 1364 1844 1849 
1804 1933 1757 1763 1778 2126 2006 1763 2048 2525 
2133 2331 2023 1798 1886 1955 1951 1859 2035 2027 
1629 2024 1679 1939 1990 2138 2117 2056 1856 2070 
2184 2395 1874 1800 2240 2172 1874 1957 1980 1836 
1697 1733 1624 1787 1647 2032 2295 1713 1526 1731 
1765 1661 1643 1449 1096 1746 1977 1634 1524 1362 
1884 1642 1751 1501 1012 1553 1996 1243 1482 1577 
1830 1709 1560 1611 1445 1065 1442 1579 1210 1098 
2329 2139 2200 1816 1558 1411 1324 985 1420 1254 
2032 1721 1953 2089 1533 1188 1770 1389 805 1024 
2253 2152 2187 2157 2004 1630 1455 1130 945 911 
2019 1855 1970 2116 1548 1698 1740 1155 995 1047 
1666 1798 1439 1697 2353 1961 1284 1561 1548 1161 
1496 1823 1699 1447 1672 2438 1637 1080 1557 1255 
1584 1505 1701 1999 1841 2140 2063 1732 1722 1558 
1382 1334 1785 1999 1993 2008 2153 1637 1370 1447 
1516 1456 1912 2289 1830 1684 2130 1906 1119 1199 
1701 1609 1584 1891 2475 1684 1601 2037 1313 1252 
1351 1612 1633 1732 2098 1791 1681 1647 1168 915 
1847 1862 1972 2085 1975 1722 1848 1817 1602 1331 
1523 1533 1718 1496 1805 2197 1715 1179 1419 1433 
1670 1709 2094 2092 1659 2086 2053 1709 1998 1570 
1443 1561 1477 1746 2038 1934 1768 1522 1323 1352 
1355 1604 1544 1360 2103 1959 1688 1787 1319 1652 
1332 1733 1518 1817 2070 1678 1542 2164 1819 1575 
1358 1806 1577 1257 1476 1608 1297 1707 1872 1681 
1550 1569 1810 1693 1773 2079 1596 1585 2125 1627 
1649 1417 1793 1969 1713 1779 1551 1019 1417 1595 
1485 1167 1845 1772 1565 2158 1771 1431 1454 1397 
1776 1805 1739 1807 1955 2359 2093 1575 1563 1669 
1053 1345 1624 1672 1907 2092 1993 2067 1820 1664 
1506 1677 1806 1654 2055 1896 2247 2336 2152 2296 
1507 1560 1703 1659 1824 1735 2122 2261 1930 2140 
1540 1426 1637 1834 1261 1766 2307 1939 1868 2077 
1697 1463 1504 1835 1352 1261 2114 1776 1672 1869 
1465 1116 1155 1323 1322 1469 1804 1793 1449 1572 
1565 1237 1257 1386 1471 1582 1484 1963 2286 2010 
1355 1124 1137 1124 1475 1652 1442 1864 2104 2004 
1084 968 960 974 1040 1788 1382 1554 2258 2258 
1396 1548 1559 1576 1672 2084 2001 1610 1962 1997 
1066 1128 1436 1352 1214 1494 1631 1234 1472 1708 
1825 1941 1795 1766 2050 2243 1790 1772 1772 1521 
1478 1565 1869 1521 1487 1987 1651 1598 1568 1556 
2167 2386 1893 1819 1942 1729 1830 1853 1477 1308 
1595 1839 1513 1314 1672 1539 1717 1459 1271 1728 
1810 1559 1626 1665 1754 1242 1386 1783 1445 1302 
1765 1885 1699 1477 1651 1538 1455 1316 1497 1674 
1164 1523 1644 1160 1099 1578 1480 1581 1726 1482 
1151 1204 1785 1517 1194 1935 1732 1515 1819 1978 
1602 1572 1623 1549 1323 1662 1575 1595 1875 1972 
1146 1181 1561 1453 1358 1612 1504 1513 1858 1696 
1881 1862 2065 1607 1444 1517 1431 1541 1361 1696 
1199 1334 1407 1311 1109 1126 1098 1231 1479 1644 
1278 1485 1793 1534 1067 1190 1492 1372 1566 1682 
822 1003 1496 1476 1166 1158 1491 1710 1780 1848 
1008 1208 1429 1279 1317 1546 1551 1471 1966 2304 
1165 1076 1327 1815 1502 1544 2110 2269 2345 2399 
1340 1406 1022 1748 1991 1531 2033 2123 2011 2376 
1793 1986 1349 1623 1481 1388 2009 2302 2129 2333 
1605 1352 1323 1713 1351 1393 2264 2285 2297 2655 
1873 1483 1599 1453 1337 1287 1384 1877 2185 2131 
1547 1387 1563 1451 1333 1364 1637 2264 2461 2504 
1679 1179 1416 1386 1662 1544 1348 1886 2335 2208 
1706 1292 1372 1838 1822 1676 1592 1844 1993 2246 
1604 1635 1519 1710 1675 1683 1481 1697 1985 1977 
1575 1830 1739 1710 1393 1869 1789 1565 1574 1750 
1495 1882 1552 1072 1672 1603 1265 1479 1776 1786 
1377 1710 1948 1436 1709 1973 1696 1741 1962 1876 
1837 1802 1787 1370 1425 1506 1843 1767 1980 2105 
1898 1809 1697 1693 1977 1699 1765 2321 2408 2179 
1937 1759 1809 1940 1457 1621 1975 1827 1708 2011 
2050 2024 1480 1786 1930 1728 1825 2050 1947 1973 
1753 1798 1580 2020 1842 1994 2222 1657 1529 1833 
1627 1764 1754 1617 1551 1491 1589 1783 1803 1726 
1728 1909 1790 1460 1819 1598 1527 1748 1800 1508 
1559 2060 1938 1170 1609 1641 1258 1719 1937 1711 
1430 1614 1987 1777 1780 1320 1290 1633 1552 1815 
1947 2089 2255 1837 1721 1677 1633 1772 1776 1988 
1569 1377 2067 1888 1489 1894 2070 1835 1814 2092 
1669 1662 1825 2186 2048 2031 2014 1758 2032 2203 
1723 1809 1811 1827 1672 1915 2149 1760 2085 2116 
1652 1468 1413 1461 1731 1840 1479 1632 1961 1960 
1727 1631 1743 1695 1093 1533 2046 1777 1721 1731 
1557 1592 1395 1367 1485 1146 1521 1539 1305 1511 
1824 2102 1514 1156 1599 1359 1425 1506 1145 1577 
1619 1622 1567 1520 1399 1618 1568 1681 1532 1234 
1629 1812 1395 1578 1481 1676 1432 1249 1320 1318 
1525 1861 1777 1858 1359 1451 1992 1725 1752 1681 
1693 1994 2072 1820 1678 1732 1971 1937 1498 1772 
1867 2294 2403 1802 1771 1852 1812 1815 1627 1397 
2318 2463 2691 2287 2065 1897 1878 1577 1641 1734 
2107 2117 2280 2029 2085 1812 1578 1855 1775 1709 
1939 1946 2041 2140 1927 1547 1705 1989 1836 1517 
1677 1659 2113 1974 1906 1900 1450 1376 1920 1837 
1700 1819 1866 1677 1470 1603 1706 1779 2019 2195 
1375 1522 1797 1991 1921 1982 1405 1492 1692 1770 
1901 1961 1774 1718 1646 1776 1688 1419 1515 1854 
1784 1813 1616 1992 2089 1302 1484 1575 1219 1361 
1592 1549 1629 1761 1480 1440 1677 1483 1216 1631 
1470 1681 1756 1948 1674 1444 1871 1866 1284 1277 
1292 1187 1742 1800 1575 1617 2156 1700 1700 1826 
1157 965 1341 2202 1644 1435 1737 1791 1472 1440 
1435 1770 1283 1644 1817 1623 1535 1867 1679 1410 
1298 1403 1123 1537 1774 1336 1235 1430 1483 1340 
1630 1641 1663 1316 1711 1692 1112 1292 1650 1431 
1495 1248 1891 1700 1376 1305 1237 1235 1212 1437 
2037 1964 1755 1519 1268 1552 1404 1128 1698 1590 
1791 1958 1654 1511 1382 1498 1627 1074 1151 1542 
2003 2207 1901 1617 1459 1367 1605 1634 1420 1474 
1455 1935 1855 1773 1637 1499 1671 1622 1332 1577 
1826 1582 2104 2012 1156 1223 1926 2072 1454 1594 
1674 1298 1361 1806 2085 1889 2016 1975 1841 1883 
1503 1292 1797 1486 1281 1945 1903 1421 1728 1680 
1400 1108 1523 1680 1195 2019 2136 1694 1632 1535 
1608 1483 1472 1499 1370 1878 2092 1477 1331 1083 
1187 858 1309 1683 1388 1693 2180 1616 1238 1348 
1659 1332 1328 1610 1804 1681 1744 1819 1508 1040 
1217 897 1220 1349 1441 1897 1837 1674 1695 1305 
1623 1234 1231 1602 1515 1502 1654 1483 1544 1620 
1431 1579 1373 1115 1273 1741 1798 1590 1759 1632 
1701 1741 1514 1638 1381 1280 1698 1232 1388 1548 
1468 1726 1692 1735 1396 1364 1472 1361 1297 1369 
1400 1534 1805 1951 1288 1115 1521 1524 984 1176 
1948 1738 1917 1957 1677 1567 1349 1589 1452 1379 
2006 1853 1701 1595 1605 1716 1771 1319 984 1153 
1725 1925 1927 1909 1949 1726 1853 1532 1532 1516 
1950 2050 2021 1846 1650 1564 1847 1547 1186 1171 
1863 1667 2125 2184 1911 1858 1748 1595 1565 1181 
1692 1831 1506 1750 1806 1568 1778 1488 1097 1062 
1214 1699 1591 1721 2389 1923 1715 2030 1638 1493 
1793 1802 1794 1658 1605 1603 1629 1859 1591 1467 
1810 1860 1664 1892 1788 1740 1623 1975 2036 1888 
1786 1754 2206 1972 1466 1975 1725 1575 2273 2006 
2264 2491 2176 1942 2075 1952 1675 1619 2180 2407 
2201 2095 2266 1686 1670 1863 1409 1736 2238 2054 
2523 2055 1835 1916 2035 1487 1573 1857 2171 2212 
1785 2009 1501 1356 1909 1424 1182 1737 1645 1848 
1744 1988 1755 1311 1587 1743 1563 1722 1342 1490 
1701 1792 1827 1767 1947 1652 1599 1338 1073 1106 
1639 1630 1868 2134 1833 1872 1715 1520 986 874 
1838 1891 1834 2177 2052 1743 1444 1527 1205 780 
1929 1928 2023 2043 2335 2053 1817 1398 1463 913 
1830 1793 1620 1407 1740 1896 1602 1070 995 1019 
2013 1773 1855 1625 2045 1990 1560 1532 1474 1358 
1838 1764 1808 1586 1621 1834 1832 1590 1581 1505 
1935 2088 2020 1514 1578 1754 1827 1851 1468 1531 
1636 1581 1839 1445 1743 2195 1708 1706 1779 1611 
2123 2031 1871 1598 1731 1943 1683 1837 1991 1785 
1549 1400 1435 1454 1787 1901 1599 1972 1862 1632 
1934 1684 1589 1849 1765 1577 1843 1928 1616 1455 
2155 1899 1328 1614 1842 1469 1449 1706 1749 2045 
2333 1967 1814 1673 1378 1706 1538 1892 2051 1712 
2025 1918 1508 1337 1192 1275 1616 1498 1820 2046 
2003 2069 2023 1615 1442 1403 1583 1591 1845 1840 
1922 1821 1829 1709 1263 1155 1517 1439 1757 2001 
2212 2062 2090 1565 1469 1745 1643 1291 1651 1732 
1887 1783 1924 1931 1463 1609 1397 1213 1488 1620 
2007 2242 2086 1829 1522 1678 1632 1262 1362 1354 
1470 1426 1937 1953 1757 1744 1579 1259 925 1250 
1434 1020 1908 1965 1595 1618 1403 1707 1676 1567 
1558 1571 1552 1612 1446 1630 1559 1709 1810 1452 
1205 1550 1217 1223 1591 1746 1518 1456 1608 1689 
1658 1946 1607 1089 1346 1387 1180 1127 1168 1357 
1691 1801 1738 1342 1609 1386 1274 1112 1213 1211 
1847 1526 1967 1953 1171 1112 1633 1454 957 1431 
2214 1591 1966 2259 1542 1517 1898 2125 1779 1566 
2250 1769 1750 2388 1849 1638 1913 1758 1917 1964 
1956 1740 1635 2220 2005 1990 1886 2117 2279 2095 
2032 1687 1667 1945 1990 1767 1474 1520 2087 2124 
1934 1750 1416 1540 1737 1596 1609 2031 2007 1950 
1297 1459 1303 1498 1615 1967 1413 1422 1784 1910 
1431 1912 1370 1060 1749 1806 1592 1582 2010 2070 
1003 1499 1332 1213 1575 1743 1895 1887 1992 2099 
1134 1366 1801 1435 1826 1864 2140 2187 1713 1845 
1390 1309 1955 1924 1515 1922 1922 1963 1781 1704 
1471 1363 1583 2219 2239 1875 1985 2024 1759 1713 
1762 1747 1904 1933 2243 2152 1483 1564 1704 1139 
1528 1656 1430 1788 2173 1874 1632 1651 1528 1498 
1611 1722 1622 1591 1761 1779 1464 1502 1336 1073 
1351 1589 1346 1683 1812 1705 1626 1502 1333 1098 
1289 1599 1636 1521 1868 1571 1320 1269 1509 1376 
1519 1739 1458 1553 1928 1496 1404 1485 1358 1237 
1482 1815 1494 1422 1761 1899 1658 1733 1491 1388 
1722 1544 1886 1549 1743 1931 1797 1422 904 1218 
1951 1814 1862 1489 1687 2043 1529 1521 1329 1284 
1482 1591 1925 1761 1715 1785 1703 1546 1294 829 
1635 1592 2054 1877 2052 2081 1931 1643 1462 1199 
1681 1362 1580 1938 1527 1900 1756 1537 1406 1293 
1891 1536 1486 1928 1819 1799 1923 1992 1869 1438 
1563 1652 1374 1543 1717 1559 1618 1910 1475 1411 
1600 1799 1938 1552 1599 1698 1738 1748 1302 1471 
1946 1693 1977 1401 1297 1587 1717 1635 1578 1459 
2071 1753 1718 1882 1654 1774 2121 1640 1938 1818 
2078 1941 1837 1579 1802 1606 1473 1713 1969 1511 
2013 1527 1640 1905 1529 1622 1930 1915 2064 1882 
1945 1566 1020 1635 1708 1471 1912 1641 1437 1617 
1800 1592 1602 1549 1518 1649 2201 1909 1392 1701 
1838 1912 1542 1683 1646 1480 1705 1836 1869 1792 
1393 1627 1847 2021 1649 1521 1580 2250 2055 1968 
1706 1802 1865 2002 2008 1885 1462 1762 2385 2071 
1661 2015 1970 2127 2016 1757 1792 1731 1508 2068 
1613 1880 1701 1680 1637 1689 1690 1456 1728 1851 
1913 2312 1784 2056 2130 1792 2186 1695 1333 1505 
1999 2101 2015 2191 2216 1873 1829 1580 1473 1612 
1864 2117 2001 1867 2140 1945 1743 1756 1540 1396 
1952 2108 2279 1804 1970 2279 1931 2005 1898 1878 
1850 1725 1638 1581 1825 1884 1933 2000 1830 1672 
1648 1666 1882 1856 1973 1877 1823 1984 1999 1991 
1855 1823 2153 2080 1421 1691 2205 2173 2167 2185 
1777 2182 1610 1796 2021 1937 2135 2188 1882 1762 
1596 1975 1916 2005 1747 2235 1944 1443 1858 1839 
2010 2154 1854 1752 1691 1809 2075 1696 1624 1395 
1465 1480 1484 1364 1599 1519 1473 1046 1021 1098 
1835 1637 1654 1543 1475 1454 1599 1684 1494 1223 
1988 1822 1279 1089 1590 1316 1308 1364 1087 1241 
1719 1659 1395 1315 1402 1449 1091 1519 1968 1752 
1552 1753 1360 884 1133 1337 1246 1362 1768 1632 
1249 1381 1460 1210 1512 1545 1124 1546 2012 1987 
1633 1425 1526 1240 1154 1394 1544 1683 1954 2167 
1184 1236 1473 1603 1653 1579 1752 1882 1809 1920 
1575 1692 1737 1653 1203 1324 1876 1925 1429 1701 
1482 1500 1392 1624 1574 1691 1616 1494 1425 1499 
1385 1190 1574 1473 1499 1747 1870 1543 1105 1134 
1676 1195 1628 1832 1592 1572 1218 1447 1595 1179 
1763 1421 1555 1600 1478 1554 1480 1599 1796 1452 
1849 1656 1721 2091 1555 1565 1899 1582 1758 1786 
1645 1891 1442 1869 1970 1609 1898 1727 1528 1822 
1358 1732 1875 2071 2153 1804 2062 1837 1493 1889 
1958 2267 1938 1844 2314 1861 1957 1986 1597 1597 
1713 1983 1993 1811 2195 2160 1925 2097 1492 1363 
1997 1989 2108 1673 1649 1837 1749 1740 1695 1363 
1583 1793 1823 1326 1594 2003 1907 1881 1535 1444 
2018 2033 1961 1453 1542 1718 1436 1666 2018 1742 
1615 1670 1399 1032 1093 1322 1618 1855 1854 2032 
1568 1595 1541 1456 1251 1444 1678 1968 1830 2004 
1357 1490 1561 1495 1252 1118 1468 1580 1744 1867 
1415 1510 1597 1385 1251 1387 1563 1706 2216 2322 
1372 1656 1471 1424 1551 1568 1769 1941 2077 2101 
1231 1321 1502 1208 1198 1587 1694 1755 2486 2519 
1841 1723 1797 1626 1307 1797 2155 1982 1998 2254 
1415 1286 1597 1577 1518 1534 1753 1688 1754 1894 
1983 1938 2112 1863 1695 1744 1603 1729 1567 1616 
1657 1378 1758 2240 1760 1576 1416 1590 1620 1415 
1857 1745 1663 2122 1948 1553 1561 1714 1906 1719 
1366 1365 1815 2070 1812 1815 1871 1626 1741 1886 
2178 2215 1733 1631 1757 1521 1730 1570 1830 2243 
1679 1979 1517 1188 1903 2091 1497 1945 2129 2176 
1621 1863 1685 1809 1957 1860 1799 1993 2222 2087 
1404 1546 1859 1629 1904 1274 1343 1596 1402 1609 
1374 1249 1462 1823 1664 1769 1960 2168 2010 2039 
1212 1644 1585 1655 1971 1978 1702 1627 1765 1635 
1047 1240 1840 1650 1916 2130 1693 1619 1899 1627 
1259 1802 1716 1680 1977 2045 1833 1843 1765 1701 
1055 1591 1690 1371 2175 2140 1693 1860 2040 1934 
1650 1706 1679 1525 1511 1695 1790 1979 1923 1834 
1448 1118 1181 1532 1773 1889 1505 1459 1782 1808 
2228 1912 1644 1596 1483 1541 1490 1393 1446 1441 
1609 1275 1194 1539 1424 1174 1578 1387 1549 1810 
2155 2081 1852 1558 1447 1665 1914 1650 1155 1240 
1533 1343 1553 1432 1469 1678 1538 1760 1698 1577 
1622 1315 1510 1377 1579 1809 1479 1745 1888 1949 
1902 1612 1592 1686 1716 1568 1343 2201 2242 1614 
1819 1638 1317 1668 1658 1618 1718 1319 1412 1492 
2163 2036 1826 2047 1857 1641 1999 1769 1323 1553 
1888 1550 1704 1777 1655 1713 1748 1388 1377 1469 
2003 1952 1847 1448 1450 1584 1456 1755 1424 1019 
1600 1677 1662 1555 1858 1758 1236 1281 1548 1422 
1359 1680 1610 1340 1225 1649 1599 1137 1352 1364 
1506 1782 1720 1618 1532 1672 1929 1292 1015 1354 
1760 1862 2000 1891 1656 1590 1717 1290 1293 1298 
1888 1942 2120 2149 1741 1605 1785 1805 1504 1236 
1851 2108 1901 2105 2097 1700 1515 1575 1563 1542 
2034 2248 2087 2024 1577 1745 1730 1710 1545 1602 
1948 1753 1978 1797 1519 1621 1894 1875 1927 1888 
1605 1536 1726 1590 1614 1402 1481 1752 1704 1907 
1474 1452 1609 1576 1366 1514 1168 1881 2246 2133 
1831 1831 1411 1401 1807 1753 1297 1542 1947 1759 
1589 2001 1506 1370 1815 2017 1861 1721 2186 2069 
1392 1839 1763 1280 1746 1987 1777 1498 1626 1711 
1487 1708 2057 1559 1682 2211 2448 1887 1492 1537 
1308 1509 1631 1998 2013 1918 1886 2036 1844 1547 
1403 1514 1738 1869 1728 2274 1971 1683 1868 1572 
1462 1286 1529 2162 2003 1849 2212 2050 1725 1719 
1848 1696 1716 2143 1870 1826 1900 1837 1997 2015 
2036 1936 1746 1820 1652 1718 2116 1815 1919 2018 
1891 1738 1570 1615 1542 1431 1912 1804 1851 2016 
1701 1624 1551 1517 1706 1610 1555 1592 1779 1845 
1845 1787 1981 1590 1392 1584 1618 1478 1187 1368 
1486 1503 1531 1425 1485 1290 1450 1340 1461 1588 
1416 1626 1597 2036 1984 1523 1599 1953 1659 1643 
1809 1899 1903 2055 1820 1341 1274 1746 1777 1735 
1757 1479 1909 2084 2025 1674 1422 1732 1864 1770 
1619 1610 1910 1993 1674 2069 1339 1251 1569 1804 
1699 1883 2189 1880 2062 2075 1560 1448 1889 1596 
1691 1660 1839 1804 1989 1702 1297 1306 1784 1656 
1458 1564 1170 1410 2083 1885 1807 2003 2325 2208 
1846 1911 1520 1628 1904 2061 2023 1985 2210 2335 
1561 1512 1326 1458 1489 1768 2038 2245 2293 2715 
1822 1854 1959 1398 1711 2287 2202 2254 2598 2637 
1563 1201 1717 1793 1685 1484 1261 2098 2658 2469 
2464 2234 1926 1617 1769 1838 1630 1857 2092 2138 
1904 2026 1628 1481 1583 1639 1582 1395 1395 1831 
2107 2382 2022 1912 1736 1495 1755 1448 1256 1727 
1495 1864 2258 2076 1592 1650 1758 1592 1271 1454 
1479 1446 2154 2205 1663 1622 1430 1280 1356 1122 
1485 1441 2040 2169 2065 1884 1534 1408 1233 1110 
1498 1482 1882 1909 1879 1521 1429 1224 899 1079 
1687 2101 1753 2228 2308 1753 1730 1741 1423 1163 
1893 2169 2124 2233 2150 2161 1865 1361 1182 1292 
1665 1819 1797 2101 2213 2233 1798 1681 1588 1264 
2213 2234 2326 2186 1944 2339 1951 1616 1676 1434 
1640 1516 1800 1900 2173 2302 1816 1773 1623 1434 
2102 2220 2528 1795 1524 2048 1912 1466 1871 1761 
1658 1729 2096 1922 1762 1835 1988 1948 1907 1928 
1927 2204 2443 1800 1823 1834 1604 1741 1902 1975 
1595 1639 1934 1865 1575 1497 1927 1833 1653 1870 
1909 1891 1885 1878 1826 2201 1763 1904 1957 1948 
1741 1744 1603 1654 1530 1933 1570 1385 1945 1806 
1332 1512 1502 1511 1639 1810 1746 1983 2531 2258 
1645 1730 1785 1302 1544 1998 1622 1829 2175 1969 
1133 1281 1279 1659 1801 1632 1677 1764 1657 1968 
1849 2005 1968 1599 1511 1907 1771 1560 1649 1613 
1190 1157 1407 1382 1615 1727 2090 1571 901 1326 
1334 1442 1726 1278 1326 1852 1523 1562 1538 1250 
1510 1435 1674 1968 1390 1685 1860 1335 1719 1477 
1430 1332 1552 1691 1254 1186 1615 1437 1513 1363 
1685 1614 1697 2154 1687 1381 1827 1506 1337 1402 
1845 1731 1971 2046 1832 1520 1906 1367 1023 1681 
1959 1645 1727 1840 1845 1800 1816 1730 1250 1075 
1636 1439 1686 1893 2046 2195 1634 1340 1707 1551 
1786 1678 1719 1809 1901 1812 1825 1632 1462 1364 
1259 1394 1679 1887 1931 1968 1796 1975 1896 1663 
1535 1651 2018 2455 1767 1694 2518 1929 1165 1671 
1098 1444 1698 1790 1647 1781 1944 1811 1689 1726 
1691 1935 1786 1833 2003 1829 1925 1768 1550 1752 
1090 1307 1400 1607 1901 1456 1413 2101 1956 1545 
1609 1761 1606 1419 1839 1485 1432 1741 1503 1541 
1425 1315 1332 1511 1864 1317 1359 2191 1857 1908 
1918 1796 1519 1473 1858 1998 1592 1866 2339 2067 
1538 1712 1388 1837 1773 1565 1772 1877 2064 2203 
1877 2192 1718 1817 1636 1573 1847 1922 1819 2084 
1447 1229 1907 1841 1493 1470 1859 1522 1642 1944 
2158 1949 2259 2188 1800 1684 1576 1855 1579 1668 
1631 1604 1752 1884 1451 1690 1253 1462 1657 1586 
1802 1950 1549 1603 2039 1734 973 1478 2055 1540 
1693 1957 1832 1537 1576 1799 1305 1232 1674 1628 
1656 1653 1322 1399 1241 1488 1470 1263 1581 1941 
1639 1650 1534 1389 1351 1717 1575 1155 1442 1505 
1981 1742 1946 2175 1791 1250 1602 1653 1422 1804 
1701 1934 1853 1292 1692 1407 1240 1945 1618 1625 
1903 2214 2119 1832 1625 1847 1657 1675 1677 1596 
1687 2036 1686 1756 1776 1659 1836 1551 1740 1885 
2011 1828 1986 1855 1215 1607 1725 1448 1837 1870 
1182 944 1097 1827 1344 1367 1901 1804 1835 1781 
1385 1458 1454 1648 1663 1349 1865 1699 1153 1615 
1350 1295 1327 1639 1740 1766 1652 1826 1818 1880 
1606 1609 1630 1627 1557 1742 1827 1809 1898 1802 
1410 1807 1787 1699 1917 1781 2086 1719 1948 2011 
2109 2322 2485 1756 2098 2005 1840 1989 2182 2075 
1842 1566 1728 1710 1678 1891 1591 1715 1832 2082 
1771 1834 1621 1962 2052 1509 1445 1966 2149 1852 
2032 2050 2224 1794 1647 1906 1588 1921 2039 1946 
1554 1728 1525 2088 1974 1933 1703 1773 2045 2020 
1539 2071 1829 1694 2027 1625 1477 1598 1940 1828 
1599 1633 2065 2163 1848 2070 1841 1573 1879 2065 
1200 1207 1507 1863 1663 1821 2095 1575 1465 1554 
1469 1429 1733 1988 1849 1905 2103 1552 1169 1635 
1467 1274 1438 1784 2068 1693 1562 1879 1886 1619 
1711 1717 1532 1779 2170 1909 1798 1877 1540 1388 
1577 1701 1463 1427 1748 1778 1683 1718 1808 1780 
1392 1522 1221 1627 1868 1871 2024 1690 1480 1605 
1863 1887 1612 1495 1104 1531 1874 1579 1414 1474 
1848 1452 1284 1499 1605 1587 1812 2003 1616 1380 
1769 1829 1392 1426 2019 1840 1854 1810 1639 1608 
2060 2071 1874 1599 2140 1616 1732 2016 1397 1193 
2037 2294 1459 1310 1881 1716 1583 1780 1656 1801 
1748 2298 2079 1736 1825 1803 1695 1886 1698 1469 
1825 2265 2034 1545 1493 1720 1525 1651 2008 2026 
1733 1999 2073 2050 1859 1902 1630 1718 2118 1954 
2043 2048 2118 2066 1778 1788 1946 1670 1693 2022 
1542 1293 1738 2266 1874 1497 1451 1398 1671 1661 
1835 1601 1878 2135 1573 1708 1504 1250 1195 1286 
1420 1223 1409 2026 1728 1274 1353 1504 1338 1464 
1519 1487 1490 1478 1639 1657 1045 1214 1477 1432 
1100 1148 1144 1302 1327 1280 1656 1733 1811 2127 
1781 1830 1346 1247 1807 1503 1542 1981 2277 2207 
1430 1320 1079 1382 1261 1552 1946 1683 1823 2404 
2121 1866 1797 1693 1536 1478 1616 2075 2242 2179 
1461 1437 1585 1794 1723 2045 1811 1708 2164 2329 
1701 2096 1937 1960 1550 1364 1753 1843 1722 1806 
1755 1807 1711 1695 2000 1583 1392 1788 1570 1435 
1774 1652 1532 1747 1682 1526 1437 1320 1235 1687 
2122 1781 1525 1290 1564 996 973 1476 1385 1145 
2046 1620 1211 1221 1378 1219 1195 1491 1302 1146 
1955 2063 1439 1271 1486 1437 1391 1210 1336 1340 
1950 1754 1710 1527 1516 1287 1393 1286 1064 978 
2204 1726 1614 1821 1817 1750 1716 1365 1483 1335 
2013 1368 1629 2016 1688 1821 2100 1777 1557 1380 
1764 1442 1408 1920 1844 2040 2099 1891 1970 1951 
1665 1567 1660 1388 1389 1656 1761 1766 1898 1746 
1599 1637 1477 1295 1696 1933 1567 1754 1788 1497 
1744 1635 1464 1458 1525 1283 1549 1342 1160 1308 
1771 1482 1301 1403 1710 1206 1258 1272 691 787 
1694 1661 1707 1513 1385 1710 1586 1173 821 835 
1866 1546 1648 1594 1091 1238 1320 1160 1151 1043 
1667 1374 1583 1681 1801 1609 1592 1596 1397 1100 
1470 1642 1496 1765 1749 1178 1211 1404 1456 1363 
1895 2112 1759 1781 2244 1934 1599 1774 1691 1640 
1494 1284 1373 1749 1719 1812 1584 1475 1377 1359 
1864 1688 1745 2268 2084 1914 1689 1476 1432 1390 
1710 1766 1681 2027 1693 1600 1628 1629 1268 1301 
1587 1870 1700 1908 1893 1767 1552 1381 1179 1423 
1417 1884 1574 1442 1623 1463 1108 1446 1477 1061 
1171 1319 1733 1424 1502 1621 1651 1148 1497 1867 
1484 1679 1743 1390 1501 1432 1408 1531 1566 1662 
1203 1423 1513 1303 1454 1540 1614 1655 1710 1699 
1801 1875 1642 1353 1691 1737 1536 1661 1895 2031 
1919 2172 2015 1718 1682 1866 1524 1639 1760 1421 
1905 2355 2142 1669 1499 1635 1371 1329 1443 1200 
1927 2203 1924 1759 1551 1311 1476 1092 836 936 
1910 2005 1606 1770 1958 1127 1368 1612 792 819 
1864 1753 1555 1521 1498 1275 1195 1111 643 814 
1459 1671 1485 1272 1462 1464 1325 1483 1096 826 
1450 1796 1702 1198 1399 1767 1509 1014 1082 1065 
1539 1806 1502 1428 1728 1860 1490 1351 1585 1063 
1995 1999 1530 1268 1564 1737 1801 1393 1352 1518 
2034 1724 1528 1734 1526 1411 1974 2055 1704 1432 
1793 1534 1391 1456 1500 1536 1606 1612 1633 1736 
2139 2000 1756 1493 975 1313 1688 1878 1573 1846 
1813 1747 1361 1034 1279 1594 1510 1711 2025 1775 
1870 1784 1906 1438 1029 1279 1461 1558 1454 1735 
1748 1743 1885 1509 1458 1410 1566 2076 2049 1984 
1588 1327 1770 1572 993 1112 1571 1434 1541 1926 
1995 1438 1661 1677 1513 1431 1791 1890 1760 1576 
2097 1488 1823 1642 1460 1344 1145 934 1313 1458 
2125 1868 1748 1706 1401 1658 1485 1487 1626 1374 
2504 2537 2106 1911 1703 1622 1456 1248 996 1128 
2231 2240 1790 1649 1932 1617 1650 1705 1483 1496 
1987 2259 2206 2237 2230 1712 1610 1870 1557 1463 
2041 2148 2200 2082 1842 1383 1362 1762 1816 1665 
2132 2040 1793 1963 1784 1562 1465 1587 1916 1515 
2385 2083 2047 1975 1880 1682 1345 1280 1801 1826 
2422 2045 2007 1903 1571 1415 1531 1566 1396 1578 
2130 2203 1879 1489 1503 1467 1235 1379 1247 1568 
1939 1794 2038 1819 1357 1471 1668 1354 1422 1610 
1833 1668 1488 1530 1282 1209 1495 1199 1063 1138 
1394 1345 1395 1528 1523 1365 1375 1055 1413 1242 
1830 1661 1568 1544 1284 1119 1563 1405 971 968 
1355 1506 1233 1297 1599 1507 1427 1300 884 1147 
1657 1773 1627 1509 1287 1238 1913 1621 1127 1034 
1590 1289 1631 1552 900 1400 1484 1472 1360 1402 
1849 1338 1508 1647 820 1069 1556 1248 1506 1292 
1225 1072 1497 1868 1295 1099 1331 1581 1429 1180 
1953 1601 1979 1977 1826 1582 1498 1376 1336 1404 
1530 1458 1359 1825 1823 1452 1439 1391 1340 1591 
1697 1803 1533 1660 1917 1911 1872 1885 1950 1820 
1616 1709 1614 1923 1836 1861 1777 1649 1779 1413 
1436 1722 1449 1740 1753 1728 1933 1691 1737 2100 
1339 1546 1595 1742 1898 1661 1469 1808 1416 1336 
1896 1987 1445 1542 2033 1918 1669 1620 1407 1349 
1721 1751 1530 1500 1942 1588 1569 1645 1194 1103 
1944 1890 1539 1288 1779 1460 1416 1445 893 1019 
1855 1749 1752 1889 1517 1473 1537 1398 1226 801 
1526 1351 1660 1959 1836 1534 1549 1341 1389 1122 
1751 1879 1959 1906 2171 1811 1879 1747 1629 1463 
1622 1428 1603 1889 2034 1775 1448 1636 1628 1371 
1927 1865 1319 1633 2198 2098 1754 1765 1878 1898 
1680 1805 1536 1622 1732 1950 1889 1564 1848 1874 
1787 1679 1702 1491 1710 1774 1771 1820 1735 1708 
1736 1671 2070 1651 1708 2178 2089 1951 1710 1845 
1887 1683 1772 1546 1341 1750 1970 1943 1513 1821 
1771 1443 1826 2023 1504 1919 1959 2063 1847 1696 
1672 1560 1614 1670 1315 1126 1665 1519 1342 1249 
1149 1215 1729 1500 1456 1340 1329 1643 1649 1360 
1365 1362 1577 1484 1559 1670 1403 1347 1552 1582 
1173 1321 1442 1646 1952 1719 1568 1734 1966 1758 
1370 1336 1396 1410 1397 1583 1656 1441 1568 1579 
1323 1431 1459 1750 2003 1815 1862 1716 1996 2225 
1467 1561 1704 1218 1341 1901 1575 1671 1955 1792 
1162 980 1462 1762 1452 1991 1721 1544 1872 1844 
1623 1645 1522 1457 1628 1680 1653 1731 1644 1571 
1321 1469 1277 1454 1714 1735 1750 1723 1705 1858 
1833 2034 1662 1351 1585 1430 1326 1405 1373 1267 
1441 1646 1647 1163 1203 1845 1661 1581 2001 1762 
1770 1519 1582 1905 1345 1513 1762 1428 1579 1674 
1526 1203 1233 1347 1577 1326 1704 1933 1816 2102 
1528 982 1655 1890 1618 1360 1804 2094 1598 1491 
1819 1486 1348 1666 1762 1254 1565 1693 1604 1714 
1401 1306 1414 1307 1701 1832 1391 1419 1275 986 
1972 1621 1550 1423 1501 1772 1399 1172 1249 1171 
1474 1591 936 1360 1902 1738 1986 1563 1059 869 
1817 1901 1684 1592 1649 1734 1903 1631 970 911 
1785 1551 1257 1907 1967 1874 2447 2003 1432 1477 
1444 1606 1452 1811 2224 1994 1883 2061 1798 1218 
1776 1910 2034 1799 1834 2179 2135 1979 1599 1254 
1062 1480 1303 1259 1810 2087 1773 1671 2019 1520 
1629 1815 2106 1844 1966 2048 2038 1738 1607 1705 
1205 1162 1612 1647 1616 1865 1606 1922 2360 1773 
1574 1647 1900 1958 1688 1993 1868 1776 1935 2171 
1964 1791 1911 1587 1415 1624 1584 1721 1804 1885 
1819 1589 1524 1680 1429 1761 1821 1404 1380 1820 
1776 1778 1720 1495 1448 1312 1184 1367 1628 1695 
1739 1513 1531 1548 1195 1096 1076 1434 1642 1476 
1655 1591 1460 1405 1294 1558 1150 1204 1844 1791 
1458 1185 1409 1704 1399 816 1477 1590 1501 1894 
1800 1699 1364 1672 1385 1207 1448 1348 1545 1841 
1680 1571 1220 1859 1718 1140 1817 1798 1532 1877 
1857 1848 1218 1670 2024 1558 1336 1481 1601 1539 
1825 1856 1504 1558 1548 1607 1646 1258 1212 1287 
1748 1693 1713 1635 1681 1456 1541 1745 1294 1104 
1769 1881 1717 1553 1278 1572 1812 1401 706 1078 
1560 1489 1255 1762 1509 897 1385 1886 1160 1077 
1900 1590 1545 1637 1846 1294 1504 1486 1176 1073 
1479 1318 1021 1359 1489 1115 1349 1503 1266 1155 
1672 1832 1528 1383 1816 1783 1214 1192 1555 1126 
1534 1645 1630 1398 1225 1393 1345 1128 1111 1139 
1564 1871 1665 1174 1395 1663 1190 1471 1817 1607 
1926 1899 1680 1489 1580 1338 1622 1825 1891 1950 
1768 1586 1409 1524 1678 1249 1713 2117 1679 2129 
1872 1675 1467 1534 1769 1653 1675 2040 2156 2347 
1722 1684 1480 1690 1382 1579 1929 1744 1415 1637 
1353 1497 1377 1656 1635 1673 1287 1691 1997 1865 
1735 1924 1669 1423 1088 1200 1545 1381 1206 1115 
1358 1331 1654 1415 1686 1299 1347 1451 1401 1505 
1879 1720 2022 1752 1371 1210 1312 1486 1327 1239 
1403 1726 1423 1393 1659 1721 1176 1068 1486 1413 
1191 1312 1532 1741 1534 1408 1522 1574 1619 1372 
1702 1684 1394 1524 1706 1601 1535 1337 1707 1712 
1038 947 1000 1198 1468 1630 1600 1465 1537 1440 
1576 1469 1496 1783 1856 1764 1562 1534 1722 1832 
1365 1671 1581 1397 1783 2116 1292 1547 1804 1567 
1246 1634 1906 1916 2049 2280 1656 1509 1559 1477 
1390 1825 2145 1772 2207 2156 1665 1598 1526 1524 
1396 1345 1828 2011 1982 1896 1555 1557 1301 1367 
1616 1815 1808 1536 1854 1862 1548 1428 1496 1511 
1509 1638 1689 1835 1531 1389 1813 1554 1617 1758 
1816 2264 1758 1618 1591 1470 1476 1349 1694 1470 
1850 2073 2043 2049 1484 1353 1763 1478 1300 1797 
1645 1723 1775 1560 1355 1437 1305 1448 1405 1506 
1936 1545 2041 1886 1533 1569 1370 1200 1501 1745 
1833 1630 1663 1822 1372 1357 1708 1897 1953 1823 
1896 1752 1545 1762 1658 1224 1365 1859 2095 2191 
2105 2109 1492 1571 1653 1467 1648 2098 2337 2495 
1557 1466 1530 1605 1517 1482 1902 1981 2480 2569 
1735 1401 1629 1651 1291 1692 2073 1397 1842 2272 
1688 1391 1441 1546 1189 1233 1803 1794 1660 2057 
1170 1006 1294 1205 1406 1757 1727 1668 1708 1808 
1680 1920 1522 1388 1463 1574 1438 1495 1208 1279 
1435 1683 1558 1016 1253 1870 1212 1513 1955 1552 
1931 1956 1850 1691 1385 1681 1568 857 1369 1268 
1547 1538 1967 1560 1290 1439 1486 1520 1643 1517 
1922 1404 1948 1837 1487 1637 1503 1196 1360 1476 
1361 1107 1616 2112 1712 1680 1665 1664 1744 1887 
1697 1674 1511 1995 1708 1499 1921 1777 1741 1941 
1157 1324 1034 1737 2079 1641 2003 2097 1916 2134 
1868 1887 1422 1587 1957 1703 1858 1913 1746 2174 
1303 1047 1330 1613 1753 1448 1558 2208 1972 1990 
1886 1806 1516 1376 1426 1474 1410 1600 1812 1675 
1445 1555 1599 1529 1193 1274 1813 1789 1865 1988 
1459 1257 1482 1539 1331 1416 1152 1171 1538 1511 
1573 1643 1774 1567 1253 1645 1655 1510 1744 1757 
1512 1387 1573 1846 1797 1542 1638 1814 1567 1612 
1867 1993 1704 1553 1780 1764 1632 1401 1299 1441 
1635 1396 1584 2162 1909 1426 1917 2023 1691 1477 
2093 1677 1579 2086 1804 1488 1883 1702 1733 1659 
1938 1720 1434 1728 1846 1437 1477 1816 1816 1690 
1571 1627 1894 1572 1591 2066 1660 1475 1907 1738 
1903 1905 2059 1838 1772 1987 1714 1388 1999 2176 
1777 1782 1955 1476 1439 2123 1729 1635 1986 2093 
1354 1369 1780 1922 1809 1837 1829 2106 2006 2067 
1570 2124 2023 1673 1800 1850 1722 1641 1493 1816 
967 1498 1668 1586 1815 1554 1734 1971 1726 1930 
1713 2000 1934 2002 1947 1912 1643 1626 1806 1713 
1318 1673 1788 1938 1744 2199 1903 1611 2152 1704 
1521 1548 1864 2105 2019 2156 1904 1779 2298 2262 
1477 1741 1835 1873 2055 2275 1797 2152 2313 2288 
1454 1400 1831 1562 1561 1663 1889 2040 2436 2426 
1761 1498 1581 1314 1390 1646 1645 1636 1935 2327 
1932 1413 1540 1902 1445 1418 1652 1618 2158 2359 
1951 1512 1393 1461 1218 1173 1497 1723 2095 2244 
2223 1788 1579 2013 1757 1433 1898 1882 2052 2339 
1617 1447 1294 1772 1831 1652 1868 1913 2108 2422 
1702 1678 1603 1808 1808 1740 1955 1907 1814 2024 
1782 1773 1841 1619 1750 1780 1875 1784 1845 1724 
1410 1189 1634 1612 1480 1431 1426 1753 1308 1807 
1789 1964 1507 1481 1789 1570 1053 2000 2076 1713 
1347 1401 1409 1342 1102 1081 1370 1722 1975 2200 
1357 1321 1311 1406 1500 1476 1451 1800 2064 2210 
1402 1644 1556 1554 1384 1378 1712 1665 1629 2253 
1418 1393 1541 1313 1590 1577 1630 1671 1809 2058 
1318 1677 1525 1737 1385 1585 2049 1654 1365 1623 
1423 2056 1633 1621 1772 1089 1465 1752 1317 1224 
998 1150 1675 1481 1640 1391 1243 1421 1002 1175 
1344 1499 1654 1648 1504 1260 1128 1549 1191 910 
1105 1407 1571 1462 1746 1518 1667 1651 988 1075 
1155 1403 1529 1366 1568 1683 1402 1271 981 924 
1184 1471 1432 1664 1564 1615 1769 2030 1547 1258 
1162 1171 1370 1733 1604 1786 1781 1440 1703 1451 
1168 1017 1603 1980 1495 1515 1987 2154 1918 1711 
1368 1171 1356 1731 1559 1624 1676 1533 1771 1570 
1415 1347 1297 1596 1777 1561 1528 1738 1927 1776 
1664 1704 1406 1354 1655 1954 1453 1241 1673 1685 
1268 1566 1254 1234 1589 1931 1593 1673 2116 1848 
1317 1521 1448 1345 1659 2089 1980 1563 1834 1900 
1273 1492 1613 1397 1548 1548 2030 1790 1349 1791 
1104 1266 1482 1458 1746 1380 1688 1829 1532 1502 
1355 1282 1617 1680 1413 1658 1879 1782 1677 1720 
1629 1350 1209 2110 1902 1547 1386 1685 1483 1312 
1368 1134 1447 1685 1694 1772 1774 1680 1725 1580 
1749 1691 1491 1485 2152 2153 1694 1598 1373 1509 
1452 1317 1808 1744 1731 2104 1812 1609 1423 1036 
2143 1756 1810 1668 1822 2038 1833 1609 1788 1538 
1425 1477 1536 1405 1938 2200 1509 1612 1921 1474 
1292 1707 1867 1786 1947 2078 1808 1979 1865 1638 
1521 1806 1913 1561 1754 1698 1901 1805 1487 1670 
1252 1299 1709 1963 1597 1887 2089 2080 1626 2138 
1672 1724 1850 2302 1512 1406 2047 1824 1707 1716 
1434 1657 1678 1710 1678 1690 2081 1920 2051 2024 
1594 1954 1568 1837 2056 1628 1763 1602 1702 1890 
1174 1750 1894 1700 1659 1704 1471 1688 1910 1936 
1463 1776 1730 1637 1866 1827 1839 1974 1904 2096 
1342 1579 1814 2034 1959 1578 1127 1864 2061 1864 
1896 1740 1886 1914 1663 1639 1785 2266 2243 2396 
1912 1838 1652 2095 2067 1702 1762 1863 1883 1951 
1679 1837 1791 2023 1924 1952 1963 1776 1948 2331 
1638 2115 1799 1759 1804 2001 2140 1824 1939 2106 
1699 2019 1752 1701 2248 1943 1970 2108 1963 2081 
1398 1713 1797 1635 1856 1831 1711 2135 2055 2192 
1539 2035 2021 1848 1802 1570 1385 2138 2058 1927 
1692 1811 1956 1835 1839 1732 1507 1516 2049 1737 
2000 1581 1765 1802 1373 1298 1317 968 1073 1231 
2272 1806 1178 1583 1479 1647 1518 1288 1509 1542 
2067 2041 1382 1278 1649 1642 1710 1471 1067 1344 
1812 1860 1498 1180 1607 1518 1726 2025 1905 1740 
1314 1392 1590 1081 1298 1491 1755 1866 1798 1916 
1767 1667 1695 1486 1638 1703 2171 2084 1884 1976 
1600 1706 1277 1352 1263 1357 1399 1685 1926 1863 
1824 1610 1458 1669 1470 1386 1552 1813 1580 1651 
1930 1629 1581 1901 1695 1316 1383 1413 1570 1453 
2086 1642 1764 1618 1638 1663 1508 1426 1346 1257 
1805 1442 1570 1578 1761 2096 1805 1417 1583 1866 
1470 1534 1503 1364 1750 1802 1769 2264 2100 1726 
1594 1561 1661 1312 1830 2096 1766 1970 2137 2014 
1557 1445 1308 1573 1302 1425 1750 1996 1889 2040 
1921 1843 1749 1823 1358 1683 1913 1538 1620 1835 
1795 1781 1587 1804 1551 1493 1717 1380 1216 1539 
2098 2244 1940 1912 1708 1639 1651 1536 1236 1535 
1939 2098 2139 1914 1859 1514 1442 1630 1786 1494 
2219 2274 2332 1946 1618 1671 1802 1680 1977 1929 
1976 1843 2091 1981 1702 1670 1739 1851 1979 1904 
2479 2029 2094 2009 1683 1814 1451 1544 2442 2288 
1893 1957 1697 1768 1474 1937 1978 1638 1601 2182 
1560 1769 1922 1672 1727 1839 1746 1919 2092 2093 
1472 1658 1891 1557 1570 1798 1755 1720 1599 1920 
1459 1557 1727 1616 1836 1500 1844 1890 1485 1550 
1712 1694 1866 1997 2285 1533 1596 1821 1247 1188 
1888 1975 1680 1727 1918 1604 1573 1358 796 925 
2208 2282 1820 1740 1744 1533 1417 1425 1314 1163 
1663 1843 1800 1571 1826 2089 1591 1559 1472 1190 
1665 2138 1945 1507 1567 1945 1379 1099 1648 1244 
917 1386 1619 1681 1565 1939 1824 1322 1284 1424 
1291 1403 1723 1847 1595 1595 1489 1346 1131 1079 
803 825 1164 1357 1289 1478 1504 1310 1494 1395 
1350 1060 1337 1716 1848 1602 1551 1740 1537 1389 
1241 861 1254 1348 1368 1661 1310 1660 1779 1641 
1615 1390 1611 1466 1720 1868 1681 1696 1993 2039 
1516 1665 1552 1273 1243 1616 2011 2023 1884 2087 
1619 2013 1712 1563 2074 2254 1860 1802 1939 1706 
1736 1939 1755 1420 1411 1651 1860 1631 1808 1996 
1503 1245 1780 1609 1498 1772 1558 1628 1845 1699 
2026 1886 2077 2059 1391 1454 1505 1754 2034 1777 
1374 1400 1775 1740 1329 1157 1201 1430 1956 1920 
2057 1618 1745 1811 1566 1154 1271 1309 1551 2053 
1752 1596 1675 1780 1533 1679 1418 1135 1611 1750 
2167 2205 1924 1688 1541 1451 1320 970 1286 1764 
1537 1916 1739 1232 1508 1956 1566 1664 1950 1768 
1989 1925 2284 1791 1608 1736 1634 1466 1730 1695 
1909 1733 2056 1886 1725 1754 1915 1968 2019 1933 
1707 1779 1750 1902 1731 1624 2031 1416 1380 1943 
1856 1931 2168 1793 1835 1495 2045 2039 1371 1650 
1829 1618 1863 1630 1353 1521 1521 1644 1669 1999 
1947 1818 1530 1590 1665 1316 1370 2114 1924 1676 
1760 1428 1507 1664 1581 1443 1268 1871 2212 2184 
2041 2002 1298 1674 1778 1475 1507 1979 1974 1991 
1241 1428 1424 1467 1542 1731 1752 1564 1747 2056 
1609 1438 1579 1736 1515 1536 1796 1572 1520 1273 
1344 1445 1619 1673 1712 1996 1785 1107 1460 1715 
1400 1177 1565 1651 1718 1410 1546 1951 1779 1308 
1690 1628 1654 1679 1934 1945 1422 1509 1711 1638 
1583 1555 1525 1908 1894 1450 1582 1951 1941 1730 
1578 1465 1784 1898 1816 1759 1609 1598 1625 1794 
1506 1461 1782 2063 1778 1819 1741 1552 1616 1984 
1944 2150 1827 1995 1428 1756 1866 1437 1846 1859 
1809 2054 1756 1826 1951 1946 2042 1240 1562 1583 
1994 2140 2165 1727 1565 1864 1585 1450 1704 1748 
1736 1810 1892 1674 1702 2069 1843 1671 1657 1683 
1812 1448 1739 1618 1514 1679 1676 1607 1564 1445 
1896 1635 1547 1502 1548 2045 1902 1864 1750 1880 
1427 1424 1463 1622 1489 1601 1918 1446 1417 1403 
1443 1588 1813 1635 1494 1756 1627 1559 1810 1669 
1489 1490 1580 1662 1548 1733 1431 1437 1824 1481 
1222 1507 1488 1599 1890 2090 2028 1592 1881 1709 
1458 1610 1635 1453 1590 1624 1540 1334 1343 1474 
1603 1452 1816 1771 1545 1627 2065 1764 1335 1574 
1935 1980 1532 1685 1429 1321 1517 1676 1698 1703 
1381 1686 1564 1517 1555 1333 1472 1605 1767 1655 
1950 1773 1895 1406 1443 1515 1309 1492 2267 2148 
1383 1192 1376 1481 1229 1644 1344 1445 1775 2065 
1943 1783 1408 1375 1224 1398 1758 1721 1800 2142 
1189 1119 1028 1329 1514 1640 1435 1763 1777 1858 
1683 1755 1400 1072 1377 1465 1572 1512 1474 1676 
1066 1118 1603 1144 1328 1377 1146 1575 1981 1649 
1590 1613 1786 1160 1032 1532 1524 1267 1367 1483 
1406 1391 1854 1879 1376 1207 1297 1242 1190 1411 
1806 1758 1676 1635 1557 1609 1277 1110 1589 1640 
1429 1445 1533 1993 1611 1405 1396 1230 1811 1682 
1850 1845 1587 1341 1632 2083 1412 1482 2210 2044 
1312 1240 1453 1359 1344 1875 1558 1472 1884 2029 
1616 1466 1625 1380 1353 1659 1671 1771 1977 2181 
1292 1372 1581 1628 1456 1656 1674 1545 1752 2119 
1147 1372 1525 1685 1275 1247 1570 1530 1427 1714 
1101 1523 1740 1552 1552 1563 1417 1418 1579 1566 
1248 1449 1760 1981 1517 1530 1581 1269 1461 1652 
1497 1535 1621 2087 1789 1273 1333 1510 1254 1150 
1610 1571 1678 1569 1962 1852 1576 1523 1761 1759 
1778 1526 2116 1837 1443 1831 1956 1272 1112 1526 
1544 1494 1507 1445 1748 1494 1370 1710 1510 1588 
1451 1561 1628 1525 1110 1320 1177 1407 1683 1724 
1804 1828 1370 1381 1381 994 1077 1373 1766 1588 
1444 1637 1629 1099 1414 1344 911 1054 1497 1584 
1879 2017 1898 1164 1080 1511 1023 965 1485 1720 
1558 1482 1807 1511 984 1552 1531 1156 1563 1935 
2201 1954 2091 1629 1222 1409 1197 1423 1534 1414 
2069 1693 1926 1955 1169 1123 1487 1512 1243 1500 
2077 1883 2108 2195 1584 1369 1294 1500 1355 1380 
2324 2377 1950 1774 1586 1087 1346 1467 1337 1569 
1499 1567 1504 1521 1669 1376 1073 1303 1574 1388 
1956 2125 1741 1153 1632 1344 975 1175 1350 1500 
1009 1357 1382 1550 1600 1330 1281 1548 1558 1690 
1663 1888 1818 1617 1805 1324 1402 1659 1690 1714 
1339 1488 1492 1661 2057 1755 1325 1846 1895 1960 
1480 1528 1641 1987 1745 1985 1628 1593 2090 1895 
1842 1720 1985 2057 1732 1734 1619 1376 1582 1573 
1683 1769 1787 2089 1688 1483 1625 1330 1373 1809 
1824 1810 1908 1883 1745 1255 1365 1384 1130 1212 
2213 1904 1842 1636 1670 1405 1070 1341 1111 1163 
2167 2050 1884 1984 1418 1602 1287 1116 1403 1488 
1656 1878 1692 1766 1291 1279 1457 1251 1174 1317 
1658 1798 1954 1612 2059 1931 1556 1486 1500 1614 
1663 1384 2090 1765 1633 1604 1369 1492 1476 1442 
1573 1431 1812 1315 1591 1827 1311 1645 2076 1736 
1455 1577 1722 1483 1306 1819 1532 1693 1993 1889 
1605 1528 1611 1554 1792 1619 1570 1738 2053 1982 
1599 1747 1511 1256 1551 1933 1751 1681 2081 2011 
1252 1355 1543 1628 1504 1721 1824 1916 2074 2109 
1446 1659 1531 1133 1412 2157 2005 1804 1908 1876 
1262 1252 1501 1497 1446 2042 2043 1901 1608 1705 
1774 1674 1592 1435 1666 1824 2060 1753 1629 1735 
1303 1253 1813 2112 1397 1714 2204 2154 1743 1746 
1834 1656 1892 2359 1669 1722 2178 1775 2186 1827 
1783 1541 1999 1988 1806 1720 1884 1790 2193 2132 
1348 1462 1666 1858 1891 1879 1592 1888 2060 1981 
1654 2477 2151 1758 2124 1923 1440 1666 1892 2073 
1524 1764 2018 1769 1636 1964 1636 1169 1257 1534 
2148 1863 1819 2156 1522 1251 1732 1395 1508 1851 
1813 1359 1622 2233 1712 1493 1789 1710 1785 1892 
2158 2003 1768 2043 1698 1530 1855 2053 1875 1813 
2073 1941 1732 2071 2027 1393 1411 1626 1514 1709 
2356 2499 1978 1632 1840 2149 1791 1788 2008 1938 
2264 2471 2274 2029 1828 1774 2289 1958 1447 1606 
1971 2048 1990 1674 2073 1723 1810 2225 1778 1733 
2192 2287 2109 1956 1766 1829 2064 1858 1501 1550 
2030 1867 1582 1947 1866 1341 1938 2169 1827 1728 
2090 2007 1659 1626 1972 1830 1786 1528 1490 1595 
1989 1741 2031 1846 1582 1474 1722 1838 1770 1437 
1724 1391 1764 1357 1440 1365 1244 1623 1404 1684 
1826 1510 2297 1811 1254 1529 1361 1797 1789 1757 
1614 1378 1564 1688 1069 1207 1522 1708 2012 2281 
1371 1352 1690 1497 1484 1488 1617 1696 1716 2044 
1503 1321 1584 1567 1395 1668 1752 1848 2431 2497 
1500 1355 1313 1580 1606 1591 1735 1892 1723 1848 
1705 1418 1501 1485 1165 1545 1800 1693 1636 1616 
1279 1404 1220 2054 1982 1546 1786 2065 1819 1719 
1696 1855 1800 1789 1588 1454 1695 1689 1547 1452 
1589 1646 1466 1605 2018 1598 1742 1683 1867 1743 
1598 1518 1668 1592 1443 1350 1629 1784 1469 1601 
1394 1243 1193 1157 1842 1632 1378 1554 1475 1436 
1673 1383 1575 1568 1726 1720 1520 1731 1338 1413 
1475 1258 1102 1325 1216 1614 1536 1863 1699 1754 
1094 1287 1529 1704 1400 1729 2160 1727 1648 1513 
1087 1488 1614 1997 1594 1564 1845 1819 1961 1777 
907 1139 1210 1679 1653 1288 1579 1559 1698 1807 
1567 1431 1390 1704 2078 1358 1598 1897 1373 1353 
1157 1171 1210 1284 1510 1408 1189 1359 1201 1341 
1328 1594 1778 1164 1359 1364 1441 1308 1167 1249 
1398 1728 1738 1193 1210 1519 1494 1150 1213 1044 
1387 1533 1595 1515 1488 1585 1570 1417 1552 1578 
2042 1590 1665 1730 1788 1222 1471 1737 1519 1417 
1505 1267 1451 1833 1741 1658 1754 1785 1433 1557 
2186 1991 1735 1958 1910 1332 1560 1795 1421 1545 
1748 1760 1230 1320 1751 1663 1690 1660 1536 1630 
2365 2007 1945 1906 1944 1920 1898 1971 1869 1526 
2083 1856 1470 1842 1905 1741 1431 1799 1974 1579 
2006 2187 2051 1798 1943 2196 2112 1595 1781 1634 
1778 1704 1730 1783 1999 1749 1612 1728 1396 1248 
1541 1084 1652 1841 1750 2006 2232 1369 1055 1271 
1675 1112 1341 2034 2013 1511 1687 1939 1069 1072 
1249 1325 1079 1574 1929 2107 1853 1747 1369 1075 
1404 1539 1474 1776 2178 2149 2086 2060 1615 1392 
950 1147 1073 1332 1688 2208 1944 1897 1905 1754 
1279 1519 1667 1515 1821 2098 2329 2145 2337 2350 
1036 1114 1529 1204 1474 2129 2087 2318 2575 2213 
1184 1349 1521 1562 1365 1905 2014 1740 2183 2301 
1499 1409 1804 1861 1542 1774 1893 1625 1921 1851 
1819 1702 1703 1866 1303 1902 2146 1310 1267 1685 
1309 1499 1616 1589 1853 1645 1715 1342 730 872 
1420 1532 1918 1391 1497 1493 1127 1433 1440 1315 
1428 1416 1508 1346 1545 1408 1114 1531 1343 1166 
1227 1175 1287 1144 1311 1579 1335 1527 1523 1240 
1731 1797 1305 1408 1525 1819 1478 1103 1400 1361 
1800 1650 1306 1121 1344 1660 1916 1481 1084 1212 
1847 1446 1215 1689 2000 1614 1814 1775 1485 1174 
2231 1999 1734 1421 1637 1872 1895 1797 1453 1230 
1801 1863 1439 1338 1891 2135 2008 2104 1816 1720 
1470 1551 1653 1363 1496 1763 1817 2013 2183 1869 
1964 1857 1605 1485 1867 1789 1814 2345 2571 2290 
1481 1225 1355 1493 1663 1434 1602 2006 2193 2130 
1762 1440 1290 1383 1559 1818 1428 1936 2524 2328 
2040 1803 1485 1819 1698 1960 2054 1557 1737 1945 
1805 1940 1607 1532 1461 1905 1868 1403 1540 1679 
1977 2044 1985 1880 1772 1813 2333 1523 1116 1701 
1704 1571 1770 1498 1554 1479 1858 1782 1116 1399 
2297 1974 1882 2185 1974 1513 1858 2263 1751 1803 
1811 2088 1585 1617 1793 1588 1404 2044 1909 1836 
1914 2126 1682 1604 1671 1699 1740 2125 2208 2056 
1941 2172 1458 1461 1887 1721 1612 1704 1575 1522 
1669 1833 1496 1236 1495 1512 1433 1610 1697 1615 
1691 1897 1947 1416 1395 1297 1490 1186 1117 999 
1223 1435 1523 900 1300 1148 814 1236 1350 1065 
1606 1636 1850 1270 1169 1731 1220 1260 1339 1339 
1647 1452 1558 1592 1514 1396 1307 1475 1448 1470 
1573 1543 1470 1659 1802 1665 1383 1461 1632 1445 
1949 1589 1624 1848 1726 1710 1699 1507 1285 1195 
1856 1586 1086 1770 2110 1707 1508 1447 1670 1555 
1792 1841 1619 1626 1401 1396 1693 1610 1403 1248 
1625 1680 1527 1425 1549 1327 1461 1615 1115 1446 
1726 1882 1791 1333 1165 1425 1425 1494 1521 1703 
1388 1349 1499 1717 1400 1184 1406 1742 1660 2009 
1938 2028 2014 2002 1328 1377 1581 1563 1609 1532 
1661 1760 1606 1861 1670 1408 1806 1755 1759 1789 
1587 1479 1891 1656 2029 1884 1757 1644 1509 1574 
1937 1940 2068 1740 2144 2262 1942 1770 1899 2034 
1786 1723 1930 1719 1632 1988 1965 2093 2124 1669 
2046 1961 2001 1963 1477 2056 2360 1698 1720 1810 
1733 1831 1734 1729 1592 1685 1907 1895 1568 1707 
2017 2098 1872 1661 1943 2024 1738 1686 1581 1381 
2069 1977 1832 1799 1919 1470 1589 1952 1620 1447 
1775 1783 1379 1507 1751 1807 1748 1844 1623 1564 
1918 1940 1714 1790 1824 1687 1733 2032 1702 1701 
1647 1722 1758 1636 1981 2156 1757 1792 1918 1857 
1858 2216 2062 1339 1447 1672 1708 1618 1609 1726 
1671 1442 1765 1704 1560 1558 1769 2047 1903 1709 
1846 1834 1643 1482 1601 1805 1862 1586 1755 1795 
1462 1256 1644 1779 1530 1384 1594 1648 1948 1845 
1511 1417 1181 957 1038 1507 1587 1357 1951 2014 
1436 1495 1516 1479 1438 1610 1631 1732 1892 1832 
1535 1644 1411 1024 1179 1661 1519 1472 1775 1693 
1542 1531 1670 1519 1407 1750 1646 1472 1200 1531 
2025 1550 1713 1648 1183 1459 1722 1622 1255 1353 
1834 1432 1579 1954 1483 1304 1931 1807 1477 1346 
1972 1749 1355 1323 1554 958 1212 1576 1383 1470 
2088 1879 1836 1273 1531 1578 1194 1755 1879 1760 
1847 1566 1585 1061 1115 1383 1132 1121 1853 1786 
2005 2111 1789 1452 1214 1682 1439 1228 1756 1922 
1655 1624 1372 1283 1259 1658 1326 1125 1694 1710 
1725 1513 1591 2044 1565 1478 1353 1345 1575 1612 
1349 1363 1413 1575 1517 1409 1595 1560 1496 1563 
1120 1010 1243 1516 1758 1291 1583 1717 1582 1742 
1573 1491 1291 1282 1876 1710 1480 1651 1606 1572 
1479 1204 1249 1207 1315 1921 1593 1415 1834 1592 
1916 1651 1303 1709 1565 2074 1885 1369 1411 1432 
1846 1844 1515 1152 1365 1922 1973 1497 1256 1236 
2024 1957 1786 1475 1752 1840 1934 1710 991 973 
1592 1621 1873 1606 1350 1575 2206 1749 1369 1201 
1502 1546 1752 1642 1378 1635 2254 1969 1558 1659 
1506 1366 1646 1818 1681 1834 1816 2073 2155 1945 
1699 1555 1673 1703 1776 2086 1942 1918 2368 1991 
1371 1401 1810 1682 1863 2039 1594 1641 2080 2130 
1634 1736 1982 1790 2127 2073 1739 2031 2310 2197 
1688 1534 1873 2173 1990 2037 1813 1706 2008 2045 
1678 1761 1632 2107 2157 1927 1639 1707 2067 2085 
1383 1883 1929 2010 1769 1573 1775 1809 1769 2262 
1419 1815 2111 1926 2074 1809 1365 1667 1748 1504 
1450 1702 2208 2052 1638 1783 1745 1176 1146 1579 
1684 1727 1768 1983 1805 1443 1434 1275 856 880 
1517 1363 1416 2096 1655 1624 1862 1205 1162 1414 
2011 1941 1751 1804 1828 1456 1717 1824 1432 1297 
1812 1568 1546 1562 1713 1543 1629 1863 1618 1576 
2030 1751 1487 1706 1776 1694 1604 1700 1506 1317 
2158 2124 1728 1530 2107 1836 1517 1486 1231 1468 
1885 1941 1670 1033 1388 1657 2031 1575 1157 1035 
2036 2061 1637 1468 1567 1578 1570 1249 1176 1097 
1944 2118 1672 1057 1043 1518 1668 1491 1495 1331 
1481 1601 1356 1395 1539 1458 1591 1508 1269 1128 
1306 1436 1620 1019 1305 1657 1369 1580 1621 1641 
1285 1123 1581 1285 1016 1562 1916 1779 1328 1463 
971 1176 1226 1163 1256 1503 2043 2088 1837 1912 
956 959 1572 1579 1450 1517 1945 2077 2095 1934 
1189 1250 1223 1477 1524 1239 1537 1916 2016 2037 
1331 1259 1531 1689 1469 1475 1815 2005 1855 1778 
1679 1622 1549 2032 1714 1806 1607 1588 1850 1874 
1650 1648 1703 1921 1151 1362 2086 1704 1577 1993 
1935 1752 1639 1853 1769 1611 1597 1937 2190 2103 
1537 1477 1554 1592 1722 1734 1943 2101 2191 2382 
1317 1394 1293 1433 1828 2028 1684 2309 2592 2574 
1268 904 1561 1584 1508 1872 1828 1874 2171 2245 
1268 924 1352 1470 1416 1693 1829 1691 1755 1758 
1315 1509 1495 1840 1918 2043 1783 1686 1837 1649 
1181 1243 1619 1923 1742 1603 1553 1422 1357 1379 
1459 1880 1826 1726 2232 1990 1647 1783 2101 1731 
1004 1159 2176 2177 1671 1843 1823 1542 1494 1624 
1251 1169 1874 1765 1881 2027 1564 1486 1485 1492 
1598 1517 1695 2009 1704 1706 1898 1604 1301 1803 
1282 1211 1353 1551 2015 1667 1290 1541 1372 1301 
1559 1693 1697 1604 1601 1664 1604 1512 1446 1088 
1722 2018 1714 1361 1763 1874 1609 1163 1374 1606 
1562 1533 1915 1144 1166 1814 1621 1417 1301 1072 
1686 1962 1924 1747 1473 1750 1701 1285 1385 1193 
1308 1567 1612 1456 1074 1166 1535 1422 1030 1258 
1474 1352 1481 1667 1398 1445 1712 1736 1413 1390 
1679 1238 1210 1661 1471 835 1545 1590 1467 1512 
1549 1199 1184 1552 1484 1271 1542 1803 1732 1909 
1571 1283 1441 1765 1659 1400 1658 2042 1981 1755 
1591 1544 1417 1304 1713 1927 1497 1626 1813 1597 
1457 1073 1261 1455 1631 1869 1989 1815 1491 1735 
1383 1380 987 1185 1772 1942 1700 1607 1360 1295 
1369 1385 1475 1529 1122 1262 1825 1892 1585 1613 
1276 1460 1422 1478 1266 1360 1595 1892 1428 1662 
1507 1855 1765 1548 1267 1046 1091 1640 1776 1865 
1155 1273 1607 1717 1558 1364 1295 1653 2010 2070 
1386 1579 1624 1904 1739 1460 1322 1201 1743 1705 
1295 1464 1682 1751 1767 1938 1710 1510 1735 1874 
1343 1055 1857 2114 1769 2023 1613 1377 1550 1649 
1451 1460 1387 2127 1738 1361 1670 1651 1718 1739 
1546 1879 1551 1480 1741 1575 1798 1796 1707 1817 
1568 1493 1531 1701 1777 1678 1772 1579 1563 1966 
1842 1901 2014 1854 1548 1740 1579 1702 1759 1824 
1799 1644 1700 1732 1658 1421 1376 1695 2066 2163 
1654 1712 1816 1775 1808 1968 1778 2090 2006 1769 
1532 1692 1608 1315 1733 1717 1555 1368 1591 1746 
1507 1715 1885 1425 1555 1583 1571 1491 1417 1725 
1578 1294 1727 1601 1576 1682 1700 1917 1703 1522 
1770 1580 1703 1994 1644 1361 1134 1321 1542 1322 
1810 1524 1703 1876 1489 1333 1576 1760 1906 1757 
1732 1527 1447 1294 1554 1606 1293 1276 1516 1433 
1668 1566 1378 1346 1757 1738 1392 1563 1817 1853 
1569 1907 1395 1200 1373 1564 1462 1728 1541 1562 
1011 1681 1376 1231 1996 1642 1678 1807 1632 1601 
1282 1824 1891 1589 1799 1705 1722 1825 1612 1661 
1262 1067 1695 1820 1821 1831 1686 1947 1654 1242 
1762 1124 1593 2029 1915 1982 1882 1494 1568 1445 
1761 1422 1388 1864 1842 1895 1945 1928 1593 1333 
1303 1185 1408 1982 2128 1711 1663 1976 1976 1568 
1059 1635 1641 1397 2166 2172 1532 1467 2002 1640 
1144 1682 1848 1856 1805 2032 1946 1810 1741 1779 
1075 1479 1497 1783 2241 2161 1776 1463 1660 1885 
1084 1745 1715 1553 1840 1556 1725 1842 1689 1973 
1090 1535 2070 1991 2041 2076 1844 2117 2220 2071 
1579 1724 1974 1630 1652 2052 1800 1348 1802 2016 
1519 1394 1890 1845 1529 1919 2085 1638 1615 1820 
1775 1663 1772 1735 1357 1637 1871 1639 1579 1636 
1616 1236 1763 1503 949 1355 1782 1686 1394 1579 
1739 1379 1147 1388 1208 1374 1783 1787 1513 1400 
1078 924 1255 1511 1182 962 1589 1838 1549 1587 
1392 1390 1258 1592 1844 1408 1564 1841 1531 1468 
944 1472 1388 1634 1861 1473 1689 1830 1554 1405 
1582 1842 1614 1671 2315 1783 1533 1776 1557 1148 
1486 1696 1508 1805 2111 2072 1530 1538 1737 1586 
2120 1753 1962 2026 2003 1808 1679 1752 1640 1356 
1966 1600 1591 2117 1863 1829 1690 1793 1636 1531 
2220 2185 1929 1856 1593 2013 2163 1435 1356 1762 
1966 1718 1540 1849 1705 1436 1966 1440 1231 1283 
1987 2026 1775 1810 1791 1831 2064 1684 1587 1562 
1789 1758 1833 1624 1499 1438 1565 1600 1469 1574 
1698 1791 1910 1818 1597 1711 1784 1946 2013 1620 
1375 1886 1930 1803 1644 1811 1915 1309 1292 1631 
1128 1342 1467 1567 1516 1432 1678 1811 1495 1804 
1580 1474 1296 1200 1316 1851 1889 1678 1367 1676 
1515 1248 1269 1802 1449 1057 1518 1866 1577 1197 
1175 1273 1514 1472 1378 1406 1252 1386 1978 1876 
1167 1389 1503 1589 1462 1429 1796 1534 1600 1687 
820 1301 1305 1098 1737 1669 1112 1213 1522 1375 
880 1186 1756 1280 1599 1919 1534 1339 1328 1668 
947 1329 1583 1444 1570 1676 1368 1475 1205 1224 
1229 1403 1633 1703 1757 1568 1252 1899 1822 1554 
1264 1448 1622 1637 1656 1783 1543 1562 1591 1493 
1180 1409 1423 1624 1630 1568 1419 1708 1784 1690 
1327 1421 1426 1685 1930 1570 1440 1593 1807 1772 
1405 1384 1563 1664 1733 1420 1707 1635 1393 1353 
1695 1879 1601 1567 1633 1408 1317 1816 1348 1473 
1240 1758 1651 1383 1678 1786 1610 1553 1573 1642 
1578 2015 1769 1674 1596 1501 1652 1843 1689 1742 
1597 1698 1568 1535 1588 1287 1370 1640 1561 1793 
1637 1424 1589 1765 1462 1028 1665 1971 2094 2054 
1807 2001 1900 2037 2039 1552 1191 1687 1900 1953 
1255 1236 2101 1800 1569 1418 1000 1771 2124 1997 
1898 1927 2120 1810 1749 1813 1526 1514 1861 1653 
1475 1493 1773 1786 1839 1757 1180 1282 1661 1825 
2362 2215 1898 1726 1505 1783 1630 1177 1298 1441 
1618 1386 1298 1710 1503 1445 1529 1523 1500 1563 
1966 2037 1715 1504 1463 1532 1540 1496 1527 1489 
1071 1094 1807 1782 1165 1107 1804 1969 1966 2205 
1491 1382 1496 1776 1605 1636 1768 1837 1916 1797 
1661 1397 1355 1714 1640 1772 2057 1707 2094 2368 
1654 1461 1347 1861 2254 2157 2068 2054 1923 2223 
1905 2060 1957 1603 1548 1577 1814 2166 2220 2199 
1618 1342 1841 1712 1587 1678 2048 2451 2191 2316 
2066 1563 1859 1614 1388 1475 1619 1993 2266 2196 
1387 1032 1310 1611 1392 1501 1332 1738 2073 2217 
1595 1252 1429 1439 1266 1296 1310 1704 1630 1862 
1209 1310 1128 1429 1638 1487 1322 1480 1623 1596 
1255 1363 1420 1635 1505 1226 1416 1242 1198 1477 
1796 1826 1583 1720 1755 1311 1656 1379 1072 1216 
1448 1704 1328 1435 1540 1585 1322 1188 1564 1392 
1293 1824 1659 1579 1724 1808 1580 1528 1388 1473 
1400 1648 1877 1498 1411 1619 1579 1722 1838 1625 
1266 1447 1697 1662 1449 2003 1657 1674 1826 1781 
1459 1472 1962 2084 1555 1703 1903 1901 2098 2041 
1235 1304 1513 1649 1973 1866 1425 1543 1659 1546 
1376 1687 1780 2100 2128 1762 1585 1824 1552 1576 
1457 1847 1899 1351 1634 1778 1492 1259 1173 1211 
1207 1188 1690 1774 1387 2051 1977 1543 1374 1357 
1946 2057 2103 1883 1779 2065 1575 1034 1730 1318 
1762 1847 2145 1800 1543 1968 1897 1805 1975 1494 
1539 1761 1726 1777 1769 2110 1956 1700 1789 1897 
1788 1900 2171 2056 2145 1991 2043 2067 1874 1773 
1649 1200 1647 1870 1731 1801 1916 1734 1944 2152 
1634 1442 1212 1914 1968 1837 2060 1887 1993 1896 
1380 1445 1433 1550 1549 1763 1813 1485 1839 1762 
1832 1846 1579 1624 1997 1769 1235 1612 1594 1530 
1134 1271 1433 1197 1430 1898 1391 1602 1508 1231 
1514 1649 1731 1739 1814 1658 1587 1605 1429 1453 
1182 1532 1334 1637 1787 1230 1483 1769 1483 1260 
1219 1468 1391 1812 1934 1627 1787 1524 1583 1944 
1062 1153 1097 1857 1907 1665 1681 1572 1700 1683 
1442 1816 1625 1737 1861 2025 1889 1471 1693 1997 
1595 1878 1947 1390 1479 1855 1904 1653 1737 1996 
1726 1997 2154 1603 1791 2164 1746 1899 1728 1422 
1848 1831 2321 1997 1942 1839 1477 1626 1639 1694 
1891 1887 2060 1880 1808 1672 1526 1571 1563 1471 
1800 1677 1803 1748 1509 1625 1849 1633 1519 1452 
1521 1481 1327 1355 1417 1422 1253 1186 1136 1193 
1476 1646 1802 1423 1495 1639 1452 1147 1490 1545 
1569 1253 1675 1783 1168 918 1211 1442 1413 1242 
1944 1915 1425 1534 1717 1416 1365 1424 1382 1345 
1419 1574 1318 1621 1553 1135 1365 1435 1597 1630 
1772 2071 1614 1195 1587 1457 1322 1365 1311 1453 
1390 1423 1565 1577 1179 1534 1623 1203 1264 1335 
1471 1632 1659 1663 1523 1548 1406 1370 1298 1303 
1452 1512 1956 1775 1669 1488 1650 1519 1541 1817 
1624 1678 1921 2248 2124 1455 1516 1895 1432 1157 
1806 1830 1858 1814 1619 1515 1502 1451 1465 1617 
1818 1662 1756 2208 1861 1666 1652 1549 1606 1610 
1742 1581 1632 1648 1621 1765 1326 1613 1845 1529 
1718 1409 1605 1652 2020 1931 1505 1645 1826 1879 
1629 1469 1292 1262 1684 1845 1347 1844 2283 1908 
1415 1408 1547 1759 1966 2127 1650 1635 2071 2008 
1628 1704 1784 1673 1522 2000 1951 1781 2078 2334 
1334 1346 1729 1977 1638 1934 2234 1994 1709 2057 
2022 1859 1725 1916 1931 1772 2267 2248 1730 2111 
1443 1545 1054 1389 2074 1843 1726 1813 1783 2109 
1815 1820 1638 1466 1881 1573 1401 2362 2436 2111 
1289 1377 1570 1167 1375 1933 1383 1566 1987 1853 
1487 1523 1586 1436 1052 1484 1504 1583 2091 2079 
1625 1589 1397 1202 1244 1729 2079 1350 1570 2013 
1966 1765 1169 1501 1412 885 1696 1798 1316 1578 
1515 1571 1303 1646 1796 1402 1711 1725 1282 1226 
2149 2019 1907 1984 1917 1233 1526 1812 1362 1250 
2133 1808 1848 1990 2083 1761 1125 1559 1846 1184 
2095 2155 1987 1690 1776 1982 1426 1111 1327 1088 
1944 2298 1883 1460 1699 1745 1412 1065 1437 1341 
1689 1653 1834 1647 1689 1696 1437 1131 1041 1057 
1665 1558 1220 1783 1674 1099 1244 1558 1435 1622 
1161 1455 1054 1264 2087 1522 1268 1722 1478 1269 
1358 1555 1564 1334 1593 1575 1457 1950 1745 1614 
1153 1769 1824 1464 1704 1816 1465 1274 1645 1732 
914 1467 1865 1350 1412 1548 1497 1731 1806 1605 
1565 1483 1849 1715 1581 1912 1548 1238 1411 1361 
1109 969 1435 1477 1764 2211 1585 1161 1405 1648 
1240 1227 1736 1746 1193 1740 1815 1509 1331 1429 
892 1002 1075 1258 1277 1550 1845 1561 1573 1709 
1050 1119 1413 1545 1809 1714 1614 2020 1777 1651 
1135 1324 1436 1438 1636 1932 1502 1293 1679 1359 
1396 1403 1467 1400 1489 1666 1774 1568 1873 1707 
1272 1404 1462 1740 1964 2178 1741 1540 1478 1339 
1573 2095 1750 1512 1629 1639 1736 1839 1809 1547 
1386 1409 1754 1781 1949 1957 1719 1916 1923 1852 
1758 1970 1834 1918 1830 1967 1861 1772 1652 1515 
1285 1468 1858 2311 1982 1649 1789 1761 1960 2193 
1731 1416 1515 1959 1711 1632 1963 1944 2002 2008 
1176 967 1443 1650 1563 1754 1943 2016 2027 1989 
1720 1276 1656 1617 1524 1542 1692 1637 1906 2193 
1383 1270 1303 1392 1343 1600 1584 1796 2007 1988 
1497 1233 1249 1891 1814 1490 2007 1814 1951 2104 
1870 1835 1604 1453 1671 1700 2193 1915 1783 2351 
1610 1334 1448 1387 1340 1509 1606 2299 2026 1979 
1830 2017 1717 1292 1179 1820 1605 1589 1857 2025 
1330 1535 1726 1429 1203 1513 1601 1580 1746 1687 
1380 1675 1418 1467 1589 1417 1405 1593 1501 1519 
1282 1556 1497 1498 1616 1507 1290 1520 1685 1736 
1285 1058 1369 1939 1573 1163 1840 2098 1555 1655 
1530 1312 1510 1668 1570 1351 1684 1660 1599 1528 
1714 1276 1611 1696 1435 1714 1664 1351 1655 1844 
1777 1432 1239 1480 1351 1613 1416 1503 2043 1784 
1560 1500 1163 1268 1433 1777 1633 1580 1887 1771 
1356 1239 934 981 1294 1407 1422 1591 1704 1646 
1692 1099 1247 1230 1486 1105 1656 1656 1439 1874 
1614 1443 914 1007 1903 1435 1224 2091 1976 1745 
1585 1831 1430 1236 1679 1522 1352 1855 1915 1825 
1434 1498 1453 1270 1692 1687 1435 1693 2108 1946 
1669 1653 1698 1463 1297 1836 1675 1500 1746 2142 
1265 1122 1687 1557 1257 2047 1970 1432 1592 1977 
1634 1410 1543 2049 1282 1299 2012 1543 1437 1529 
1598 1642 1420 1711 1268 1417 2117 1672 1330 1859 
1619 1321 1652 1844 1344 1057 1694 1842 1182 1183 
1237 1236 1438 1692 1292 1507 1434 1462 1810 1645 
1671 1389 1840 1804 1246 1327 1309 1298 1616 1480 
2041 1514 1339 1689 1483 1226 1473 1257 1319 1463 
1780 1615 1078 1310 1637 1443 1514 1395 1569 1806 
1950 1876 1274 1273 1791 1372 1452 1898 1159 1389 
1730 1755 1190 1194 1375 1259 1419 1627 1511 1482 
1903 1864 1685 1441 1231 1461 1634 1339 1193 1112 
1758 1411 1879 1464 1056 1327 1624 1355 1172 988 
2320 1800 1839 1590 1061 1209 1669 1143 802 931 
2033 1964 1478 1367 1466 1096 1190 1753 1050 958 
2212 1929 1756 1680 1345 1067 1313 1557 1477 1312 
1915 1677 1342 1601 1352 1256 1314 1168 1720 1507 
1682 1394 1884 2161 1453 1535 1440 992 1288 1210 
1849 1847 1836 1969 1403 1562 1658 1011 1379 1864 
1159 1352 1583 1657 1627 1524 1820 1440 1143 1309 
1480 1777 1754 1897 2123 1781 1859 2010 1905 2112 
1464 1767 1992 1881 1794 1890 1756 2194 2213 1979 
1672 1993 1598 1557 1808 2184 1814 2053 2463 2703 
1639 2098 1819 1607 1750 2384 2070 2073 2350 2288 
1986 1639 1574 1749 1468 1558 2040 1773 2095 2491 
2222 1547 1625 1458 1368 1481 2299 2237 2064 2431 
2059 1313 1437 1809 1370 1160 1795 2013 1905 1952 
1910 1923 1539 1335 1407 1137 1776 2386 2378 2377 
1512 1622 1683 1686 2006 1570 1603 2370 2161 2125 
1478 1876 1820 1491 1824 1875 1315 1904 1946 1848 
1203 1526 1718 1762 2057 1903 1244 1600 1761 1801 
1863 1936 1978 1885 1430 1789 1592 1323 1701 1653 
1214 1373 1439 1468 1525 1919 1386 1159 1877 1708 
1534 1686 1733 1837 1434 1491 1888 1285 1600 1762 
1463 1643 1846 1540 1351 1628 1456 1379 1465 1596 
1626 1607 1783 2079 1646 1431 1684 1823 1548 1741 
1610 1740 1868 1736 1567 1455 1141 1564 1541 1723 
1905 1396 1575 1981 1602 1356 1567 1713 2109 2013 
2060 1945 1421 1436 1809 1477 1443 1655 1833 2102 
2187 1950 1484 1209 1491 1607 1372 1467 1980 2119 
1690 1832 1436 1323 1393 1725 1462 1432 1605 1818 
2018 1763 1981 1692 1368 1404 1211 1530 1908 1612 
2043 1305 1655 1803 1230 1526 1878 1559 1826 1744 
2467 1835 1334 1723 1437 1045 1539 1823 1514 1764 
1858 1709 1305 1487 1464 1229 1341 1607 1764 1933 
1847 1964 1568 1390 1639 1356 1762 1852 1802 1970 
1918 1896 1641 1376 1482 1423 1384 1239 1527 1637 
1732 1682 1683 1666 1823 1655 1186 1410 1854 1596 
1745 1995 1616 1677 1509 1441 1636 1445 1871 1949 
2036 2287 1943 2032 1971 1887 1588 1833 1741 1888 
1757 1662 1571 1505 1460 1024 1285 1475 1486 1859 
2040 2053 2087 1995 2232 1751 1654 1962 1623 2048 
2145 1950 2124 1976 1666 1783 1344 1504 1537 1534 
2250 1953 1920 2166 2000 1673 1710 1595 1983 2043 
2339 2122 2088 1930 1571 1807 1618 1744 1815 1574 
1456 1497 1690 2076 1610 1814 1884 1652 1852 1896 
1547 1919 1832 1678 1609 1596 1580 1632 1289 1557 
1544 1798 1773 1378 1549 1883 1587 1612 1695 1536 
1434 1830 1852 1671 1799 1881 1800 1648 1567 1473 
1604 1773 2166 2136 1718 1803 1632 1870 2294 2000 
2165 1908 2166 2253 1936 1758 2130 1854 2190 2180 
2088 1848 2051 1964 1790 1673 1548 1544 2135 2363 
1881 1898 1770 1974 1597 1484 1751 1544 1924 2366 
1634 2097 1706 1322 1635 1271 1320 1475 1532 1824 
1341 1470 1494 1565 1495 1512 1560 1486 1866 1950 
1342 1450 1688 1634 1282 1420 1637 1648 1422 1876 
948 990 1537 1332 1292 1580 1528 1905 1983 1979 
940 1075 1546 1441 1218 1821 1663 1767 1725 1874 
1170 1104 1125 1437 1598 1400 1185 1545 1801 1766 
1160 1176 1181 1316 1462 1541 1224 1106 1300 1084 
1738 1599 1300 1730 1419 1164 1190 884 1167 1219 
1822 1932 1483 1426 1984 1576 1501 1256 1042 1018 
1946 1613 1867 1891 1545 1595 1635 1321 1063 1174 
2024 1949 1711 1960 2168 1614 2224 2008 1397 1728 
2032 1973 2037 1894 1609 1754 2212 2386 1681 1756 
1180 1391 1549 1840 1872 1980 2000 2183 2005 1722 
1542 2191 2095 1782 1828 1785 1930 2072 2080 2077 
869 1318 1676 1846 1779 2041 1773 1788 1904 1792 
1614 1642 1857 1741 1714 1619 1715 1343 1461 1535 
1132 1308 1608 1658 1772 1774 1682 1432 1352 1737 
1421 1570 1977 1488 1432 1285 1168 1522 1269 1178 
1187 1511 1680 1320 1421 1600 1594 1288 1394 1257 
1609 1779 1748 1756 1421 1543 1561 1245 1465 1554 
1721 1648 1508 1736 1551 1488 1667 1666 1452 1400 
1382 1484 1566 1762 1819 1749 1708 1414 1479 1380 
1651 1918 1859 1908 1529 1438 1722 1574 1062 1224 
1293 1503 1365 1841 1689 1382 1832 1743 1467 1402 
2073 2139 1706 1864 1725 1502 1955 1732 1450 1444 
1484 1406 1681 2065 1663 1635 1886 1758 1351 1669 
2375 2257 2002 1819 1702 1343 1908 1992 2017 1975 
1285 1324 1447 1174 1763 1694 1710 1827 1695 1930 
1782 1624 1599 1651 1524 1420 1562 1902 1770 1603 
1410 1767 1227 1204 1596 1475 1770 1714 1590 1593 
1203 1428 1155 1203 1353 1147 1476 1593 1330 1309 
1636 1995 1651 1163 1385 1863 1403 1497 1447 1028 
1323 1275 1975 1436 1346 1728 1447 1188 1669 1500 
1607 1500 2179 1554 1266 1698 1745 1520 1520 1394 
2030 1750 2122 1776 1376 1639 1534 1816 1373 1350 
1697 1316 1448 1996 1676 1729 1776 1645 2022 1966 
1905 1904 1795 1903 1583 1628 1864 1825 1668 1552 
1639 1529 1536 1777 2016 1978 1893 1850 2019 1883 
1622 1664 1597 1549 1702 1607 1488 1754 1751 1735 
1525 1687 1786 1468 1935 1730 1633 1865 1986 1712 
1003 1521 1402 1378 1995 1445 1405 1454 1384 1292 
1068 1274 1665 1280 1389 1372 1068 1126 1292 1223 
1263 1221 1303 1375 1437 1302 1481 1602 1481 1543 
1247 1263 1372 1275 1045 1236 1457 1355 1140 1326 
1433 1616 1369 1091 1324 1514 1541 1709 1443 1559 
1386 1377 1746 1386 1184 1515 1402 1530 1665 1732 
1497 1454 1457 1487 1546 1534 1252 1517 1678 1480 
1187 1525 1420 1756 1710 1747 1475 1609 2187 1730 
996 1140 1340 1720 1514 1495 1590 1172 1566 1543 
1267 1238 1468 1610 1705 1633 1511 1464 1515 1559 
1255 1183 1421 1117 1149 1508 1272 1225 1596 1688 
1476 1498 1668 1252 1608 1657 1282 1674 1646 1529 
1559 1745 1705 1718 1440 1567 1421 1388 1461 1482 
1310 1470 1680 1836 1622 1483 1741 1553 1543 1718 
1785 1730 1617 1939 1725 1503 1608 1686 1302 1380 
1677 1742 1542 1611 1461 1734 1749 1607 1485 1742 
1758 1526 1413 1543 1392 1508 1582 1613 1718 1504 
1864 1709 1699 1946 1695 1738 1740 1447 1570 1860 
2217 1703 1864 1565 1379 1208 1528 1903 2068 2015 
1933 1646 1567 1923 1835 1690 1845 2100 2101 2103 
2258 2053 1952 1997 1663 1589 1629 2031 2149 2012 
1615 1515 1742 1928 1820 2067 1859 1752 1958 2215 
1706 1699 2014 1840 1602 1897 1932 1854 2151 2077 
1300 1617 1681 1703 1996 2336 2058 1777 1670 1690 
1505 1582 2083 2038 1902 1945 2047 2062 1914 2025 
1306 1016 1515 1761 1671 1515 2008 1838 1927 1899 
1873 1636 1568 1814 2032 1700 1903 1854 1777 1538 
1467 1404 1134 1295 1547 1626 1238 1176 1395 1624 
1521 1599 1058 967 1263 1678 1316 1289 1955 1608 
1297 1542 1370 1283 1348 1716 1527 1517 1752 1882 
1315 1394 1866 1206 1360 1876 1652 1925 2501 2241 
1498 1515 1671 968 1111 1954 2067 1845 2305 2618 
1850 1554 1560 1637 1592 1797 2178 2125 2042 2240 
1437 1399 1153 1350 1243 1373 1614 1932 2098 2280 
1340 1437 1584 1535 1028 1294 1866 1657 1453 1635 
1294 1292 1521 1292 1135 1056 1470 1605 1805 1800 
1249 793 1628 1589 1392 1243 1253 1494 1689 1597 
1713 1385 1350 1902 1648 1252 1100 1329 1612 1736 
1759 1681 1489 1403 1774 1439 1031 1363 1703 1355 
1725 1606 1419 1232 1538 1874 1244 1083 960 1271 
1387 1747 1711 1403 1367 1902 1482 1210 1282 1331 
1345 1575 1942 1594 1363 1771 1963 1595 1395 1369 
1274 1617 1485 1479 1470 1677 1965 1956 1639 1708 
1161 1389 1389 1590 1564 1421 1786 2052 2084 1847 
1095 1377 1203 1744 1704 1287 1747 1958 1975 1845 
1218 1713 1761 1752 1652 1561 1766 1726 2047 2098 
1176 1452 1769 1557 1633 1673 1429 1743 2000 2059 
1760 2129 2173 1818 1720 2167 1949 1912 1931 2145 
1347 1259 1907 1950 1700 1387 1852 1874 1442 1883 
1720 1861 1697 1900 2027 1718 1718 2044 2019 1947 
1389 1485 1685 1962 1415 1538 1795 1415 1662 1727 
1137 1074 1251 1418 1831 1674 1752 1766 1827 1550 
1812 1588 2006 2210 1678 1861 1896 1551 1450 1507 
1565 1219 1218 1675 1643 1547 1696 1775 1312 1556 
1610 1705 1362 1625 2338 1680 1183 1880 1594 1404 
1703 1853 1410 1345 1951 1685 1218 1680 1891 1602 
1481 1548 1323 1393 1837 1985 1637 1347 1569 1674 
1266 1356 1353 1987 1493 1545 1899 1478 1361 1478 
1703 2190 1881 1814 2037 2184 2039 1312 1159 1216 
1341 1566 1676 2110 1992 1593 1773 1842 1701 1527 
1892 2271 1959 1778 2382 2042 1631 1765 1369 1079 
1223 1203 1717 1556 1707 1704 1695 1892 1828 1827 
2088 1956 2047 1631 2039 2157 1526 1430 1821 1638 
1457 1395 1528 1576 1316 1648 1789 1655 1679 1701 
1606 1580 1507 1501 1603 1921 1830 1540 1549 1621 
1316 1278 1416 1650 1683 1916 1804 1758 1752 1854 
1287 1375 1338 1221 1520 1659 1646 2236 1894 1557 
1209 1095 1524 985 1684 2048 1546 1915 2201 2216 
1451 1278 1364 1344 1372 1750 1966 1855 1783 1901 
1303 1506 1484 1603 1744 1833 1860 1785 1986 1894 
1451 1544 2088 1909 1505 1823 2205 1392 1790 1744 
1497 1437 1918 2022 1517 1808 1856 1368 1685 1757 
1343 1404 1759 1794 1654 2040 1685 1614 1596 1429 
1206 1360 1674 2020 1752 1768 1566 1213 1743 1696 
1570 1859 1679 1709 1433 1659 1687 1503 1594 1895 
1245 1268 1493 1814 1621 1672 1857 1677 1569 1547 
1679 1636 1862 1880 1387 1738 1939 1649 1520 2040 
1437 1261 1624 1572 1719 1542 1586 1742 1520 1561 
1428 1149 1614 1593 1568 1507 1760 2058 1687 1791 
1612 1457 1529 2012 1763 1717 1725 1951 1591 1651 
1671 1659 1709 1865 1945 1712 1804 2064 2222 2139 
1635 1929 1731 1221 1694 1886 1629 2076 1985 1987 
1747 1918 1776 1279 1355 1888 1750 1866 2393 2453 
2029 1712 1841 1515 1292 1456 1760 1398 1442 1611 
2040 1826 1571 1592 1127 765 1408 1298 1268 1679 
2089 1966 1766 2046 1389 1005 1347 1338 1251 1207 
2002 2272 1824 1655 1843 1332 1092 1223 996 884 
1629 1744 1927 1955 1581 1255 990 1013 1403 1075 
1819 2001 1810 1875 1723 1654 1566 1408 1204 1272 
1300 1564 1760 1791 2080 1590 969 1274 1161 963 
1840 1687 1843 2095 1710 1357 1236 1280 1376 1475 
1390 1363 1098 1435 1799 1695 1399 1404 1469 1488 
2064 1939 1493 1576 1668 1758 1843 1522 1766 1823 
1743 1862 1358 1383 1622 1749 1949 1503 1546 1785 
1958 2142 1949 1608 1500 1233 1430 1868 1825 1784 
1721 1904 2187 1818 1848 1643 1630 1873 1705 1583 
1871 1917 2588 2058 1582 1630 1710 1557 1505 1803 
2047 1996 2262 2502 2261 1536 1706 1690 1343 1543 
1686 1873 1913 2040 1953 1948 1918 1614 1585 1883 
1565 1503 1697 2466 2509 1978 1754 1843 1626 1359 
1855 1608 1669 1964 2099 2076 1443 1578 1788 1509 
1501 1039 1182 1575 1798 1782 1695 1687 1570 1505 
1669 1367 1277 1539 1823 1719 1503 1667 1744 1425 
1083 1084 1445 1376 1195 1606 1578 1241 1348 1457 
1444 1200 1806 1934 1153 1452 1744 1414 1533 1638 
1427 1684 1491 1666 1653 1684 1402 1653 1847 1832 
1435 1456 1554 1610 1602 1511 1528 1462 1771 1796 
1787 1445 1271 1469 1832 1701 1560 1639 1955 2231 
1838 1303 1437 1419 1315 1695 1803 1807 1697 2134 
1507 1192 1319 1867 1367 1221 1775 1666 1564 1965 
1319 1649 1722 1340 1339 1315 1383 2188 1962 1921 
1285 1568 1719 1488 1392 1725 1394 1532 2064 1861 
1254 1759 1397 1354 1677 1779 1499 1477 1815 1817 
1668 1718 1358 1251 1276 1547 1279 1349 2049 2045 
1562 1277 1181 1630 1526 1553 1967 1786 1763 1947 
1355 1333 1357 1256 1314 1354 1413 1571 1782 1837 
1477 1554 1478 1227 1608 1434 1764 1847 1922 1826 
1464 1517 1404 1314 1891 1527 1385 1786 1326 1751 
1670 1679 1417 1221 1454 1170 1206 1741 1710 1358 
1915 1614 1505 1286 1714 1623 1445 1382 1557 1722 
2078 1472 1560 1499 1369 1789 1642 1543 1658 1661 
2240 1704 1519 1492 1188 1458 1589 1547 1909 1960 
2089 1722 1522 1699 1115 1589 2122 1823 1723 1868 
2189 2134 1509 1379 1280 1224 1712 1718 2041 2080 
1839 1428 1509 1450 1232 1656 1762 1649 1929 1857 
2150 1786 1386 1591 1664 1403 1581 1693 1484 1562 
1502 1243 1637 1460 1596 1726 1684 1513 1299 1466 
1849 1833 1412 1759 1490 1235 1911 2049 1427 1561 
1174 1608 1536 1323 1850 1750 1622 1728 1460 1317 
1400 1579 1965 1665 1505 1572 1377 1283 1451 1159 
1320 1455 1830 1490 1622 1709 1456 1392 1618 1402 
1919 1559 1851 1445 1360 1671 1384 1195 1173 1346 
1494 1328 1322 1716 1583 1508 1540 1496 1512 1257 
1857 2094 1540 1624 1611 1422 1698 1609 1962 1912 
1701 1719 1675 1635 2025 1708 1809 1738 1629 1487 
2083 1894 2114 1918 2180 1853 1245 1796 1812 1461 
2007 1709 1660 1891 1732 2003 1981 1707 1683 1769 
1822 1850 1210 1627 2160 2102 1798 1963 1780 1588 
1448 1502 1434 1251 1538 1819 2065 1643 1473 1737 
1575 1481 1304 1649 1754 1579 1730 2002 2028 1915 
1377 1210 1275 1709 1558 1743 2176 1984 1546 1677 
1756 1319 1436 2196 1948 1697 1890 2074 1986 2092 
2197 1738 1648 2145 2034 2193 2158 2194 2120 2001 
1881 1776 1532 1592 1958 2006 1792 2000 2137 1815 
1957 1888 1803 1503 1730 1910 1773 1461 1827 2012 
1888 1809 1664 1546 1607 1270 1755 1723 1253 1422 
1924 1930 1757 1284 1222 1366 1484 1240 1382 1566 
1987 1779 1909 2241 1189 1176 1802 1586 1122 1531 
1978 1862 1534 1686 1392 1377 1486 1724 1948 2020 
2053 1725 1984 1844 1675 1899 1874 1900 1860 1714 
1960 1271 1486 1923 1749 1517 1591 1445 1741 1602 
1594 1518 1487 1453 1642 1827 1876 1818 1383 1546 
1296 1307 1661 1863 1607 1683 1929 1558 1197 1103 
1328 1581 1718 1662 1441 1473 1772 1591 1108 941 
982 827 1486 1708 1341 1408 1681 1466 989 1180 
1492 1381 1431 1745 1784 1527 1750 1566 1438 1321 
1030 1318 1053 954 1397 1545 1450 1183 1158 1245 
1230 1554 1348 1222 1646 1755 1682 1757 1956 1734 
1299 1631 1690 1250 1370 1658 1330 1449 1837 1767 
1388 1239 1824 1977 1589 1771 1931 1995 2185 1955 
1886 1744 1752 1924 1959 2100 1637 1604 1733 1759 
1989 2129 1869 2019 2038 2090 2166 1878 1365 1527 
1275 1465 1930 2200 1869 2036 2123 1882 1030 1199 
1310 1839 1539 1828 1889 1703 1783 1569 1154 952 
1461 1786 1926 1946 1940 1652 2060 1926 1533 1206 
1673 1668 1594 1562 2020 1582 1157 1357 1180 874 
1361 1646 2067 1747 1663 1849 1646 1160 1509 1482 
1741 2131 1937 1662 1713 1840 1430 1044 1087 1064 
1046 1457 1892 1463 1393 1958 1434 1014 1335 1373 
1162 1397 1651 1446 1538 1541 1273 1434 1602 1540 
901 1030 1378 1713 1557 1104 1053 1852 1789 1525 
1439 1435 1394 1647 1704 1363 1401 1544 1592 1942 
1388 1423 1438 1787 1406 1171 1324 1215 1386 1502 
1734 1963 1775 1594 1474 1750 1737 978 1566 1749 
1566 1737 1969 1254 1156 1640 1329 1117 1455 1580 
1918 1872 2051 1618 1474 1849 1191 1373 1611 1318 
1795 1594 1969 1610 1398 1655 1411 1566 1545 1755 
1842 1750 1437 1398 1721 1636 1335 1724 1447 1454 
1359 1635 1776 1587 1527 1903 1904 1569 1561 1872 
1689 1587 1770 1460 1235 1501 1967 2014 1826 1514 
1553 1526 1546 1762 1569 1932 1923 1504 1913 1800 
1620 1381 1782 1908 1571 1413 1600 1743 2143 1671 
1903 1615 1578 1779 1771 1664 1539 1428 1417 1425 
1504 1530 1169 1237 1434 1678 1580 1365 1464 1644 
1838 1819 1662 1499 1735 1911 1720 1262 1424 1459 
1966 2033 1654 1343 1624 1697 1839 1723 1634 1558 
2164 2137 2063 1938 2193 2158 1780 2066 2047 1775 
2187 1992 1962 1838 1839 1897 1582 1780 1506 1318 
2004 1933 1724 1942 2225 1999 1996 1985 1816 1842 
1864 2000 1567 1366 1887 1843 1804 1507 1238 1085 
1154 1323 1401 1553 1652 1856 1710 1233 1204 1219 
1428 1470 1698 1510 1437 1774 1750 1515 1482 1033 
995 847 1501 1873 1462 1968 1554 994 1110 1145 
1580 1668 1781 1580 1370 1618 1574 1750 1666 1432 
1103 946 1757 1668 1484 1711 1675 1364 1163 1332 
2103 2150 2101 2141 1859 1889 1735 1752 1894 2039 
1815 1764 1752 2205 1698 1295 1538 1397 1399 1418 
2284 1864 1661 1963 2062 1560 1680 1764 1592 1783 
1990 1721 1494 1684 1824 1447 1343 1529 1448 1219 
1658 1607 1492 1696 1906 1377 1435 1612 1286 1353 
1697 1791 1551 1493 1744 1643 1196 1453 1577 1281 
1312 1420 1608 1707 1647 1861 1689 1415 1633 1494 
1394 1129 1706 2042 1727 1736 1886 1643 2010 1986 
1440 1369 1865 2041 2006 2147 1921 1870 2253 2122 
1675 1492 1991 2231 1950 1839 2135 2128 2305 2442 
1755 1901 1890 1921 2058 1955 1894 2032 1910 2284 
2049 2220 1981 1805 1584 1772 1781 1838 1827 2007 
1975 1928 1805 1634 1797 1579 1190 1504 1582 1462 
2366 2221 2210 1736 1515 1594 1243 1086 1297 1374 
2110 2120 2272 1644 1178 1429 1358 1163 1166 1188 
1728 1740 1813 1581 1489 1436 1756 1306 1091 1404 
2057 2099 2027 1796 1526 1369 1721 1390 1143 1349 
1811 1646 1587 1517 1437 1634 1605 1770 1889 1757 
1762 1820 1884 2085 1646 1677 1653 1385 1735 1690 
1827 2014 2020 1622 1323 1682 1632 1753 2083 1664 
1705 1451 1641 2243 1408 1493 1642 1366 1606 1821 
1723 1799 1375 1489 1813 1513 1595 2001 2144 2023 
1648 1583 1902 1879 1804 1683 1343 1500 2014 2081 
1351 1625 1525 1425 1437 1601 1449 1384 1894 1927 
1771 2232 1880 1719 2021 1636 1527 1402 1808 2140 
1496 1542 1540 1667 1737 1810 1674 1555 1411 1920 
2064 1903 1598 2086 1937 1481 1244 1769 1954 1984 
1899 1658 1603 1668 1995 1874 1609 1692 2022 2187 
2290 2076 1866 1704 1611 1824 1434 1698 1946 1936 
2150 2309 2126 1750 1699 1928 1955 1241 1958 2101 
2029 2308 2278 2205 1603 1241 1971 1729 1393 1970 
1895 2007 1892 1754 1547 1307 1713 1947 1572 1873 
1807 1533 1812 1938 1585 1259 1298 2059 1918 2110 
1349 1331 1377 1276 1432 1262 1309 2020 1945 2217 
1462 1731 1556 1357 1549 1674 1530 2124 2490 2397 
1611 2016 1302 1510 2063 1580 1719 2142 2278 2551 
1646 2181 1872 1320 1802 1806 1831 2024 2472 2391 
1985 2010 1722 1784 1824 1631 1838 2057 1960 2070 
2080 1983 1653 1449 1525 1847 1832 1451 1932 2023 
1975 1869 1463 1534 1594 1475 2074 1845 1430 1651 
1905 1866 1500 1360 1700 1429 1562 2022 2016 2000 
1792 1738 1462 1056 1719 1504 1590 2228 1807 1738 
1379 1206 1588 1446 1207 1609 1652 1971 2311 2220 
1661 1973 1490 1300 1341 1371 1523 1860 2276 2317 
1091 1496 1629 1441 1197 1260 1597 1690 2107 2053 
1689 1530 1573 1694 1633 1276 1588 1626 1659 1700 
1471 1184 1164 1319 2079 1733 1377 1633 1491 1707 
1808 1534 1420 1585 1675 2073 1869 1534 1310 1243 
1621 1841 1206 1261 1601 1863 1888 1560 1442 1350 
1529 2019 1709 1267 1566 1820 2127 1809 1678 1689 
1520 1831 2097 1668 1452 1468 1579 1910 1977 1831 
2049 2019 2102 1769 1751 1373 1162 1714 2007 1614 
1747 1601 1683 1715 1884 1594 1107 1379 1620 1632 
1782 1306 1887 2159 1910 1581 1103 1278 1378 1583 
2234 1829 1501 1800 1529 1495 1371 1499 1553 1552 
1673 1392 1465 2025 1693 1847 2038 1786 1872 1959 
1594 1657 1505 1706 2137 1827 1905 1778 1892 2058 
1104 1228 1580 1465 1781 2055 1826 1750 2053 2312 
1640 1073 1494 1648 1604 2258 1854 1844 2376 2193 
1802 1163 1332 1650 1433 2029 1857 1613 2306 2177 
1982 1581 1362 1592 1660 1724 1558 1584 2103 2167 
2084 2100 1647 1611 1709 1279 1367 1897 1780 1873 
1858 2059 1628 1395 1783 1537 1628 1621 1372 1913 
1921 2410 1882 1497 1617 1656 1788 1648 1553 1601 
1762 2098 1756 1791 1902 1421 1823 1534 1292 1738 
1653 1824 1630 1783 1716 1620 1698 1814 1701 1361 
1565 1584 1339 1850 2073 1479 1547 1736 1640 1760 
1811 1812 1547 1545 1673 1549 1057 1530 2016 1708 
1253 1355 1341 1105 1210 1659 1403 1327 1900 1689 
1960 1912 1950 1632 1696 1473 1382 1364 1275 1247 
1478 1356 1337 1501 2008 1563 997 1361 1553 1669 
1928 1771 1478 1785 1996 1412 1418 1506 1150 1103 
1357 1449 1390 1713 2125 1840 1667 1803 1729 1653 
1294 1715 1964 1398 1546 2285 1811 1321 2007 2024 
1183 1475 1962 1773 1541 2059 1850 1366 1808 1881 
1751 1828 1843 1601 1510 2036 1652 1504 1582 1811 
1895 1665 1586 2134 1532 1720 1966 1485 1463 1619 
1872 1885 1396 1802 1814 1531 1745 1454 894 1000 
1787 1575 1760 1516 1426 1590 1455 1669 1466 1286 
1921 1341 1428 1407 1387 1322 1541 1809 1771 1454 
1725 1643 1679 1460 1535 1259 1766 1827 1249 1325 
1794 1942 1469 1334 1256 1024 1508 1434 1347 1660 
2238 2245 1718 1491 1309 1363 1701 1075 881 1135 
1864 1435 1632 1772 1327 1570 1472 1119 1253 1077 
2213 2049 1873 2022 1645 1529 1312 1459 1563 1134 
1825 1689 1724 1778 1829 1406 1334 1712 1746 1479 
1743 1563 1543 1679 1887 1449 1730 2034 1586 1572 
2176 2023 1699 1754 2000 1680 1818 1803 1790 2187 
1973 1863 1416 1866 1482 1254 2009 1942 1562 1902 
1922 2086 1918 2174 2172 1528 1746 1865 1758 1800 
1936 1877 2099 1662 1467 1433 1908 1792 1797 2024 
1957 1699 1936 1827 1575 1622 1750 1826 1609 1762 
1859 1593 1791 1759 1654 1287 1418 1750 1762 1789 
1634 1563 1659 1785 1565 1367 1643 1746 1412 1552 
1650 1759 1438 1779 1719 1292 1377 2006 1679 1592 
1244 1704 1542 1475 1755 1807 1710 1551 1425 1608 
1522 1864 1750 1516 1594 1671 1841 2031 1867 2012 
1516 1519 1299 1236 1596 1409 1493 1863 1745 1727 
1635 1489 1328 1465 1660 1292 1537 2201 1916 1979 
1894 1952 1021 1341 1744 1416 952 1546 2001 1815 
1567 1749 1246 1374 1728 1763 1492 1883 1930 1862 
1954 1827 1795 1355 1423 1747 1420 1218 1880 1684 
1623 1397 1494 1673 1108 1583 2058 1452 1567 1756 
1842 1418 1816 1840 1456 1606 1775 1443 1472 1417 
1654 1464 1336 1628 1557 1133 1533 1279 1439 1384 
1520 1483 1511 1528 1493 1424 1577 1771 1680 1562 
1222 1233 1019 1166 1587 1571 1521 1820 1489 1580 
1606 1847 1562 1224 1384 1784 1456 1600 1602 1570 
1628 1471 1224 1213 1328 1488 1332 1462 1761 1760 
1959 2077 1490 1609 1867 1402 1520 1660 1638 1392 
2095 2074 1821 1783 1582 1065 1403 1586 1411 1527 
2392 1998 1906 1874 1966 1553 1604 1938 2030 2106 
2180 2089 1973 1940 1898 1927 1677 1486 1912 1855 
2167 2257 1959 1782 1848 1866 1860 1734 2240 2506 
1934 2103 2094 2131 2046 2199 2088 1766 1846 1973 
1851 2124 1959 1698 1395 1316 1611 1572 1423 1661 
1372 1577 1766 1694 1527 1625 1818 1678 1251 1423 
1915 1729 1975 1686 1636 1312 1327 1328 1012 1009 
1772 1611 1577 1582 1409 1361 1466 1126 901 922 
1898 1788 1518 1699 1397 1163 1363 1240 1454 1396 
1949 1896 1674 1490 1659 1520 1396 1452 1397 1224 
1959 2129 1846 1296 1434 1820 1246 1455 1614 1474 
1739 2081 1681 906 1588 1878 1214 1426 1564 1547 
1918 2052 2201 1496 1713 1992 1611 1373 1020 1011 
1726 1661 1684 1497 1653 1855 1590 1489 1752 1633 
1890 1536 1722 1820 1322 1743 1828 1362 1422 1198 
1722 1472 1255 1626 1726 1847 1796 1920 2109 1830 
1211 1239 1187 1493 1512 1812 2056 1725 2018 2210 
1148 1403 1336 1169 1490 1554 2177 2339 2179 2486 
747 995 1470 1226 1387 1977 2035 2237 2411 2362 
1227 1253 1334 1543 1392 1690 2075 2047 2366 2614 
1416 1219 1064 1219 1572 1505 1471 1491 1796 1671 
1633 1385 1396 1679 1628 1417 1403 1712 1351 1445 
1258 1302 1317 1532 1839 1236 997 1436 1031 894 
1297 1660 1675 1515 1708 1719 1499 1284 1028 827 
1004 1126 1515 1502 1578 1610 1418 1226 940 878 
1068 1207 1154 1426 1342 1683 1733 1027 1223 1271 
1003 1368 1197 1258 1622 1801 1723 1600 1667 1449 
1313 1317 1650 1491 1669 1751 1503 1607 1934 1903 
1042 1327 1489 1783 1800 1963 2030 1957 1890 1920 
1896 2263 2150 2074 2189 1912 2069 2198 1783 2028 
1497 1651 1662 1694 2114 2233 2256 2306 1899 1912 
1691 1976 1923 2440 2359 1758 1794 1964 1644 1720 
1742 2024 2143 1779 1942 1800 1605 1980 1888 1719 
1509 1701 1894 2000 1730 1620 1427 1367 1440 1460 
1935 1993 2213 1653 1619 1592 1196 1233 1599 1470 
1950 1726 1746 1598 1427 1984 1257 971 1344 1328 
2070 1838 1607 1864 1765 1696 1629 1340 1556 1377 
1590 1271 1676 1559 1588 1685 1657 1582 1510 1531 
1856 1488 1680 1699 1397 1617 2169 2230 1539 1516 
1360 1013 1410 1571 1435 1800 1914 1651 1609 1715 
1668 1264 1500 1927 1490 1643 2275 1954 1699 1956 
1839 1814 1580 1928 1705 1663 1918 1648 1722 1885 
1797 1936 1175 1457 1426 1467 2181 1862 1942 1910 
1876 1997 1583 1751 1777 1614 1629 1830 1743 1853 
1487 1510 1419 1487 1913 1414 989 1853 2137 1775 
1897 2102 1866 1639 1726 1701 1625 1893 2141 2020 
1374 1054 1382 1781 1818 1956 1213 1583 1883 1903 
1883 1772 1911 2022 2133 2245 1920 1690 2226 2188 
1884 1586 2162 1873 1724 2001 1608 1467 2124 2199 
1733 1552 1607 1588 1660 1907 1872 1750 1782 1951 
1709 1843 1953 2078 1920 1591 1852 1715 1453 1537 
1937 1706 1676 1891 1588 1457 1690 1589 1256 1677 
1712 1465 1487 2011 2500 1877 1654 1935 1711 1588 
1764 1600 1596 1825 1997 1706 1443 1902 2276 2036 
1727 1938 1859 1714 1984 2053 2227 2338 2376 2267 
1585 1692 1942 1857 1818 1516 1690 1945 2041 2271 
1780 1724 1663 1603 1654 1748 1694 1673 1657 1848 
1963 1765 1671 1940 1793 1754 1312 1622 1651 1630 
1593 1429 1333 1670 1489 1433 1540 1128 1262 1232 
1771 1787 1864 1526 1593 1635 1599 1301 1156 1117 
1657 1614 1679 1796 1797 1349 1382 1616 1486 1644 
1990 2306 2120 1705 1871 1772 1164 1454 1595 1208 
2094 1955 2232 2121 1848 1784 1715 1922 1744 1857 
2430 2110 2637 2274 2280 2196 1672 1585 1719 1678 
2345 2003 2462 2458 1892 1876 2130 1753 1417 1643 
2080 2078 2018 1958 1866 1946 2109 1795 1698 1748 
1679 1732 1786 2287 2166 1555 1889 2049 1549 1440 
1581 1940 1769 1755 2075 1814 1330 1829 2008 1836 
1309 1416 1667 2078 1986 1755 1346 1771 1974 1314 
1395 1709 1929 1941 2154 2032 1922 1492 1639 1785 
1458 1545 2184 1876 1940 1872 1880 1670 1344 1526 
1851 1882 1620 1714 2034 2063 2118 1628 1469 1709 
2063 1787 1705 1989 2080 1644 1800 1705 1559 1365 
1965 1680 1443 1702 1941 1746 1334 1569 1566 1382 
2006 1817 1752 2205 1696 1550 1542 1615 1524 1378 
1900 1691 1865 1696 1582 1982 1424 1534 1624 1464 
2010 1680 1959 2117 1979 1998 2000 1542 1445 1564 
1675 1704 1637 1737 1932 2167 1845 1492 1971 1738 
1688 1460 1471 1986 1832 1819 2169 1956 1834 1939 
1429 1443 1170 1502 1716 1522 2075 1883 1573 1699 
767 761 1202 1140 1426 1661 2220 2369 2051 2141 
1034 835 1348 1296 1136 1770 1761 1605 1491 1733 
1144 806 1271 1551 1471 1593 1770 1895 2256 1866 
1787 1638 1652 1296 1292 1683 1468 1408 1723 1532 
1573 1476 1837 1730 1518 2081 1815 1407 1557 1370 
1773 1953 1913 1881 1622 1674 1689 977 1179 1394 
1634 1752 1954 1966 1663 1698 2098 1680 1622 1513 
1527 1558 1339 2258 2022 1812 1925 1705 1599 1541 
1426 1745 1304 1958 2263 1822 1893 1832 1640 1573 
1336 1664 1414 1442 2213 1928 1609 1848 1763 1755 
1312 1730 1732 1301 1924 2176 1866 2208 1807 1744 
1381 1684 1467 1335 1680 1799 1876 1990 1522 1589 
1466 1490 1432 1331 1694 1547 1888 2178 1990 2086 
1211 906 941 1192 1462 1134 1501 2110 2028 1924 
1503 1263 1217 1415 1389 1396 1496 1852 2004 1805 
1309 1270 1221 833 1153 1674 1351 1537 1957 1976 
1188 1480 1394 1418 1619 1842 1440 1568 1958 1942 
1407 1756 1648 1370 1597 1938 1989 1546 1462 1754 
1716 1793 1509 1449 2017 1554 1694 1679 1631 1450 
1664 1796 1970 1641 1748 1746 2111 1583 1078 1250 
1936 2202 1945 1642 1613 1550 1333 1391 947 1026 
1623 1930 1819 1879 1494 1958 1651 1477 1703 1223 
2326 2220 2016 1773 1286 1377 1544 994 1263 1110 
1520 1210 1759 1814 1218 1449 1632 1381 1320 1233 
1614 1383 1690 1689 1191 1237 1285 1329 1109 1233 
1368 1309 1595 1395 1665 1581 1506 1540 1262 1322 
1375 1080 1346 1815 1800 1370 1440 1800 1709 1481 
1623 1742 1575 1322 1581 1513 1432 1623 1786 1726 
1503 1342 1580 1658 1464 1508 1630 1775 2330 2228 
1887 1807 1573 1594 1308 1528 1291 1365 1808 1868 
1872 1794 1543 1476 1430 1392 1432 1523 1846 2135 
1700 1571 1652 1659 1565 1282 1298 1802 2011 2222 
1767 1904 1703 1669 1712 1630 1656 1690 1874 1849 
1674 1876 1643 1642 1783 1208 1393 1717 1646 1655 
1420 1278 1543 1505 1897 2054 1606 1311 1566 1632 
2114 1875 1834 2123 1590 1149 1218 1309 1270 1224 
1827 1576 1672 1467 1766 1674 1511 1764 1397 1343 
1975 1738 1901 1906 1843 1895 1431 1563 1456 1377 
1811 1831 1665 1840 1967 1777 1697 1573 1908 1767 
1449 1837 1723 1755 1865 1903 1757 1651 1817 1778 
1283 1763 1779 1857 2188 1645 1574 2020 2238 1915 
1041 1483 1477 1789 2152 1756 1924 1771 1884 1969 
1500 1826 1690 1996 2223 1790 1737 1833 1320 1515 
1742 2095 1808 1753 1994 2054 2141 1690 1560 2103 
1299 1786 1834 1474 1555 2111 2069 1910 1928 1772 
1408 1446 2006 1631 1541 2108 2119 1923 1863 1675 
1327 1173 1753 1436 1574 1905 1664 1903 1974 1817 
1200 1299 1315 1771 1607 1538 1669 1885 1905 1907 
1156 1294 1047 1543 1449 1251 1655 2006 1780 1652 
1843 1555 837 1319 1759 1408 1900 1969 1825 2055 
1342 956 1187 1503 1749 1655 1702 1729 1658 1566 
1741 1856 1640 1314 1534 1848 1614 1584 1696 1685 
1192 1433 1991 1635 1474 1917 1909 1546 1356 1088 
1563 1740 1918 1433 1463 1786 1932 1339 995 1189 
1447 1527 2003 1961 1543 1470 1737 1540 845 837 
1710 1624 1887 1938 1611 1809 1797 1474 1213 1105 
1920 1907 2030 2121 1693 1754 1812 1392 1424 1357 
1648 1529 1839 1834 1962 1992 1978 2132 1884 1503 
2015 1831 1811 1630 1800 1756 2194 1968 1781 1765 
1363 1442 1539 1715 2095 1547 1970 2421 1783 1679 
1567 1584 1884 1716 1461 1541 1485 1599 1786 1784 
1576 1712 1481 1537 1462 1381 1305 1583 1983 1712 
1478 1611 1918 1852 1958 2020 1369 1628 2241 2044 
1997 2223 1886 2048 1999 1843 1190 1508 2066 2031 
1613 1746 1932 2236 2126 2224 1769 1533 2163 2413 
1926 1925 2049 1918 1608 2072 2113 1638 2043 2289 
1313 1522 2058 1996 1718 2264 2185 1558 2006 2435 
1706 1715 1779 1621 1523 1456 2028 1870 1754 1838 
1515 1565 1310 1799 1771 1488 1829 1537 1299 1825 
1161 1019 1108 1712 1705 898 1499 2188 1376 1530 
1813 1728 1565 1401 1425 1326 1349 1573 1758 1555 
1410 798 1103 1180 906 1081 1761 1849 1984 2011 
1927 1588 1103 1365 1496 1536 1307 1787 2226 2160 
1400 1542 1404 1249 1161 1558 1551 1452 2328 2334 
1454 1776 1268 1265 1684 1367 1477 1863 1915 2143 
1130 1551 1413 1306 1574 1696 1694 1749 1854 2218 
1734 1798 1669 1778 1700 1565 1995 1908 1368 1794 
1628 1689 1794 1796 1657 1433 1544 1986 1943 2072 
2137 1997 2363 1987 1693 1581 1258 1628 1721 1447 
1917 1502 1705 1559 1399 1341 1148 1411 1633 1538 
2050 1757 1486 1609 1953 1962 1558 1337 1206 1352 
1925 1803 1704 1362 1395 1703 1399 1080 1056 1178 
1392 1339 1149 1235 1168 1672 1979 1489 1178 1081 
1632 1427 1617 1616 1501 1673 1957 1379 1104 1150 
1712 1237 1618 1616 1381 1384 1858 1782 1213 1047 
1800 1466 1528 1955 1105 1579 1805 1401 1626 1485 
1960 1838 1702 1994 1497 1451 2012 1838 1687 1794 
1714 1901 1560 1636 1488 1421 1654 1724 1989 1910 
1762 1879 1762 1807 1863 1733 1917 1967 2063 2319 
1843 1378 1469 1547 1615 1259 1540 1876 1715 1999 
1940 1576 1417 1456 1756 1748 1825 2188 2330 2302 
1436 1371 1312 1402 1393 1638 1570 1686 1676 1644 
1497 1960 1909 1325 1514 2157 1880 1844 1924 1834 
1575 1479 1680 1626 1430 1535 1438 1441 1783 1584 
1594 1226 1377 1639 1684 1719 2043 1819 1546 1473 
2128 1674 1680 1961 1550 1478 1556 1576 1802 1950 
1654 1634 1189 1371 1457 1465 1858 1966 1958 1842 
1599 1814 1858 1932 1962 1617 1684 1683 1468 1648 
1662 1865 1861 1558 2031 1521 1274 1685 2097 2026 
1396 1223 1802 1649 1666 1646 1660 1620 1707 1905 
2238 2025 1837 1765 1595 1582 1556 1812 1839 1860 
1438 1137 1391 1617 1268 1563 1706 1638 2035 2440 
2211 2018 1718 1731 1890 1438 1628 1997 2012 2231 
1734 1837 1854 1618 1508 1718 1745 1850 2425 2315 
1883 2050 1646 1569 1526 1559 1672 1715 2190 2384 
1962 2162 2036 1936 1607 1650 2090 1982 1882 2145 
2007 1907 2072 1733 1393 1475 1656 1588 1346 1899 
1910 1651 2141 2107 1762 1551 1357 1453 1428 1474 
2071 1851 2030 1799 1683 1764 1468 1202 1390 1439 
1932 1699 1654 2019 2133 1731 1122 1588 1547 1373 
1703 1764 1328 1606 1814 1770 1621 1855 1816 1521 
1476 1939 1176 1554 2131 1912 1906 1973 1457 1699 
1639 1917 1751 1431 1919 1987 2233 1926 1577 1615 
1461 1541 1495 1559 1844 1599 1824 1759 1780 1492 
1418 1724 1962 1474 1622 1917 1559 2052 2047 1597 
1136 1080 1447 1831 1454 1284 1661 1800 1930 1765 
1247 1410 1397 1132 1652 1549 1247 1659 2122 2251 
1366 1162 1475 1450 1245 1402 1591 1725 2128 2440 
1620 1675 1173 1424 1465 1385 1669 1701 2066 2258 
1599 1856 1354 1485 1423 1628 1781 1684 1921 2432 
1720 1628 1466 1583 1257 1241 1918 1837 1815 2137 
1761 1691 1320 1111 1206 1494 1795 1864 1842 2105 
1215 1146 1510 1361 1231 1160 1677 1758 1625 1873 
1399 1592 1470 1217 1337 1085 1576 2046 1790 1686 
1100 1253 1465 1575 1183 1125 1346 1553 1787 1930 
1432 1429 1467 1414 1530 1544 1755 2024 2303 2063 
1262 1221 1267 1418 1443 1577 1474 1395 2129 2023 
1639 1770 1353 1209 1555 1785 1695 1815 2049 2304 
1443 1631 1328 1190 1048 1203 1217 1516 1837 1998 
1268 1605 1391 1237 1368 1436 1443 1665 1524 1590 
1250 1602 1782 1534 1359 1171 1238 1231 1140 1499 
1500 1487 1714 1241 1059 1269 1711 1384 1183 1483 
1499 1481 1526 1682 1559 1515 1264 1368 1534 1501 
1847 1903 1533 1429 1109 1136 1599 1509 1949 1854 
1535 1484 1166 1366 1380 1656 1572 1632 1956 1796 
1708 1171 1476 1600 1177 1315 1517 1462 1667 1981 
1728 1420 1681 1512 1322 1520 1706 1862 1931 1875 
1510 1354 1638 1611 1507 1591 1558 1630 1632 1723 
1428 1765 1344 1158 1669 1930 1575 1584 1730 1618 
1327 1432 1746 1659 1601 1944 1716 1131 1383 1479 
1600 1491 1439 1594 1565 1496 1836 1655 1299 1293 
1362 1286 1643 1585 1749 1528 1426 1312 1011 935 
1617 1556 1520 1369 1484 1506 1283 1630 1561 1346 
1473 1909 1582 1547 1814 2036 1443 1329 1697 1433 
1515 1830 1905 1580 1919 1902 1442 1538 2192 1742 
1792 2107 1807 1715 1887 1932 1961 1764 2014 2295 
1736 1917 1645 2031 1631 1687 2046 2200 2287 2410 
1600 1905 1711 1775 1709 2019 2329 1889 1935 2057 
1401 1767 1653 1786 1838 1710 1930 1748 1589 1953 
1865 1925 1829 1528 1954 1829 1608 1609 1284 1300 
2030 1873 1765 1596 1772 1588 1278 1446 1278 1015 
1941 2062 1846 1552 1480 1466 1473 1672 1326 1199 
2109 2233 1972 1774 1472 1353 1363 1321 1502 1128 
1727 1767 1715 1617 1307 1221 1517 1126 1299 1366 
1694 1371 1643 1923 1560 1330 1296 1242 1514 1563 
1825 1400 1565 1994 1476 1230 1279 1251 1156 1351 
1720 1320 1641 1766 1808 1319 1227 1296 925 1109 
1981 1881 1931 1992 1833 1468 1295 1094 785 1165 
2077 2169 1906 1760 1557 1404 1512 1447 1241 1455 
1880 1818 1739 1906 1830 1806 1668 1521 1851 1622 
2320 2568 2156 2265 2244 2016 1702 1783 1863 1664 
1763 2130 1991 1691 1942 1596 1205 1648 2017 1669 
1930 2330 2142 1732 1816 1788 1626 1805 1761 1945 
1574 2058 1835 1492 1815 1667 1224 1749 1538 1671 
1666 1794 1722 1616 1474 1602 1530 1557 2000 2106 
1684 1589 1602 1982 1550 1476 1501 1613 1961 2155 
1642 1730 1764 1900 1750 1796 1245 1307 2176 2121 
1661 1686 1828 2213 1766 1475 1655 1517 1823 1844 
2039 2066 2034 1766 2225 1996 1472 1526 1772 1979 
1649 1748 2070 2127 1949 1696 1808 1995 1645 1645 
1577 1928 1966 1650 1809 1766 1296 1665 1593 1618 
1498 1730 1833 1816 1667 1917 1807 1359 1528 1531 
1667 1806 1501 1233 1666 1592 1632 1541 1670 1677 
1770 1790 1829 1333 1597 1916 1502 1223 1416 1328 
1947 1950 1729 1349 1541 1374 1333 1782 2043 1749 
2232 1986 1964 1618 1543 1777 1617 1850 1651 1569 
2260 1826 1762 1614 1513 1520 1554 1773 1581 1537 
2216 2035 1946 1648 1342 1747 1618 1416 1565 1600 
1901 1984 1801 1435 1270 1566 1711 1229 1446 1281 
2066 2174 1960 1513 1828 1649 1724 1453 1436 1319 
1981 2113 1678 1338 1238 1929 1666 1090 952 1233 
2079 2277 1627 1737 1757 1646 1922 1628 1204 1197 
1721 1732 1748 1548 1453 1616 1672 1644 1686 1705 
1779 1815 2072 1895 1723 1769 1559 2004 2057 1596 
1466 1467 2065 1920 1544 1377 1341 1757 2214 2168 
2056 1918 1943 1845 1723 1526 1544 1779 1943 2152 
1402 1555 1365 1663 1783 1297 1261 1480 1299 1691 
1757 2139 1660 1743 1612 1364 1260 910 1380 1477 
1123 1457 1221 1699 1403 1012 1329 885 938 975 
1240 1367 1601 1883 1880 1630 1663 1277 884 1006 
1293 1319 1570 1708 1572 1772 1713 1267 995 1114 
1124 1109 1623 1811 1921 1859 2058 2039 1527 1763 
1279 1439 1690 1845 1781 1664 1839 2065 1588 1414 
1361 1666 1422 1563 1441 1651 1797 1692 1731 1690 
1208 1299 1210 1700 2183 1642 1479 1673 1458 1372 
1679 1718 1715 1434 1692 1883 1538 1746 1547 1496 
1522 1482 1719 1376 1652 1906 1649 1666 1240 1169 
1527 1537 1656 1543 1626 1617 1731 2012 1615 1602 
1571 1535 1783 1606 1529 1919 1991 1598 1447 1467 
1399 885 1434 1983 1549 1491 1705 1824 1679 1454 
1857 1494 1752 1886 1482 2284 1808 1283 1774 1735 
1925 1609 1599 2018 1462 1772 1883 1609 1725 1461 
2261 2205 1954 1997 1876 2072 1649 1373 1508 1192 
1972 1836 1948 1878 1512 1528 1950 1426 1147 1428 
2083 1846 2019 2053 1797 1603 1675 1681 1533 1362 
1941 1743 1764 2086 1735 1421 1664 1630 1542 1333 
1472 1470 1504 1602 1787 1686 1576 1351 1786 1767 
1766 1977 1619 1565 1884 1454 1466 1805 1640 1918 
1373 1701 1632 1335 1775 1919 1609 1925 2364 2092 
1517 1895 1708 1927 1798 1865 1884 1549 1522 2034 
1208 1473 1720 1797 1361 1607 1899 1764 1636 1860 
1574 1693 1745 1873 1866 1766 1954 1837 1524 1665 
1515 1485 1790 1898 1450 1249 1801 1540 1048 1439 
2076 2030 1955 2141 1999 1429 1829 2103 1442 1173 
1776 1820 1949 2113 1856 1788 1894 1340 1309 1324 
2199 2457 2098 2328 2217 2090 2363 1981 1622 1390 
1379 1683 2063 2093 2308 2394 2176 1937 1970 1487 
1789 1958 1814 1859 2011 1966 2196 2097 2051 1973 
1159 1494 1507 1672 2223 2151 2151 2281 1813 1562 
1771 1825 1817 1812 1817 1556 1836 1595 1247 1615 
1672 1982 1542 1442 1570 1291 1719 1663 1122 1335 
1576 1738 2071 1665 1488 1580 1892 1611 1121 1387 
1789 1807 1856 1838 1556 1469 1629 1690 1705 1572 
1989 2008 1577 1498 1381 1496 1897 1896 1905 1758 
1460 1380 1532 1530 1513 1492 1697 1910 2100 2080 
1660 1806 1535 1688 1467 1407 1752 2117 2263 2229 
1455 1649 1612 1505 1503 1824 1886 1928 2090 1895 
1625 1305 1164 1649 2036 1469 1697 1954 2046 2054 
1646 1389 1583 1281 1911 2240 1687 1769 1885 1828 
1947 1300 1509 1717 1663 1631 1584 1745 1491 1290 
1644 1733 1548 1577 1802 1834 1577 1549 1377 1186 
2012 2158 1897 1493 1615 1684 1741 1423 1036 1129 
1762 1816 1662 1937 1722 1934 2004 1455 1496 1213 
2156 2291 1573 1855 1901 1632 1849 1303 1173 1495 
1495 1379 1628 2006 1938 1634 1680 1810 1804 1437 
2049 2076 1652 1651 1711 1616 1442 1403 1341 1503 
1368 1657 1522 1310 1507 1337 1274 1640 1221 1194 
1685 1972 1766 1360 1725 1900 1467 1329 948 1275 
1284 1720 1674 1429 1266 1484 1309 1425 1110 953 
1675 1947 1890 1457 1377 1645 1824 1261 1210 1259 
1736 2041 2098 1577 1246 1636 1924 1545 1789 1673 
1804 2013 2188 1849 1793 1848 2055 1969 1948 1866 
1768 1989 2239 2154 1975 1884 1649 2077 2155 1902 
1461 1551 2153 2150 1891 1926 2060 1824 1748 1877 
1602 1743 2059 1995 2025 2036 1887 1886 1685 1611 
1147 1244 1601 1779 1461 2010 2159 1559 1550 1549 
981 1183 1414 1565 1506 1908 1749 1367 1240 1220 
709 986 1478 1630 1488 1724 1640 1918 1879 1670 
898 909 1520 2099 1782 1653 1878 1668 1860 1455 
1500 1436 1651 1724 1722 1324 1487 1630 1429 1404 
1293 1263 1627 1759 2177 2166 1464 1405 1583 1234 
1927 2315 2105 1754 2155 1871 1283 1072 1332 1318 
1381 1937 1908 1314 1865 1967 1434 1650 1544 1486 
1517 2039 1878 1660 2001 1643 1540 1908 1568 1610 
1063 1388 1546 1443 1828 1838 1836 2264 2160 2128 
1471 1256 1669 1800 1558 1555 1510 1925 2032 2192 
1127 916 974 1385 1248 1308 1593 1896 2183 2192 
1442 1595 1116 1614 1826 1439 1644 1970 2148 2073 
1451 1645 1109 1214 1889 1375 1380 1610 1674 2047 
1731 1900 1268 1432 1629 1509 1510 1929 2075 1874 
1587 1312 1375 1650 1539 1381 1706 1415 1441 1592 
1734 1455 1475 1284 1464 1576 1637 1902 1909 1794 
1407 1107 1114 1099 1100 1346 1333 1474 1768 1846 
1765 1731 1487 1053 1516 1862 1302 1908 2266 1959 
1296 1303 1319 1210 1469 1780 1358 1333 1760 2000 
1883 2058 1544 1445 1796 1849 1507 1648 1837 1803 
1645 1563 1566 1737 1541 1285 1446 1490 1254 1637 
1790 2002 1517 1711 1814 1470 1624 1860 1651 1295 
1388 1576 1870 1623 1628 1879 1506 1218 1557 1741 
1835 1523 1645 1517 1366 1621 1484 1658 1998 1727 
1191 1229 1286 1153 1325 1860 1619 1556 1877 1935 
1511 1192 1562 1612 1358 1390 1219 1814 2226 2223 
1877 1626 1177 1380 1266 1247 2055 1722 1715 1884 
1607 1426 1401 1733 1641 1502 1680 1712 1627 1929 
1855 2062 1629 1549 1381 1685 1793 1461 1781 2242 
1288 1559 1971 1901 1711 1931 2105 1990 2172 1764 
1543 1418 1525 1441 1749 1793 1476 1676 1898 2068 
1152 1268 1652 1487 1492 2170 2208 2112 2101 2388 
1453 1166 1745 2015 1492 1791 2071 2298 2304 2218 
1726 1813 1809 1917 1652 2273 2277 2143 2632 2496 
1877 1765 1781 2003 1821 1783 2055 2036 2458 2387 
2026 1953 1774 1764 2198 1967 1790 1981 1933 1784 
1863 1942 2038 1730 1962 1916 1830 1728 1183 1795 
1265 1622 2071 1885 1916 1859 1707 1957 1442 1414 
1596 1640 2378 2145 1833 1566 1817 1669 1750 1743 
1633 1303 1846 2186 2197 1876 1690 1967 2023 1733 
1746 1671 1477 1872 1939 1915 1371 1775 2420 2077 
1937 1987 1449 1759 2000 1580 1726 1675 1967 2100 
1632 1652 1365 1473 1565 1687 1844 1830 1646 2070 
1540 1606 1254 1664 1560 1814 2299 2074 1702 2051 
1519 1612 1302 1655 1609 1380 1807 1545 1297 1630 
1549 1779 1580 1357 1817 1562 1296 1983 1950 1525 
1412 1582 1676 1524 1373 1450 1518 1685 1498 1541 
1715 1809 1879 1592 1864 1519 1189 1522 1395 1127 
1699 1519 2090 1783 1278 1547 1593 1188 1152 1470 
2263 1971 2064 2016 1571 1834 1745 1307 1085 939 
1556 1556 1557 1569 1813 1885 1473 1244 1614 1361 
1943 2255 1832 1627 1720 1717 1697 1439 1744 1435 
1247 1543 1319 1517 2037 1853 1784 2023 1977 1610 
1515 1673 1349 1355 1889 1928 2052 1587 1637 1901 
1432 1403 1330 1776 1715 1764 2186 2016 1841 2043 
1686 1739 1465 1595 1750 1935 1784 2169 1943 1733 
1259 1594 1676 1597 1764 1850 1547 1809 1844 1445 
1601 1826 1975 2347 1893 1777 1760 1739 1675 1542 
1352 1801 1741 1831 2152 1832 1550 1496 1436 1254 
1248 1733 1968 1898 2172 2164 2105 1362 1389 1518 
1789 2004 1998 2089 2199 1844 1625 1773 1606 1148 
1368 1517 1515 1696 1898 1854 1645 1372 1323 1644 
1394 1589 1780 1825 1707 1611 1653 1741 1753 1590 
1383 1647 1401 1323 1383 1721 1789 1520 1369 1704 
1453 1568 1460 1219 1366 1749 1643 1641 2005 1824 
956 906 1109 1458 1486 1491 1772 1433 1640 1882 
1302 1493 1624 1355 1459 1558 1482 1823 1519 1274 
1380 1272 1475 1011 1199 1654 1369 1157 1317 1384 
1400 1296 1273 1138 1386 951 1258 1267 933 1002 
1646 1606 1784 1248 1422 1328 1129 1499 1640 1457 
1869 1669 1228 1447 1030 919 1145 1280 1298 1150 
1997 1649 1276 1259 1376 1325 1643 1602 1792 2083 
1850 1175 1196 1650 1702 1258 1326 1826 1531 1485 
2173 1964 1493 1691 1749 1640 1587 1983 2032 2062 
1753 1346 1485 1601 1759 1668 1753 2038 1832 1777 
1763 1651 1502 1902 2013 2082 1488 1732 1757 1463 
1720 2125 1740 1870 2011 1904 1703 1549 1279 1477 
1655 1774 1654 1745 1897 1690 1629 1674 1229 1077 
1693 1997 1779 1740 2502 1993 1696 1628 1104 976 
2213 2171 2273 1936 1905 1782 1837 1696 1553 1406 
2068 1999 1977 1898 2146 1988 1905 2030 1895 1400 
1778 1919 2152 1626 1590 1921 1849 1724 2161 2227 
1575 1871 1923 1790 1540 1804 1897 1759 1887 1651 
1373 1413 1733 1688 1482 1306 1454 1498 1718 1731 
1377 1375 1461 1918 1945 1358 1478 1424 1734 1672 
1286 1408 1467 1413 1742 1258 997 1670 1875 1593 
1568 1458 1506 1836 1832 1820 1586 1545 1628 1660 
1553 1910 1542 1404 1660 1877 1657 1650 1871 1866 
1545 1601 1891 1810 1630 2032 1928 1223 1585 1854 
1486 1604 1918 1939 1767 1843 1979 1869 1668 1839 
984 1345 1557 1717 1668 1929 2014 1957 2038 2147 
1044 1208 1397 1645 1409 1858 2116 2006 2072 2238 
1122 861 1368 1543 1431 1662 1983 2060 1956 2020 
1007 476 1365 1606 1244 1496 1508 1837 2092 2101 
1229 795 1361 1689 1200 1552 1461 1636 1833 1789 
1655 1176 1429 1613 1455 1490 1729 1639 1469 1615 
1312 1185 1146 1552 1450 1597 1553 1500 1433 1386 
1286 1406 1746 1856 1572 1495 1728 1645 1785 1946 
1804 1957 1888 1759 1796 1821 2019 1864 1673 1509 
1418 1244 1844 1840 1867 1989 2085 1793 1959 2066 
2015 1690 1953 2098 2055 2156 2122 1881 2181 2252 
1851 1564 1814 2464 2024 2136 2170 2071 1992 2023 
2006 1575 1592 2088 1823 1885 2039 1822 2037 1818 
1646 1605 1766 2013 1649 1842 1970 1645 1699 1949 
1695 1762 1794 1607 1173 1464 1765 1962 1852 1949 
1984 1757 1610 1409 1378 1539 1670 1629 1776 1622 
2067 1337 1398 1581 1124 1316 1380 1553 1526 1892 
1918 1535 1409 1622 1713 1538 1570 1774 1865 1903 
1859 1707 1977 1665 1364 1476 1896 1681 1430 1657 
1602 1437 1808 1638 1673 1951 1804 2088 2020 1872 
1729 1858 1749 1842 1653 1794 1790 1301 1859 2010 
1756 1835 1693 1867 1902 1911 1853 1712 1927 1665 
2069 1853 1860 1502 1461 1707 1302 1247 1755 1696 
1910 1638 1816 1737 1376 1416 1676 1429 1458 1531 
1933 2052 1715 1429 962 1592 1925 1151 1106 1143 
1778 1640 1820 1698 1146 1184 1867 1380 1055 1471 
1598 1643 1544 1467 1336 1140 1098 1540 1606 1372 
1173 1535 1683 1439 1439 1573 1593 1659 1654 1452 
1089 1040 1437 1609 2040 1857 1558 1647 1485 1669 
1765 1597 1438 1524 1673 2025 1686 1440 1584 1676 
1606 1313 1227 1851 1495 1960 2311 1654 1675 1685 
1493 1365 1203 1736 1556 1403 1429 1497 2014 1644 
1868 1866 1715 1358 1156 1597 1972 1631 1799 1816 
1572 1192 1543 1552 1460 1415 1521 1399 1689 1844 
1964 1766 1847 1507 1437 1453 1647 1607 1348 1843 
1791 1818 1582 1690 1598 1691 1758 1643 1710 1909 
2126 2165 1864 1599 1825 1936 1731 1938 1935 1948 
1765 1443 1795 1905 1519 1803 2092 1766 1693 1924 
1601 1356 1631 1793 1807 1653 1610 1952 1939 1735 
2004 1577 1735 1636 1461 1586 1954 1567 1346 1729 
1654 1685 1355 1484 1607 1864 1942 1711 1193 1370 
1695 1938 1668 1496 1442 1496 1445 1388 1358 1077 
1729 1913 1842 2110 1718 1495 1674 1586 1401 1257 
1433 1554 1718 1762 1726 1270 1058 1687 1281 874 
1313 1426 1746 1838 2229 1709 1235 1315 1223 995 
1154 1228 1588 1701 1545 1698 1712 1136 788 1142 
1608 1449 1800 1814 1704 1827 2234 1485 893 970 
1437 1179 1605 1999 1471 1855 2289 1447 1265 1362 
1875 1953 1684 1986 1774 1977 2068 1975 1811 1446 
1302 1319 1552 1659 2001 2041 1845 1748 1834 1648 
1754 1711 1563 1618 1782 1951 1940 2006 1812 1461 
1708 1853 1339 1353 1980 1903 1378 1242 1320 1417 
1840 1997 1648 1386 1461 1686 1612 1799 1265 1123 
1687 2147 1486 1449 1921 1974 1556 1388 1313 953 
2020 2162 2062 1435 1593 1793 1648 1469 1314 1150 
1951 1703 1887 1650 1512 1661 1543 1516 1355 971 
1668 1656 1510 1316 1175 1324 1880 1533 1133 1193 
1680 1722 1646 1204 1545 1678 1462 1406 851 726 
1708 1638 1633 1250 1291 1268 1482 1162 896 1039 
1488 1597 1546 1496 1296 1400 1343 1363 1043 780 
1851 1745 1952 1669 1633 1421 1400 1632 1484 1118 
1866 1624 1717 1757 1853 1673 1418 1350 1663 1485 
1506 1819 1790 1787 1938 1946 1223 1629 2180 1774 
1941 2193 2186 1534 1579 2048 1704 1455 2008 2043 
1508 1632 2015 1839 1449 1922 1999 1861 1800 2110 
1617 1499 1699 1926 1620 1153 1659 1909 1834 1933 
1819 1712 1709 2042 1771 1284 1446 1509 1388 1704 
1490 1260 1464 1757 1746 1224 1183 1629 1785 1647 
1592 1663 2071 1623 1341 1802 1251 1173 1871 1877 
1787 1750 2054 1754 1384 1442 1409 1706 1846 1923 
1869 1885 1951 1751 1730 1723 1366 1511 2034 2158 
1898 1745 1651 1888 1729 1561 1485 1515 1910 2051 
1933 1759 1878 1872 1727 2003 1821 1428 1672 1935 
2010 1619 2029 2089 1528 1774 1808 1285 1625 1548 
1618 1507 1765 2008 1729 1848 1757 1465 1735 1661 
1990 1899 1814 2019 1624 1616 1691 1686 1363 1143 
1631 1787 1488 1781 2055 1993 1614 1357 1730 1562 
1867 2125 1830 1662 1896 1731 1705 1673 1425 1520 
2152 2085 1784 1556 1563 2160 1780 1485 1792 1693 
2128 1572 1802 1728 1313 1886 1980 1499 1846 1861 
2515 1973 2147 1855 1467 1664 1836 1583 1994 2050 
2025 1839 1996 1820 1407 1603 1609 1724 2242 2041 
2231 2195 2101 2050 1794 1858 1899 1822 1979 2236 
2041 2068 2101 1979 1858 1610 1691 1503 1491 1819 
1834 1710 1798 1970 1729 1481 1992 1899 1434 1960 
1817 1635 1972 1770 1514 1779 1780 1549 1299 1370 
1731 1456 1623 2013 1837 1799 1725 1217 1653 1611 
1718 1927 1921 1936 1543 1702 1778 1534 1648 1370 
1618 1773 1887 1775 2240 2084 1572 1687 1511 1338 
1663 1983 2049 2071 1972 1823 1589 1638 1416 1347 
1524 1684 1795 1853 1882 1545 1415 1638 1457 1497 
1278 1408 1634 1904 1891 1573 1340 1614 1388 921 
1107 1082 1581 1827 1706 1606 1435 1047 1174 1349 
1413 1291 1424 1653 2005 1399 1172 1700 1405 1103 
1311 1135 1345 1422 1483 1549 1289 960 1118 904 
1358 1592 1099 1661 1899 1543 1590 1553 1461 1309 
1249 1221 1250 1177 1327 1692 1649 919 1085 1050 
1758 1165 1166 1821 1698 1646 2087 1553 1555 1554 
1522 1278 1274 1422 1729 1730 1961 1829 1629 1675 
1702 1940 1844 1615 1496 1693 2145 2115 1874 1897 
1486 1923 1794 1568 1607 1470 1868 2223 2223 2418 
2034 2159 2270 1731 1362 2005 1787 2040 2003 2201 
1929 1814 1662 1745 1284 1616 1649 1528 2313 2478 
2313 2225 1813 1904 1668 1490 1668 1808 2013 1965 
1946 1991 1731 1708 1959 1795 1720 1586 1901 1997 
1924 2148 1713 1638 1675 1099 1709 1548 1544 1498 
1756 2081 1795 1598 1891 1747 1934 1842 1704 1993 
1796 1897 1912 1509 1271 1442 1578 1885 1790 1614 
1754 1712 1660 1724 1622 1520 1446 1756 1577 1789 
1544 1285 1789 1709 1487 1743 1240 1274 1630 1352 
1865 1437 1561 1675 1836 1498 1486 1249 1026 1106 
1819 1462 1750 1435 1742 2205 1825 1082 1275 1130 
1748 1717 1570 1763 1805 1723 2024 1711 1104 947 
1590 2133 2035 1653 2044 2084 2205 2019 1358 1354 
1560 1431 1859 1740 1715 1771 1578 1958 1733 1480 
1378 1112 1342 1534 1625 1900 1785 1655 1576 1609 
1261 1059 1236 1357 1496 1491 1714 1669 1917 1767 
1178 1130 1164 1358 1258 1644 1820 1237 1443 1708 
1515 1591 1373 1505 1233 1020 2107 1839 1302 1606 
1520 1342 1466 1638 1536 1089 1418 1803 1637 1515 
1581 1431 1620 2098 1661 1373 1573 1678 1283 1393 
1270 1198 1292 1793 1728 1175 1282 1631 1283 1090 
1616 1329 1320 1793 2145 1782 1466 1230 1047 1017 
1371 1287 985 1190 1752 1387 1131 1195 953 906 
1472 1669 1411 1124 1806 1705 1209 1229 1128 884 
1234 1430 1391 1028 1172 1521 1272 1271 1381 1357 
1845 1881 1487 1333 1475 1600 1550 1241 1365 1443 
1852 1671 1330 1409 1300 1230 1411 1599 1714 1811 
1658 1459 1523 1994 1627 1223 1752 1944 1253 1517 
1536 1786 1794 1547 1756 1424 1074 1680 1682 1275 
1646 1802 1884 1761 1633 1575 1463 1348 1107 1301 
1210 1357 1502 1841 1936 1626 1130 1630 1520 1177 
1358 1722 1606 1500 1660 1776 1605 1308 1513 1578 
1044 1204 1482 1651 1526 1764 2017 1549 1450 1787 
1331 1722 1339 1329 1562 1653 1758 1555 1293 1468 
1266 1552 1524 1498 1603 1693 2058 1747 1462 1532 
2007 1932 1492 1827 1865 1304 1453 1746 1172 1103 
1499 1541 1556 1742 1948 1582 1724 1733 1438 1250 
1948 1904 1986 1713 1759 1509 1496 1759 1126 785 
1424 1352 1560 1828 2005 1838 1550 1573 1348 1075 
1997 1766 1810 2246 2016 1635 1823 1809 1339 1229 
2038 1584 1528 1903 2168 1801 1666 1794 1462 962 
2090 2125 1706 1976 2079 2214 2190 1618 1474 1572 
1855 1941 1771 1949 1800 1600 1635 1542 1411 1026 
1946 2021 1815 1267 1572 2218 1930 1407 1515 1784 
1605 1504 1479 1482 1418 1500 1648 1672 1553 1440 
1602 1792 1416 1524 1615 1501 1558 1966 1912 1825 
1328 1366 1688 1614 1604 1303 1468 2019 1891 1618 
1981 1905 1567 1399 1594 1786 1613 1688 1758 1640 
1635 1464 1436 1559 1984 1891 1230 1286 1553 1519 
1959 1610 1637 1261 1380 1824 1580 1352 1356 1207 
1687 1557 1102 1847 1815 1421 1806 1619 1391 1476 
1886 1734 1553 1327 1552 1563 1690 1572 1541 1677 
1853 2002 1496 1722 1898 1845 1888 1957 1795 1822 
1797 2179 1816 1396 1377 1789 1706 1290 1527 1462 
1834 1554 1717 1727 1457 1421 1810 1709 1347 1582 
1995 1529 1769 1927 1742 1274 1306 1486 1161 1077 
1911 1592 1687 1994 1465 1338 1271 1667 1661 1550 
1390 1311 1261 1846 1728 1394 1558 1776 1712 1410 
1446 1988 1668 1618 2157 2201 1739 1658 1812 1822 
1273 1393 1366 1543 1902 1607 1607 1930 1860 1784 
1539 1386 1349 1430 1864 2345 2015 1840 2025 2195 
1490 1305 1557 1840 1799 1908 2063 2184 1941 1933 
1614 1626 1786 1985 1849 1860 2036 2026 2335 2124 
1786 1896 1829 1736 1821 1500 1804 2077 1856 1986 
1429 1502 1802 2338 2447 1809 1898 2344 1793 1518 
1931 2183 2071 1848 2109 1895 1506 1656 1598 1501 
1635 1836 1864 1755 2366 2231 1691 1649 1596 1323 
1928 2413 1991 1524 2009 2123 1590 1454 1854 1623 
1567 2166 1874 1442 1901 2005 1657 1644 1883 1889 
1747 2067 1900 1391 1392 1452 1531 1531 1849 1938 
1710 1611 1849 1505 1333 1586 1924 1840 1891 2148 
2174 1508 1745 1614 1253 1375 1522 1579 1594 1742 
2141 1558 1624 2050 1704 1456 1505 1761 2015 1946 
1863 1654 1766 1496 1585 1807 1645 1881 1922 1627 
2300 2306 1930 2310 2058 1922 1986 1661 1544 1612 
1889 1921 1660 1710 2110 1674 1879 1757 1751 1811 
2124 2055 1927 1629 2148 2214 1543 1774 1861 1852 
1646 1542 1606 1725 1813 1878 1644 1914 2323 1792 
1948 1860 1925 1264 1345 1933 1313 1376 1482 1396 
1746 1487 1826 1908 1325 1662 1489 1243 1526 1632 
1710 1677 1565 1665 1452 1559 1862 1244 1179 1374 
1835 1824 1701 1597 1835 1972 1741 1608 1610 1492 
1761 1601 1398 1850 1925 1480 1980 1814 1479 1819 
1055 1198 1226 1316 1718 1689 1736 1943 1833 1743 
1164 865 1433 1403 1012 1337 1935 1661 1481 1551 
1103 967 1035 980 921 1626 1684 1367 1679 1868 
936 992 1070 1013 813 1224 1389 1172 1607 1467 
1201 1233 1175 1226 1068 1144 1270 1619 1590 1475 
1455 1585 1601 1537 1415 1424 1484 1671 1796 1999 
1028 1278 1501 1482 1274 1508 1631 1853 1960 2145 
1481 1838 1920 1830 1706 1956 2125 1788 1556 1915 
1690 1597 1870 1677 1441 1370 1788 1700 1939 2167 
1571 1307 1685 2048 1316 1397 1897 1580 1361 1547 
1886 1644 1893 1981 1270 1255 1264 1322 1370 1321 
1443 1019 1476 1858 1306 1174 1349 1066 1295 1205 
1807 1740 1760 1828 1899 1222 1507 1525 1007 1139 
1725 1840 1760 1817 1630 1437 1506 1418 1041 942 
1490 1725 1618 1827 1969 1388 1464 1382 1248 1357 
1692 1856 2136 1718 1715 1640 1402 1578 1466 1152 
1515 1454 1758 1889 1956 1768 1687 1800 1710 1571 
1423 1529 1712 1572 1854 1925 1576 1346 1404 1685 
1728 1862 1849 1984 1630 1899 1851 1735 1633 1419 
1182 1460 1563 1889 1629 1777 2000 1472 1434 1566 
1577 1766 2044 1692 1193 1576 1638 1386 1380 1339 
1398 1266 1371 1706 1182 1028 1594 1496 1300 1299 
1254 1370 1812 1327 1187 1369 1456 1340 1412 1591 
1681 1590 2031 1558 1044 1444 1403 1502 1746 1932 
1643 1483 1428 1616 1437 1437 1668 1798 1623 1859 
1937 2061 1396 1127 1995 1733 1175 1871 2095 1888 
1764 2029 1464 1377 1853 1685 1385 1858 2260 2217 
1513 1893 1599 1055 1421 1546 1388 1840 1944 1778 
1397 1667 1825 1665 1254 1434 1671 1685 2060 2075 
1472 1832 1875 1487 1262 1735 2247 1692 1668 2111 
1217 1539 1636 1808 1886 1525 1889 1907 1629 1768 
1815 1805 1910 1972 1933 1590 1751 1685 1461 1338 
1969 1684 1734 2127 2222 1822 1515 1830 1460 1145 
2089 1953 2204 2184 1687 1760 1742 1315 918 859 
2156 2358 1860 1888 1863 1612 1463 1270 1310 1276 
2325 2478 2183 1675 1929 1881 1721 1692 1283 1139 
2222 1868 1483 1645 1639 1117 1167 1436 1708 1886 
2233 2241 1709 1511 1849 1588 1207 1855 2100 1739 
2102 1844 1750 1075 948 1492 1067 1282 1918 1920 
1504 1537 1632 1344 1299 1839 1359 1035 1780 1898 
1946 1873 2069 1435 1080 1343 1590 1579 2068 2215 
1949 1606 1836 1919 1961 1977 2070 1989 1805 1962 
1610 1336 1670 1990 1901 1986 2205 2157 1766 1839 
2037 2155 1919 2289 2408 2449 2202 1886 1546 1815 
1741 1826 1715 1842 1701 2025 2311 2019 1851 1667 
1477 1510 1671 1936 2214 1990 1920 1910 1569 1405 
1862 1950 2091 2098 1720 1470 1437 1565 1584 1359 
1757 1681 1886 1957 1760 1507 1251 1598 1891 1845 
1855 1675 2131 2209 2014 1828 1549 1565 1565 1524 
1642 1735 1895 2191 1865 1653 1541 1413 1598 1471 
1699 2120 1902 2010 2014 1633 1745 1411 1057 1340 
923 1212 1531 1756 1920 1446 1838 1808 1320 1440 
1547 1835 1487 1766 2150 1786 1718 1805 1526 1618 
1411 1284 1601 1443 1434 1603 1738 1829 1938 1637 
1600 1590 1388 1529 1717 1727 1941 1847 2049 2286 
1341 1653 1627 1293 1131 1512 1489 1642 2075 2043 
1781 1536 1692 1562 1410 1318 1369 1597 1708 1991 
1616 1586 1740 1325 1281 1402 1387 1521 1551 1611 
2267 2294 2079 1567 1295 1498 1363 1361 1276 1629 
1876 1787 1804 1821 1389 1488 1497 1429 1040 1293 
2015 1741 2138 2271 1196 1681 1705 1284 1629 1234 
1749 1485 1407 1858 1223 1205 1934 1152 1035 1232 
1703 1585 1766 1709 1345 1575 1577 1285 957 811 
1653 1714 1681 1258 1392 1302 1184 1037 880 857 
1370 1721 1866 1273 1341 1251 1092 1298 987 707 
1622 1490 1820 1569 1436 1389 1116 1240 1446 1081 
1702 1566 1285 1882 1967 1302 1110 1316 1247 1024 
1716 1730 1536 1984 1801 1668 1596 1287 1718 1685 
2056 1967 1742 1716 1723 1518 1576 1771 1581 1605 
1497 1575 1566 1476 1809 2145 1788 1780 1876 1864 
1607 1540 2078 1713 1585 1925 1976 1668 1398 1570 
1842 1663 1899 1766 2025 2173 1547 1766 2039 1837 
1344 1272 1521 1651 1399 1851 1848 1379 1805 1745 
1716 1589 1621 1886 1568 1843 1573 1345 1635 1459 
1762 1742 1476 1677 1197 1348 1620 1173 1148 1504 
1419 1266 1386 1552 1130 885 1589 1733 1361 1722 
1400 1200 1504 1586 1292 1158 1466 1574 1377 1585 
1523 1603 1347 1483 1440 970 1413 2088 2158 1950 
1323 1128 1504 1447 1677 1438 1236 1758 2161 2084 
1637 1371 1435 1514 1544 1651 1559 2031 2178 2191 
1733 1603 1645 1534 1997 2114 1753 1840 2004 2318 
1520 1062 1466 1314 1491 1772 1364 1914 2283 2086 
1723 1627 1609 1538 1849 2000 1797 1652 1981 2028 
1769 1704 1562 1688 1512 1686 1762 1638 1876 1589 
1897 1785 1422 1909 1635 1562 1830 1112 1336 1627 
1732 2192 1613 1842 1758 1458 1748 1291 1184 1244 
1943 2380 1845 1915 1706 1159 1115 1420 1343 1223 
1346 1794 1555 1068 1613 1679 1284 1377 1575 1761 
1858 1891 2265 1871 1576 1377 1302 1732 1813 1764 
1742 1719 2000 2034 1863 1797 1473 1813 2087 2369 
2207 2147 2237 2364 1995 1383 1639 2015 1997 2139 
1827 1858 1575 1836 2082 1826 1709 1998 2163 2307 
1626 1776 1805 2001 1986 1958 1915 1386 1835 1990 
1327 1465 1501 1557 1655 1571 2016 1999 2160 2127 
1306 1000 1379 1611 1561 1674 1635 1860 1967 2016 
1339 1140 1028 1297 1645 1702 1619 1987 2110 2238 
1617 1623 1164 1625 1437 1326 1557 1948 1770 2038 
1355 1327 853 1412 1339 1053 1148 1499 1849 2032 
1331 1714 1418 1281 1293 1270 1454 1572 1563 1953 
1476 1625 1754 1747 1769 1161 1073 1559 1446 1380 
1789 1846 1753 987 1643 1896 1277 1406 1786 1977 
1870 1703 2004 1748 1616 2143 1753 1753 1696 1413 
2168 1968 2038 1924 1708 1841 1862 1531 1736 1667 
2043 2027 2269 1614 1639 2251 1731 1482 1880 1537 
1734 1643 2079 1875 1432 1671 1854 1413 1202 1323 
1959 2081 2121 1750 1731 1824 1488 1241 1416 1376 
1630 1633 1622 1874 1523 1453 1877 1499 1111 1399 
1953 1997 1735 1756 1883 1409 1360 1693 1568 1492 
1612 1459 1704 1635 1501 1244 1592 1533 1443 1466 
1672 1932 1621 1290 1682 1514 1583 1758 1335 1354 
1468 1625 1717 1218 1394 1871 1693 1252 1502 1543 
1656 1506 1361 1483 1645 1365 1881 1911 1101 1225 
1471 1308 1385 1203 1461 1673 1596 1920 1802 1703 
1638 1620 1515 1574 1568 1834 1621 1888 2234 1791 
1355 1729 1545 1401 1200 1525 1813 2008 2411 2256 
969 1208 1470 1493 1492 2049 1837 1791 2645 2576 
1666 1418 1653 1925 1243 1476 1782 1928 2144 2444 
1659 1236 1211 1682 1961 1935 1941 1990 1914 2222 
1837 1499 1450 1775 1725 1774 1859 1656 1658 1790 
2015 1818 1618 1714 2041 1752 1875 1797 1333 1655 
1938 1588 1672 1580 1746 1936 1784 2003 1741 1488 
2119 1496 1474 1520 1497 1957 2007 1526 1457 1402 
1894 1390 978 1528 1712 1661 1765 1837 1665 1502 
1678 1661 1236 1161 1509 1852 1828 1560 1533 1300 
1303 1315 1147 914 1123 1302 1851 1796 1201 1333 
1545 1322 1456 1166 1339 1610 1529 1986 1520 1278 
1623 1381 1566 1329 1311 1624 1358 1643 1645 1348 
1445 1421 1549 1653 1478 1318 1586 1779 1629 1445 
1754 1974 1488 1459 2069 1850 1434 1540 1564 1614 
1611 1787 1418 1522 1724 1588 1898 1648 1429 1472 
1365 1337 1302 1686 1958 1584 1536 1589 1552 1309 
1666 1459 1619 1798 1388 1445 1499 1289 1550 1312 
1738 1570 1582 1568 1720 1809 1874 1688 1620 1533 
1878 1659 1549 1366 1586 1640 1423 1594 1626 1730 
2054 2162 1690 1513 1893 1822 1815 2223 1983 2024 
1916 1917 1783 1727 1485 1114 1209 1788 1887 1836 
1903 1769 1756 1662 1502 1380 1931 1751 1873 2303 
1974 1868 1607 1578 1750 1474 1631 1749 1992 2041 
1790 1589 1404 1365 1415 1599 1761 1413 1469 1852 
1652 1339 1491 1433 1413 1274 1587 1836 1977 1964 
1672 1385 1611 1541 1373 1589 1738 1963 2113 2147 
1983 1785 1529 1674 1466 1643 1478 1759 1982 1737 
1850 1714 1512 1731 1445 1807 1597 1402 1981 1854 
1874 1891 1727 1919 1608 1477 2023 1566 1296 1581 
1387 1360 1928 1538 1484 1583 1910 1616 1288 1548 
1543 1425 1847 1746 1126 1643 1858 1906 1522 1684 
1171 1211 1522 1916 1147 1555 1851 1512 1396 1328 
1658 1583 1312 1744 1408 1059 1864 1819 1651 1913 
1430 1315 1226 1877 2061 1593 1633 1754 1462 1582 
1766 1805 1746 2055 2104 1558 1616 1948 1892 1829 
1858 2081 1809 1691 2096 1843 1678 1856 2296 2014 
1623 1533 1881 2017 1710 1791 2048 1685 1666 2052 
2085 2225 1767 1781 1988 1777 1601 1715 1820 1751 
1278 1500 1247 1130 1276 1692 1517 1241 1522 1853 
1907 1883 1693 1425 1532 1884 1551 1407 1634 1582 
1501 1517 1361 1399 1021 1120 1410 1464 1522 1150 
1635 1454 1763 1894 1489 1569 1835 1300 1076 1380 
1963 1891 1848 2026 1624 1138 1566 1694 974 1050 
1704 1774 1626 1693 1942 1499 1581 1722 1339 1435 
1787 1861 1775 1614 1976 1755 1664 2015 1806 1615 
1847 2067 1623 1608 2018 1868 1816 2185 2226 2059 
1689 1913 1788 1453 1886 2034 1642 1747 2549 2278 
1615 1523 2025 1622 1720 2306 2191 1946 2298 2224 
1331 1298 1455 1434 1491 1824 1659 1822 1838 2051 
1713 1461 1552 1483 1507 1830 1896 1655 1911 1868 
1331 1004 1038 1677 1279 1217 2142 1875 1219 1341 
1330 1168 1104 1576 1700 1424 1901 1754 1427 1676 
1526 1406 1787 1656 1378 1645 1580 1722 1606 1513 
1659 1461 1647 1841 1417 1561 1888 1941 2078 1926 
2083 2037 1937 1688 1942 1882 1292 1647 2396 1974 
2058 1420 1659 1747 1437 1591 1589 1485 1767 2150 
2379 2170 1743 1926 1818 2073 1817 1707 1626 1662 
1649 1815 1543 1625 1735 1732 1958 1644 1401 1896 
2011 2255 1906 1423 1626 1673 1926 1894 1348 1367 
1257 1465 1464 1512 1646 1822 1771 2005 1868 1285 
1330 1312 1829 1868 1761 1547 1540 1825 2049 1777 
1801 1571 1800 1579 1627 1657 1477 1755 2053 1649 
1555 1310 1504 1643 1517 1779 1892 1782 2252 2078 
1486 1412 1599 1355 1249 1636 1724 1262 1553 2119 
1591 1861 1668 1482 1328 1601 1657 1786 2280 2474 
1760 2045 1478 1064 1343 1466 1196 1172 1912 1917 
2116 2173 1737 1231 1488 1421 1091 1223 1687 1653 
2068 2144 1697 1468 1350 1178 1149 1057 1267 1690 
2019 2026 1895 2036 1455 841 1351 1616 1106 1218 
1593 1565 1595 1763 1592 968 815 1440 1343 1585 
1326 1278 1896 1695 1003 1317 1345 1528 1321 1478 
1287 1132 1375 1607 1523 1598 1568 1297 1449 1672 
1354 1486 1501 1331 1704 1740 1535 1258 1168 1414 
1402 1484 1156 1675 1867 1542 1668 1495 1778 1423 
1361 1698 1458 1641 1802 1749 2182 1696 1352 1255 
1603 1469 1616 1483 1977 1607 1597 2161 1623 1571 
1400 1238 1513 1757 1667 1790 1914 2246 1679 1532 
1699 1703 1630 1616 2110 1695 1480 2154 2026 1901 
1394 1506 1256 1519 1368 1685 1976 1605 1949 1955 
1369 1559 1085 1410 1663 1449 1939 1934 1823 1950 
1550 1200 1318 1224 1371 1584 1613 1688 1866 1877 
1774 1320 1206 1300 1066 1506 1656 1628 1703 1770 
1825 1580 1294 1461 1521 1445 1412 1634 1815 1338 
1851 1602 1615 1148 1184 1723 1668 1471 1414 1459 
1960 1577 1572 1465 1374 1854 1625 1600 1870 1659 
1576 1808 1555 1454 1494 1503 1785 1535 1634 1540 
1576 1631 1896 1377 1347 1573 1817 1766 1925 1756 
1461 1442 1679 1551 1662 1750 1684 1527 1560 1852 
1373 1483 1787 2017 1637 1569 1601 1631 1861 1932 
1600 1782 1821 1693 1630 2000 2320 1666 1677 2057 
1815 1864 1791 1880 1966 1922 2219 1716 1540 1844 
1540 1447 1896 2160 1539 1724 2282 1850 1225 1438 
1627 1624 1732 1901 2161 1887 2024 1979 1379 1368 
1495 1489 1834 1897 1945 1956 1896 2145 1350 1054 
1482 1336 1316 1323 1519 1791 1521 1830 1931 1502 
1344 1372 1330 1319 1819 1839 1751 1825 1925 1623 
1380 1214 1502 1139 1395 1571 1334 1525 1986 1709 
1446 1214 1561 932 1441 1843 1431 1277 1722 1791 
